idpozo,fecha_data,split
8380,2021-09-30,train
8380,2021-10-31,train
8380,2021-11-30,train
8380,2021-12-31,train
8380,2022-01-31,train
8380,2022-02-28,train
8380,2022-03-31,train
8380,2022-04-30,train
8380,2022-05-31,train
8380,2022-06-30,train
8380,2022-07-31,train
8380,2022-08-31,train
8380,2022-09-30,train
8380,2022-10-31,train
8380,2022-11-30,train
8380,2022-12-31,train
8380,2023-01-31,train
8380,2023-02-28,train
8380,2023-03-31,train
8380,2023-04-30,train
8380,2023-05-31,train
8380,2023-06-30,train
8380,2023-07-31,train
8380,2023-08-31,train
8380,2023-09-30,train
8380,2023-10-31,train
8380,2023-11-30,train
8380,2023-12-31,train
8380,2024-01-31,train
8380,2024-02-29,train
8380,2024-03-31,train
8380,2024-04-30,train
8380,2024-05-31,train
8380,2024-06-30,train
8380,2024-07-31,train
8380,2024-08-31,train
8385,2024-07-31,train
8385,2024-08-31,train
8386,2021-09-30,train
8386,2021-10-31,train
8386,2021-11-30,train
8386,2021-12-31,train
8386,2022-01-31,train
8386,2022-02-28,train
8386,2022-03-31,train
8386,2022-04-30,train
8386,2022-05-31,train
8386,2022-06-30,train
8386,2022-07-31,train
8386,2022-08-31,train
8386,2022-09-30,train
8386,2022-10-31,train
8386,2022-11-30,train
8386,2022-12-31,train
8386,2023-01-31,train
8386,2023-02-28,train
8386,2023-03-31,train
8386,2023-04-30,train
8387,2021-09-30,train
8387,2021-10-31,train
8387,2021-11-30,train
8387,2021-12-31,train
8387,2022-01-31,train
8387,2022-02-28,train
8387,2022-03-31,train
8387,2022-04-30,train
8387,2022-05-31,train
8387,2022-06-30,train
8387,2022-07-31,train
8387,2022-08-31,train
8387,2022-09-30,train
8387,2022-10-31,train
8387,2022-11-30,train
8387,2022-12-31,train
8387,2023-01-31,train
8387,2023-02-28,train
8387,2023-03-31,train
8387,2023-04-30,train
8387,2023-05-31,train
8387,2023-06-30,train
8387,2023-07-31,train
8387,2023-08-31,train
8387,2023-09-30,train
8387,2023-10-31,train
8387,2023-11-30,train
8387,2023-12-31,train
8387,2024-01-31,train
8387,2024-02-29,train
8387,2024-03-31,train
8388,2022-05-31,train
8388,2022-06-30,train
8388,2022-07-31,train
8388,2022-08-31,train
8388,2022-09-30,train
8388,2022-10-31,train
8388,2022-11-30,train
8388,2022-12-31,train
8388,2023-01-31,train
8388,2023-02-28,train
8388,2023-03-31,train
8388,2023-04-30,train
8388,2023-05-31,train
8388,2023-06-30,train
8388,2023-07-31,train
8388,2023-08-31,train
8388,2023-09-30,train
8388,2023-10-31,train
8388,2023-11-30,train
8388,2023-12-31,train
8392,2022-05-31,train
8392,2022-06-30,train
8392,2022-07-31,train
8392,2022-08-31,train
8392,2022-09-30,train
8392,2022-10-31,train
8392,2022-11-30,train
8392,2022-12-31,train
8392,2023-01-31,train
8392,2023-02-28,train
8392,2023-03-31,train
8392,2023-04-30,train
8392,2023-05-31,train
8392,2023-06-30,train
8392,2023-07-31,train
8392,2023-08-31,train
8392,2023-09-30,train
8392,2023-10-31,train
8392,2023-11-30,train
8392,2023-12-31,train
8392,2024-01-31,train
8392,2024-02-29,train
8392,2024-03-31,train
8392,2024-04-30,train
8392,2024-05-31,train
8392,2024-06-30,train
8392,2024-07-31,train
8392,2024-08-31,train
8397,2022-10-31,train
8397,2022-11-30,train
8397,2022-12-31,train
8397,2023-01-31,train
8397,2023-02-28,train
8397,2023-03-31,train
8397,2023-04-30,train
8397,2023-05-31,train
8397,2023-06-30,train
8397,2023-07-31,train
8397,2023-08-31,train
8397,2023-09-30,train
8397,2023-10-31,train
8397,2023-11-30,train
8397,2023-12-31,train
8397,2024-01-31,train
8397,2024-02-29,train
8397,2024-03-31,train
8397,2024-04-30,train
8397,2024-05-31,train
8397,2024-06-30,train
8397,2024-07-31,train
8397,2024-08-31,train
8398,2021-09-30,train
8398,2021-10-31,train
8398,2021-11-30,train
8398,2021-12-31,train
8398,2022-01-31,train
8398,2022-02-28,train
8398,2022-03-31,train
8398,2022-04-30,train
8398,2022-05-31,train
8398,2022-06-30,train
8398,2022-07-31,train
8398,2022-08-31,train
8398,2022-09-30,train
8398,2022-10-31,train
8398,2022-11-30,train
8398,2022-12-31,train
8406,2021-09-30,train
8406,2021-10-31,train
8406,2021-11-30,train
8406,2021-12-31,train
8406,2022-01-31,train
8406,2022-02-28,train
8406,2022-03-31,train
8406,2022-04-30,train
8406,2022-05-31,train
8406,2022-06-30,train
8406,2022-07-31,train
8406,2022-08-31,train
8406,2022-09-30,train
8406,2022-10-31,train
8406,2022-11-30,train
8406,2022-12-31,train
8406,2023-01-31,train
8406,2023-02-28,train
8406,2023-03-31,train
8406,2023-04-30,train
8406,2023-05-31,train
8407,2022-06-30,train
8407,2022-07-31,train
8407,2022-08-31,train
8407,2022-09-30,train
8407,2022-10-31,train
8407,2022-11-30,train
8407,2022-12-31,train
8407,2023-01-31,train
8407,2023-02-28,train
8407,2023-03-31,train
8407,2023-04-30,train
8407,2023-05-31,train
8407,2023-06-30,train
8407,2023-07-31,train
8407,2023-08-31,train
8407,2023-09-30,train
8407,2023-10-31,train
8407,2023-11-30,train
8408,2022-06-30,train
8408,2022-07-31,train
8408,2022-08-31,train
8408,2022-09-30,train
8408,2022-10-31,train
8408,2022-11-30,train
8408,2022-12-31,train
8408,2023-01-31,train
8408,2023-02-28,train
8408,2023-03-31,train
8408,2023-04-30,train
8408,2023-05-31,train
8408,2023-06-30,train
8408,2023-07-31,train
8408,2023-08-31,train
8408,2023-09-30,train
8409,2024-06-30,train
8409,2024-07-31,train
8409,2024-08-31,train
8411,2022-09-30,train
8411,2022-10-31,train
8411,2022-11-30,train
8411,2022-12-31,train
8411,2023-01-31,train
8411,2023-02-28,train
8411,2023-03-31,train
8411,2023-04-30,train
8411,2023-05-31,train
8411,2023-06-30,train
8411,2023-07-31,train
8411,2023-08-31,train
8411,2023-09-30,train
8411,2023-10-31,train
8411,2023-11-30,train
8411,2023-12-31,train
8411,2024-01-31,train
8413,2022-05-31,train
8413,2022-06-30,train
8413,2022-07-31,train
8413,2022-08-31,train
8413,2022-09-30,train
8413,2022-10-31,train
8413,2022-11-30,train
8413,2022-12-31,train
8413,2023-01-31,train
8413,2023-02-28,train
8413,2023-03-31,train
8413,2023-04-30,train
8413,2023-05-31,train
8413,2023-06-30,train
8413,2023-07-31,train
8413,2023-08-31,train
8415,2023-08-31,train
8415,2023-09-30,train
8415,2023-10-31,train
8415,2023-11-30,train
8415,2023-12-31,train
8415,2024-01-31,train
8415,2024-02-29,train
8415,2024-03-31,train
8415,2024-04-30,train
8415,2024-05-31,train
8415,2024-06-30,train
8415,2024-07-31,train
8415,2024-08-31,train
10628,2021-09-30,train
10628,2021-10-31,train
10628,2021-11-30,train
10628,2021-12-31,train
10628,2022-01-31,train
10628,2022-02-28,train
10628,2022-03-31,train
10628,2022-04-30,train
10628,2022-05-31,train
10628,2022-06-30,train
10628,2022-07-31,train
10628,2022-08-31,train
10628,2022-09-30,train
10628,2022-10-31,train
10628,2022-11-30,train
10628,2022-12-31,train
10628,2023-01-31,train
10628,2023-02-28,train
10628,2023-03-31,train
10628,2023-04-30,train
10628,2023-05-31,train
10628,2023-06-30,train
10628,2023-07-31,train
10628,2023-08-31,train
10628,2023-09-30,train
10628,2023-10-31,train
10628,2023-11-30,train
10628,2023-12-31,train
10628,2024-01-31,train
10628,2024-02-29,train
10628,2024-03-31,train
10628,2024-04-30,train
10628,2024-05-31,train
10628,2024-06-30,train
10628,2024-07-31,train
10628,2024-08-31,train
39203,2021-11-30,train
39203,2021-12-31,train
39203,2022-01-31,train
39203,2022-02-28,train
39203,2022-03-31,train
39203,2022-04-30,train
39203,2022-05-31,train
39203,2022-06-30,train
39203,2022-07-31,train
39203,2022-08-31,train
39203,2022-09-30,train
39203,2022-10-31,train
39203,2022-11-30,train
39203,2022-12-31,train
39203,2023-01-31,train
39203,2023-02-28,train
39203,2023-03-31,train
39203,2023-04-30,train
39203,2023-05-31,train
39203,2023-06-30,train
39203,2023-07-31,train
39203,2023-08-31,train
39203,2023-09-30,train
39203,2023-10-31,train
39203,2023-11-30,train
39203,2023-12-31,train
39203,2024-01-31,train
39203,2024-02-29,train
39203,2024-03-31,train
39203,2024-04-30,train
39203,2024-05-31,train
39203,2024-06-30,train
39203,2024-07-31,train
39203,2024-08-31,train
39215,2021-08-31,train
39215,2021-09-30,train
39215,2021-10-31,train
39215,2021-11-30,train
39215,2021-12-31,train
39215,2022-01-31,train
39215,2022-02-28,train
39215,2022-03-31,train
39215,2022-04-30,train
39215,2022-05-31,train
39215,2022-06-30,train
39215,2022-07-31,train
39215,2022-08-31,train
39215,2022-09-30,train
39215,2022-10-31,train
39215,2022-11-30,train
39215,2022-12-31,train
39215,2023-01-31,train
39215,2023-02-28,train
39215,2023-03-31,train
39215,2023-04-30,train
39215,2023-05-31,train
39215,2023-06-30,train
39215,2023-07-31,train
39215,2023-08-31,train
39215,2023-09-30,train
39215,2023-10-31,train
39215,2023-11-30,train
39215,2023-12-31,train
39215,2024-01-31,train
39215,2024-02-29,train
39215,2024-03-31,train
39215,2024-04-30,train
39215,2024-05-31,train
39215,2024-06-30,train
39215,2024-07-31,train
39215,2024-08-31,train
39223,2021-07-31,train
39223,2021-08-31,train
39223,2021-09-30,train
39223,2021-10-31,train
39223,2021-11-30,train
39223,2021-12-31,train
39223,2022-01-31,train
39223,2022-02-28,train
39223,2022-03-31,train
39223,2022-04-30,train
39223,2022-05-31,train
39223,2022-06-30,train
39223,2022-07-31,train
39223,2022-08-31,train
39223,2022-09-30,train
39223,2022-10-31,train
39223,2022-11-30,train
39223,2022-12-31,train
39223,2023-01-31,train
39223,2023-02-28,train
39223,2023-03-31,train
39223,2023-04-30,train
39223,2023-05-31,train
39223,2023-06-30,train
39223,2023-07-31,train
39223,2023-08-31,train
39223,2023-09-30,train
39223,2023-10-31,train
39223,2023-11-30,train
39223,2023-12-31,train
39223,2024-01-31,train
39223,2024-02-29,train
39223,2024-03-31,train
39223,2024-04-30,train
39223,2024-05-31,train
39223,2024-06-30,train
39223,2024-07-31,train
39223,2024-08-31,train
39225,2021-11-30,train
39225,2021-12-31,train
39225,2022-01-31,train
39225,2022-02-28,train
39225,2022-03-31,train
39225,2022-04-30,train
39225,2022-05-31,train
39225,2022-06-30,train
39225,2022-07-31,train
39225,2022-08-31,train
39225,2022-09-30,train
39225,2022-10-31,train
39225,2022-11-30,train
39225,2022-12-31,train
39225,2023-01-31,train
39225,2023-02-28,train
39225,2023-03-31,train
39225,2023-04-30,train
39225,2023-05-31,train
39225,2023-06-30,train
39225,2023-07-31,train
39225,2023-08-31,train
39225,2023-09-30,train
39225,2023-10-31,train
39225,2023-11-30,train
39225,2023-12-31,train
39225,2024-01-31,train
39225,2024-02-29,train
39225,2024-03-31,train
39225,2024-04-30,train
39225,2024-05-31,train
39225,2024-06-30,train
39225,2024-07-31,train
39225,2024-08-31,train
39228,2022-11-30,train
39228,2022-12-31,train
39228,2023-01-31,train
39228,2023-02-28,train
39228,2023-03-31,train
39228,2023-04-30,train
39228,2023-05-31,train
39228,2023-06-30,train
39228,2023-07-31,train
39228,2023-08-31,train
39228,2023-09-30,train
39228,2023-10-31,train
39228,2023-11-30,train
39228,2023-12-31,train
39228,2024-01-31,train
39228,2024-02-29,train
39228,2024-03-31,train
39228,2024-04-30,train
39228,2024-05-31,train
39228,2024-06-30,train
39228,2024-07-31,train
39228,2024-08-31,train
39237,2021-07-31,train
39237,2021-08-31,train
39237,2021-09-30,train
39237,2021-10-31,train
39237,2021-11-30,train
39237,2021-12-31,train
39237,2022-01-31,train
39237,2022-02-28,train
39237,2022-03-31,train
39237,2022-04-30,train
39237,2022-05-31,train
39237,2022-06-30,train
39237,2022-07-31,train
39237,2022-08-31,train
39237,2022-09-30,train
39237,2022-10-31,train
39237,2022-11-30,train
39237,2022-12-31,train
39237,2023-01-31,train
39237,2023-02-28,train
39237,2023-03-31,train
39237,2023-04-30,train
39237,2023-05-31,train
39237,2023-06-30,train
39237,2023-07-31,train
39237,2023-08-31,train
39237,2023-09-30,train
39237,2023-10-31,train
39237,2023-11-30,train
39237,2023-12-31,train
39237,2024-01-31,train
39237,2024-02-29,train
39237,2024-03-31,train
39237,2024-04-30,train
39237,2024-05-31,train
39237,2024-06-30,train
39237,2024-07-31,train
39237,2024-08-31,train
64767,2024-08-31,train
64788,2022-05-31,train
64788,2022-06-30,train
64788,2022-07-31,train
64788,2022-08-31,train
64788,2022-09-30,train
64788,2022-10-31,train
64788,2022-11-30,train
64788,2022-12-31,train
64788,2023-01-31,train
64788,2023-02-28,train
64788,2023-03-31,train
64788,2023-04-30,train
64788,2023-05-31,train
64788,2023-06-30,train
64788,2023-07-31,train
64788,2023-08-31,train
64788,2023-09-30,train
64788,2023-10-31,train
64788,2023-11-30,train
64788,2023-12-31,train
64788,2024-01-31,train
64788,2024-02-29,train
64788,2024-03-31,train
64788,2024-04-30,train
64788,2024-05-31,train
64788,2024-06-30,train
64788,2024-07-31,train
64788,2024-08-31,train
64794,2021-07-31,train
64794,2021-08-31,train
64794,2021-09-30,train
64794,2021-10-31,train
64794,2021-11-30,train
64794,2021-12-31,train
64794,2022-01-31,train
64794,2022-02-28,train
64794,2022-03-31,train
64794,2022-04-30,train
64794,2022-05-31,train
64794,2022-06-30,train
64794,2022-07-31,train
64794,2022-08-31,train
64794,2022-09-30,train
64794,2022-10-31,train
64794,2022-11-30,train
64794,2022-12-31,train
64794,2023-01-31,train
64794,2023-02-28,train
64794,2023-03-31,train
64794,2023-04-30,train
64794,2023-05-31,train
64797,2022-04-30,train
64797,2022-05-31,train
64797,2022-06-30,train
64797,2022-07-31,train
64797,2022-08-31,train
64797,2022-09-30,train
64797,2022-10-31,train
64797,2022-11-30,train
64797,2022-12-31,train
64797,2023-01-31,train
64797,2023-02-28,train
64797,2023-03-31,train
64797,2023-04-30,train
64797,2023-05-31,train
64797,2023-06-30,train
64797,2023-07-31,train
64797,2023-08-31,train
64797,2023-09-30,train
64797,2023-10-31,train
65658,2024-04-30,train
65658,2024-05-31,train
65658,2024-06-30,train
65658,2024-07-31,train
65658,2024-08-31,train
68153,2024-02-29,train
68153,2024-03-31,train
68153,2024-04-30,train
68153,2024-05-31,train
68153,2024-06-30,train
68153,2024-07-31,train
68153,2024-08-31,train
68163,2024-05-31,train
68163,2024-06-30,train
68163,2024-07-31,train
68163,2024-08-31,train
68165,2024-02-29,train
68165,2024-03-31,train
68165,2024-04-30,train
68165,2024-05-31,train
68165,2024-06-30,train
68165,2024-07-31,train
68165,2024-08-31,train
68166,2024-02-29,train
68166,2024-03-31,train
68166,2024-04-30,train
68166,2024-05-31,train
68166,2024-06-30,train
68166,2024-07-31,train
68166,2024-08-31,train
68171,2024-02-29,train
68171,2024-03-31,train
68171,2024-04-30,train
68171,2024-05-31,train
68171,2024-06-30,train
68171,2024-07-31,train
68171,2024-08-31,train
69830,2024-02-29,train
69830,2024-03-31,train
69830,2024-04-30,train
69830,2024-05-31,train
69830,2024-06-30,train
69830,2024-07-31,train
69830,2024-08-31,train
69833,2024-02-29,train
69833,2024-03-31,train
69833,2024-04-30,train
69833,2024-05-31,train
69833,2024-06-30,train
69833,2024-07-31,train
69833,2024-08-31,train
69835,2022-01-31,train
69835,2022-02-28,train
69835,2022-03-31,train
69835,2022-04-30,train
69835,2022-05-31,train
69835,2022-06-30,train
69835,2022-07-31,train
69835,2022-08-31,train
69835,2022-09-30,train
69835,2022-10-31,train
69835,2022-11-30,train
69835,2022-12-31,train
69835,2023-01-31,train
69835,2023-02-28,train
69837,2024-02-29,train
69837,2024-03-31,train
69837,2024-04-30,train
69837,2024-05-31,train
69837,2024-06-30,train
69837,2024-07-31,train
69837,2024-08-31,train
69839,2024-02-29,train
69839,2024-03-31,train
69839,2024-04-30,train
69839,2024-05-31,train
69839,2024-06-30,train
69839,2024-07-31,train
69839,2024-08-31,train
69852,2022-01-31,train
69852,2022-02-28,train
69852,2022-03-31,train
69852,2022-04-30,train
69852,2022-05-31,train
69852,2022-06-30,train
69852,2022-07-31,train
69852,2022-08-31,train
69852,2022-09-30,train
69852,2022-10-31,train
69852,2022-11-30,train
69852,2022-12-31,train
69852,2023-01-31,train
69852,2023-02-28,train
69853,2024-04-30,train
69853,2024-05-31,train
69853,2024-06-30,train
69853,2024-07-31,train
69853,2024-08-31,train
69859,2024-02-29,train
69859,2024-03-31,train
69859,2024-04-30,train
69859,2024-05-31,train
69859,2024-06-30,train
69859,2024-07-31,train
69859,2024-08-31,train
69861,2024-02-29,train
69861,2024-03-31,train
69861,2024-04-30,train
69861,2024-05-31,train
69861,2024-06-30,train
69861,2024-07-31,train
69861,2024-08-31,train
69864,2021-10-31,train
69864,2021-11-30,train
69864,2021-12-31,train
69864,2022-01-31,train
69864,2022-02-28,train
69864,2022-03-31,train
69864,2022-04-30,train
69864,2022-05-31,train
69864,2022-06-30,train
69864,2022-07-31,train
69864,2022-08-31,train
69864,2022-09-30,train
69864,2022-10-31,train
69864,2022-11-30,train
69864,2022-12-31,train
69864,2023-01-31,train
69864,2023-02-28,train
69865,2024-02-29,train
69865,2024-03-31,train
69865,2024-04-30,train
69865,2024-05-31,train
69865,2024-06-30,train
69865,2024-07-31,train
69865,2024-08-31,train
69866,2024-02-29,train
69866,2024-03-31,train
69866,2024-04-30,train
69866,2024-05-31,train
69866,2024-06-30,train
69866,2024-07-31,train
69866,2024-08-31,train
69871,2024-02-29,train
69871,2024-03-31,train
69871,2024-04-30,train
69871,2024-05-31,train
69871,2024-06-30,train
69871,2024-07-31,train
69871,2024-08-31,train
69877,2024-02-29,train
69877,2024-03-31,train
69877,2024-04-30,train
69877,2024-05-31,train
69877,2024-06-30,train
69877,2024-07-31,train
69877,2024-08-31,train
69879,2024-02-29,train
69879,2024-03-31,train
69879,2024-04-30,train
69879,2024-05-31,train
69879,2024-06-30,train
69879,2024-07-31,train
69879,2024-08-31,train
69881,2024-02-29,train
69881,2024-03-31,train
69881,2024-04-30,train
69881,2024-05-31,train
69881,2024-06-30,train
69881,2024-07-31,train
69881,2024-08-31,train
69886,2024-02-29,train
69886,2024-03-31,train
69886,2024-04-30,train
69886,2024-05-31,train
69886,2024-06-30,train
69886,2024-07-31,train
69886,2024-08-31,train
69891,2024-03-31,train
69891,2024-04-30,train
69891,2024-05-31,train
69891,2024-06-30,train
69891,2024-07-31,train
69891,2024-08-31,train
69894,2024-02-29,train
69894,2024-03-31,train
69894,2024-04-30,train
69894,2024-05-31,train
69894,2024-06-30,train
69894,2024-07-31,train
69894,2024-08-31,train
69895,2024-03-31,train
69895,2024-04-30,train
69895,2024-05-31,train
69895,2024-06-30,train
69895,2024-07-31,train
69895,2024-08-31,train
69908,2024-02-29,train
69908,2024-03-31,train
69908,2024-04-30,train
69908,2024-05-31,train
69908,2024-06-30,train
69908,2024-07-31,train
69908,2024-08-31,train
69912,2024-02-29,train
69912,2024-03-31,train
69912,2024-04-30,train
69912,2024-05-31,train
69912,2024-06-30,train
69912,2024-07-31,train
69912,2024-08-31,train
69949,2024-02-29,train
69949,2024-03-31,train
69949,2024-04-30,train
69949,2024-05-31,train
69949,2024-06-30,train
69949,2024-07-31,train
69949,2024-08-31,train
69954,2024-02-29,train
69954,2024-03-31,train
69954,2024-04-30,train
69954,2024-05-31,train
69954,2024-06-30,train
69954,2024-07-31,train
69954,2024-08-31,train
70124,2021-07-31,train
70124,2021-08-31,train
70124,2021-09-30,train
70124,2021-10-31,train
70124,2021-11-30,train
70124,2021-12-31,train
70124,2022-01-31,train
70124,2022-02-28,train
70124,2022-03-31,train
70124,2022-04-30,train
70124,2022-05-31,train
70124,2022-06-30,train
70124,2022-07-31,train
70124,2022-08-31,train
70124,2022-09-30,train
70124,2022-10-31,train
70124,2022-11-30,train
70124,2022-12-31,train
70124,2023-01-31,train
70124,2023-02-28,train
70125,2024-02-29,train
70125,2024-03-31,train
70125,2024-04-30,train
70125,2024-05-31,train
70125,2024-06-30,train
70125,2024-07-31,train
70125,2024-08-31,train
70126,2024-02-29,train
70126,2024-03-31,train
70126,2024-04-30,train
70126,2024-05-31,train
70126,2024-06-30,train
70126,2024-07-31,train
70126,2024-08-31,train
70127,2024-02-29,train
70127,2024-03-31,train
70127,2024-04-30,train
70127,2024-05-31,train
70127,2024-06-30,train
70127,2024-07-31,train
70127,2024-08-31,train
75352,2021-08-31,train
75352,2021-09-30,train
75352,2021-10-31,train
75352,2021-11-30,train
75352,2021-12-31,train
75352,2022-01-31,train
75352,2022-02-28,train
75352,2022-03-31,train
75352,2022-04-30,train
75352,2022-05-31,train
75352,2022-06-30,train
75352,2022-07-31,train
75352,2022-08-31,train
75352,2022-09-30,train
75352,2022-10-31,train
75352,2022-11-30,train
75352,2022-12-31,train
75352,2023-01-31,train
75352,2023-02-28,train
75352,2023-03-31,train
75352,2023-04-30,train
75352,2023-05-31,train
75352,2023-06-30,train
75352,2023-07-31,train
75352,2023-08-31,train
75352,2023-09-30,train
75352,2023-10-31,train
75352,2023-11-30,train
75352,2023-12-31,train
75352,2024-01-31,train
75352,2024-02-29,train
75352,2024-03-31,train
75352,2024-04-30,train
75352,2024-05-31,train
75352,2024-06-30,train
75352,2024-07-31,train
75352,2024-08-31,train
75354,2021-07-31,train
75354,2021-08-31,train
75354,2021-09-30,train
75354,2021-10-31,train
75354,2021-11-30,train
75354,2021-12-31,train
75354,2022-01-31,train
75354,2022-02-28,train
75354,2022-03-31,train
75354,2022-04-30,train
75354,2022-05-31,train
75354,2022-06-30,train
75354,2022-07-31,train
75354,2022-08-31,train
75354,2022-09-30,train
75354,2022-10-31,train
75354,2022-11-30,train
75354,2022-12-31,train
75354,2023-01-31,train
75354,2023-02-28,train
75354,2023-03-31,train
75354,2023-04-30,train
75354,2023-05-31,train
75354,2023-06-30,train
75354,2023-07-31,train
75354,2023-08-31,train
75354,2023-09-30,train
75354,2023-10-31,train
75354,2023-11-30,train
75354,2023-12-31,train
75354,2024-01-31,train
75354,2024-02-29,train
75354,2024-03-31,train
75354,2024-04-30,train
75354,2024-05-31,train
75354,2024-06-30,train
75354,2024-07-31,train
75354,2024-08-31,train
75355,2021-07-31,train
75355,2021-08-31,train
75355,2021-09-30,train
75355,2021-10-31,train
75355,2021-11-30,train
75355,2021-12-31,train
75355,2022-01-31,train
75355,2022-02-28,train
75355,2022-03-31,train
75355,2022-04-30,train
75355,2022-05-31,train
75355,2022-06-30,train
75355,2022-07-31,train
75355,2022-08-31,train
75355,2022-09-30,train
75355,2022-10-31,train
75355,2022-11-30,train
75355,2022-12-31,train
75355,2023-01-31,train
75355,2023-02-28,train
75355,2023-03-31,train
75355,2023-04-30,train
75355,2023-05-31,train
75355,2023-06-30,train
75355,2023-07-31,train
75355,2023-08-31,train
75355,2023-09-30,train
75355,2023-10-31,train
75355,2023-11-30,train
75355,2023-12-31,train
75355,2024-01-31,train
75355,2024-02-29,train
75355,2024-03-31,train
75355,2024-04-30,train
75355,2024-05-31,train
75355,2024-06-30,train
75355,2024-07-31,train
75355,2024-08-31,train
75358,2021-07-31,train
75358,2021-08-31,train
75358,2021-09-30,train
75358,2021-10-31,train
75358,2021-11-30,train
75358,2021-12-31,train
75358,2022-01-31,train
75358,2022-02-28,train
75358,2022-03-31,train
75358,2022-04-30,train
75358,2022-05-31,train
75358,2022-06-30,train
75358,2022-07-31,train
75358,2022-08-31,train
75358,2022-09-30,train
75358,2022-10-31,train
75358,2022-11-30,train
75358,2022-12-31,train
75358,2023-01-31,train
75358,2023-02-28,train
75358,2023-03-31,train
75358,2023-04-30,train
75358,2023-05-31,train
75358,2023-06-30,train
75358,2023-07-31,train
75358,2023-08-31,train
75358,2023-09-30,train
75358,2023-10-31,train
75358,2023-11-30,train
75358,2023-12-31,train
75358,2024-01-31,train
75358,2024-02-29,train
75358,2024-03-31,train
75358,2024-04-30,train
75358,2024-05-31,train
75358,2024-06-30,train
75358,2024-07-31,train
75358,2024-08-31,train
75359,2023-12-31,train
75359,2024-01-31,train
75359,2024-02-29,train
75359,2024-03-31,train
75359,2024-04-30,train
75359,2024-05-31,train
75359,2024-06-30,train
75359,2024-07-31,train
75359,2024-08-31,train
75362,2021-07-31,train
75362,2021-08-31,train
75362,2021-09-30,train
75362,2021-10-31,train
75362,2021-11-30,train
75362,2021-12-31,train
75362,2022-01-31,train
75362,2022-02-28,train
75362,2022-03-31,train
75362,2022-04-30,train
75362,2022-05-31,train
75362,2022-06-30,train
75362,2022-07-31,train
75362,2022-08-31,train
75362,2022-09-30,train
75362,2022-10-31,train
75362,2022-11-30,train
75362,2022-12-31,train
75362,2023-01-31,train
75362,2023-02-28,train
75362,2023-03-31,train
75362,2023-04-30,train
75362,2023-05-31,train
75362,2023-06-30,train
75362,2023-07-31,train
75362,2023-08-31,train
75362,2023-09-30,train
75362,2023-10-31,train
75362,2023-11-30,train
75362,2023-12-31,train
75362,2024-01-31,train
75362,2024-02-29,train
75362,2024-03-31,train
75362,2024-04-30,train
75362,2024-05-31,train
75362,2024-06-30,train
75362,2024-07-31,train
75362,2024-08-31,train
75365,2022-10-31,train
75365,2022-11-30,train
75365,2022-12-31,train
75365,2023-01-31,train
75365,2023-02-28,train
75365,2023-03-31,train
75365,2023-04-30,train
75365,2023-05-31,train
75365,2023-06-30,train
75365,2023-07-31,train
75365,2023-08-31,train
75365,2023-09-30,train
75365,2023-10-31,train
75365,2023-11-30,train
75365,2023-12-31,train
75365,2024-01-31,train
75365,2024-02-29,train
75365,2024-03-31,train
75365,2024-04-30,train
75365,2024-05-31,train
75365,2024-06-30,train
75365,2024-07-31,train
75365,2024-08-31,train
75367,2021-07-31,train
75367,2021-08-31,train
75367,2021-09-30,train
75367,2021-10-31,train
75367,2021-11-30,train
75367,2021-12-31,train
75367,2022-01-31,train
75367,2022-02-28,train
75367,2022-03-31,train
75367,2022-04-30,train
75367,2022-05-31,train
75367,2022-06-30,train
75367,2022-07-31,train
75367,2022-08-31,train
75367,2022-09-30,train
75367,2022-10-31,train
75367,2022-11-30,train
75367,2022-12-31,train
75367,2023-01-31,train
75367,2023-02-28,train
75367,2023-03-31,train
75367,2023-04-30,train
75367,2023-05-31,train
75367,2023-06-30,train
75367,2023-07-31,train
75367,2023-08-31,train
75367,2023-09-30,train
75367,2023-10-31,train
75367,2023-11-30,train
75367,2023-12-31,train
75367,2024-01-31,train
75367,2024-02-29,train
75367,2024-03-31,train
75367,2024-04-30,train
75367,2024-05-31,train
75367,2024-06-30,train
75367,2024-07-31,train
75367,2024-08-31,train
75370,2021-09-30,train
75370,2021-10-31,train
75370,2021-11-30,train
75370,2021-12-31,train
75370,2022-01-31,train
75370,2022-02-28,train
75370,2022-03-31,train
75370,2022-04-30,train
75370,2022-05-31,train
75370,2022-06-30,train
75370,2022-07-31,train
75370,2022-08-31,train
75370,2022-09-30,train
75370,2022-10-31,train
75370,2022-11-30,train
75370,2022-12-31,train
75370,2023-01-31,train
75370,2023-02-28,train
75370,2023-03-31,train
75370,2023-04-30,train
75370,2023-05-31,train
75370,2023-06-30,train
75370,2023-07-31,train
75370,2023-08-31,train
75370,2023-09-30,train
75370,2023-10-31,train
75370,2023-11-30,train
75370,2023-12-31,train
75370,2024-01-31,train
75370,2024-02-29,train
75370,2024-03-31,train
75370,2024-04-30,train
75370,2024-05-31,train
75370,2024-06-30,train
75370,2024-07-31,train
75370,2024-08-31,train
75371,2021-07-31,train
75371,2021-08-31,train
75371,2021-09-30,train
75371,2021-10-31,train
75371,2021-11-30,train
75371,2021-12-31,train
75371,2022-01-31,train
75371,2022-02-28,train
75371,2022-03-31,train
75371,2022-04-30,train
75371,2022-05-31,train
75371,2022-06-30,train
75371,2022-07-31,train
75371,2022-08-31,train
75371,2022-09-30,train
75371,2022-10-31,train
75371,2022-11-30,train
75371,2022-12-31,train
75371,2023-01-31,train
75371,2023-02-28,train
75371,2023-03-31,train
75371,2023-04-30,train
75371,2023-05-31,train
75371,2023-06-30,train
75371,2023-07-31,train
75371,2023-08-31,train
75371,2023-09-30,train
75371,2023-10-31,train
75371,2023-11-30,train
75371,2023-12-31,train
75371,2024-01-31,train
75371,2024-02-29,train
75371,2024-03-31,train
75371,2024-04-30,train
75371,2024-05-31,train
75371,2024-06-30,train
75371,2024-07-31,train
75371,2024-08-31,train
75374,2021-09-30,train
75374,2021-10-31,train
75374,2021-11-30,train
75374,2021-12-31,train
75374,2022-01-31,train
75374,2022-02-28,train
75374,2022-03-31,train
75374,2022-04-30,train
75374,2022-05-31,train
75374,2022-06-30,train
75374,2022-07-31,train
75374,2022-08-31,train
75374,2022-09-30,train
75374,2022-10-31,train
75374,2022-11-30,train
75374,2022-12-31,train
75374,2023-01-31,train
75374,2023-02-28,train
75374,2023-03-31,train
75374,2023-04-30,train
75374,2023-05-31,train
75374,2023-06-30,train
75374,2023-07-31,train
75374,2023-08-31,train
75374,2023-09-30,train
75374,2023-10-31,train
75374,2023-11-30,train
75374,2023-12-31,train
75374,2024-01-31,train
75374,2024-02-29,train
75374,2024-03-31,train
75374,2024-04-30,train
75374,2024-05-31,train
75374,2024-06-30,train
75374,2024-07-31,train
75374,2024-08-31,train
75380,2021-07-31,train
75380,2021-08-31,train
75380,2021-09-30,train
75380,2021-10-31,train
75380,2021-11-30,train
75380,2021-12-31,train
75380,2022-01-31,train
75380,2022-02-28,train
75380,2022-03-31,train
75380,2022-04-30,train
75380,2022-05-31,train
75380,2022-06-30,train
75380,2022-07-31,train
75380,2022-08-31,train
75380,2022-09-30,train
75380,2022-10-31,train
75380,2022-11-30,train
75380,2022-12-31,train
75380,2023-01-31,train
75380,2023-02-28,train
75380,2023-03-31,train
75380,2023-04-30,train
75380,2023-05-31,train
75380,2023-06-30,train
75380,2023-07-31,train
75380,2023-08-31,train
75380,2023-09-30,train
75380,2023-10-31,train
75380,2023-11-30,train
75380,2023-12-31,train
75380,2024-01-31,train
75380,2024-02-29,train
75380,2024-03-31,train
75380,2024-04-30,train
75380,2024-05-31,train
75380,2024-06-30,train
75380,2024-07-31,train
75380,2024-08-31,train
75382,2021-07-31,train
75382,2021-08-31,train
75382,2021-09-30,train
75382,2021-10-31,train
75382,2021-11-30,train
75382,2021-12-31,train
75382,2022-01-31,train
75382,2022-02-28,train
75382,2022-03-31,train
75382,2022-04-30,train
75382,2022-05-31,train
75382,2022-06-30,train
75382,2022-07-31,train
75382,2022-08-31,train
75382,2022-09-30,train
75382,2022-10-31,train
75382,2022-11-30,train
75382,2022-12-31,train
75382,2023-01-31,train
75382,2023-02-28,train
75382,2023-03-31,train
75382,2023-04-30,train
75382,2023-05-31,train
75382,2023-06-30,train
75382,2023-07-31,train
75382,2023-08-31,train
75382,2023-09-30,train
75382,2023-10-31,train
75382,2023-11-30,train
75382,2023-12-31,train
75382,2024-01-31,train
75382,2024-02-29,train
75382,2024-03-31,train
75382,2024-04-30,train
75382,2024-05-31,train
75382,2024-06-30,train
75382,2024-07-31,train
75382,2024-08-31,train
75390,2021-07-31,train
75390,2021-08-31,train
75390,2021-09-30,train
75390,2021-10-31,train
75390,2021-11-30,train
75390,2021-12-31,train
75390,2022-01-31,train
75390,2022-02-28,train
75390,2022-03-31,train
75390,2022-04-30,train
75390,2022-05-31,train
75390,2022-06-30,train
75390,2022-07-31,train
75390,2022-08-31,train
75390,2022-09-30,train
75390,2022-10-31,train
75390,2022-11-30,train
75390,2022-12-31,train
75390,2023-01-31,train
75390,2023-02-28,train
75390,2023-03-31,train
75390,2023-04-30,train
75390,2023-05-31,train
75390,2023-06-30,train
75390,2023-07-31,train
75390,2023-08-31,train
75390,2023-09-30,train
75390,2023-10-31,train
75390,2023-11-30,train
75390,2023-12-31,train
75390,2024-01-31,train
75390,2024-02-29,train
75390,2024-03-31,train
75390,2024-04-30,train
75390,2024-05-31,train
75390,2024-06-30,train
75390,2024-07-31,train
75390,2024-08-31,train
75391,2021-07-31,train
75391,2021-08-31,train
75391,2021-09-30,train
75391,2021-10-31,train
75391,2021-11-30,train
75391,2021-12-31,train
75391,2022-01-31,train
75391,2022-02-28,train
75391,2022-03-31,train
75391,2022-04-30,train
75391,2022-05-31,train
75391,2022-06-30,train
75391,2022-07-31,train
75391,2022-08-31,train
75391,2022-09-30,train
75391,2022-10-31,train
75391,2022-11-30,train
75391,2022-12-31,train
75391,2023-01-31,train
75391,2023-02-28,train
75391,2023-03-31,train
75391,2023-04-30,train
75391,2023-05-31,train
75391,2023-06-30,train
75391,2023-07-31,train
75391,2023-08-31,train
75391,2023-09-30,train
75391,2023-10-31,train
75391,2023-11-30,train
75391,2023-12-31,train
75391,2024-01-31,train
75391,2024-02-29,train
75391,2024-03-31,train
75391,2024-04-30,train
75391,2024-05-31,train
75391,2024-06-30,train
75391,2024-07-31,train
75391,2024-08-31,train
75392,2021-07-31,train
75392,2021-08-31,train
75392,2021-09-30,train
75392,2021-10-31,train
75392,2021-11-30,train
75392,2021-12-31,train
75392,2022-01-31,train
75392,2022-02-28,train
75392,2022-03-31,train
75392,2022-04-30,train
75392,2022-05-31,train
75392,2022-06-30,train
75392,2022-07-31,train
75392,2022-08-31,train
75392,2022-09-30,train
75392,2022-10-31,train
75392,2022-11-30,train
75392,2022-12-31,train
75392,2023-01-31,train
75392,2023-02-28,train
75392,2023-03-31,train
75392,2023-04-30,train
75392,2023-05-31,train
75392,2023-06-30,train
75392,2023-07-31,train
75392,2023-08-31,train
75392,2023-09-30,train
75392,2023-10-31,train
75392,2023-11-30,train
75392,2023-12-31,train
75392,2024-01-31,train
75392,2024-02-29,train
75392,2024-03-31,train
75392,2024-04-30,train
75392,2024-05-31,train
75392,2024-06-30,train
75392,2024-07-31,train
75392,2024-08-31,train
75394,2023-06-30,train
75394,2023-07-31,train
75394,2023-08-31,train
75394,2023-09-30,train
75394,2023-10-31,train
75394,2023-11-30,train
75394,2023-12-31,train
75394,2024-01-31,train
75394,2024-02-29,train
75394,2024-03-31,train
75394,2024-04-30,train
75394,2024-05-31,train
75394,2024-06-30,train
75394,2024-07-31,train
75394,2024-08-31,train
75396,2021-07-31,train
75396,2021-08-31,train
75396,2021-09-30,train
75396,2021-10-31,train
75396,2021-11-30,train
75396,2021-12-31,train
75396,2022-01-31,train
75396,2022-02-28,train
75396,2022-03-31,train
75396,2022-04-30,train
75396,2022-05-31,train
75396,2022-06-30,train
75396,2022-07-31,train
75396,2022-08-31,train
75396,2022-09-30,train
75396,2022-10-31,train
75396,2022-11-30,train
75396,2022-12-31,train
75396,2023-01-31,train
75396,2023-02-28,train
75396,2023-03-31,train
75396,2023-04-30,train
75396,2023-05-31,train
75396,2023-06-30,train
75396,2023-07-31,train
75396,2023-08-31,train
75396,2023-09-30,train
75396,2023-10-31,train
75396,2023-11-30,train
75396,2023-12-31,train
75396,2024-01-31,train
75396,2024-02-29,train
75396,2024-03-31,train
75396,2024-04-30,train
75396,2024-05-31,train
75396,2024-06-30,train
75396,2024-07-31,train
75396,2024-08-31,train
75398,2024-08-31,train
75403,2024-04-30,train
75403,2024-05-31,train
75403,2024-06-30,train
75403,2024-07-31,train
75403,2024-08-31,train
75407,2023-12-31,train
75407,2024-01-31,train
75407,2024-02-29,train
75407,2024-03-31,train
75407,2024-04-30,train
75407,2024-05-31,train
75407,2024-06-30,train
75407,2024-07-31,train
75407,2024-08-31,train
75409,2021-07-31,train
75409,2021-08-31,train
75409,2021-09-30,train
75409,2021-10-31,train
75409,2021-11-30,train
75409,2021-12-31,train
75409,2022-01-31,train
75409,2022-02-28,train
75409,2022-03-31,train
75409,2022-04-30,train
75409,2022-05-31,train
75409,2022-06-30,train
75409,2022-07-31,train
75409,2022-08-31,train
75409,2022-09-30,train
75409,2022-10-31,train
75409,2022-11-30,train
75409,2022-12-31,train
75409,2023-01-31,train
75409,2023-02-28,train
75409,2023-03-31,train
75409,2023-04-30,train
75409,2023-05-31,train
75409,2023-06-30,train
75409,2023-07-31,train
75409,2023-08-31,train
75409,2023-09-30,train
75409,2023-10-31,train
75409,2023-11-30,train
75409,2023-12-31,train
75409,2024-01-31,train
75409,2024-02-29,train
75409,2024-03-31,train
75409,2024-04-30,train
75409,2024-05-31,train
75409,2024-06-30,train
75409,2024-07-31,train
75409,2024-08-31,train
75410,2021-07-31,train
75410,2021-08-31,train
75410,2021-09-30,train
75410,2021-10-31,train
75410,2021-11-30,train
75410,2021-12-31,train
75410,2022-01-31,train
75410,2022-02-28,train
75410,2022-03-31,train
75410,2022-04-30,train
75410,2022-05-31,train
75410,2022-06-30,train
75410,2022-07-31,train
75410,2022-08-31,train
75410,2022-09-30,train
75410,2022-10-31,train
75410,2022-11-30,train
75410,2022-12-31,train
75410,2023-01-31,train
75410,2023-02-28,train
75410,2023-03-31,train
75410,2023-04-30,train
75410,2023-05-31,train
75410,2023-06-30,train
75410,2023-07-31,train
75410,2023-08-31,train
75410,2023-09-30,train
75410,2023-10-31,train
75410,2023-11-30,train
75410,2023-12-31,train
75410,2024-01-31,train
75410,2024-02-29,train
75410,2024-03-31,train
75410,2024-04-30,train
75410,2024-05-31,train
75410,2024-06-30,train
75410,2024-07-31,train
75410,2024-08-31,train
75414,2023-11-30,train
75414,2023-12-31,train
75414,2024-01-31,train
75414,2024-02-29,train
75414,2024-03-31,train
75414,2024-04-30,train
75414,2024-05-31,train
75414,2024-06-30,train
75414,2024-07-31,train
75414,2024-08-31,train
75415,2021-07-31,train
75415,2021-08-31,train
75415,2021-09-30,train
75415,2021-10-31,train
75415,2021-11-30,train
75415,2021-12-31,train
75415,2022-01-31,train
75415,2022-02-28,train
75415,2022-03-31,train
75415,2022-04-30,train
75415,2022-05-31,train
75415,2022-06-30,train
75415,2022-07-31,train
75415,2022-08-31,train
75415,2022-09-30,train
75415,2022-10-31,train
75415,2022-11-30,train
75415,2022-12-31,train
75415,2023-01-31,train
75415,2023-02-28,train
75415,2023-03-31,train
75415,2023-04-30,train
75415,2023-05-31,train
75415,2023-06-30,train
75415,2023-07-31,train
75415,2023-08-31,train
75415,2023-09-30,train
75415,2023-10-31,train
75415,2023-11-30,train
75415,2023-12-31,train
75415,2024-01-31,train
75415,2024-02-29,train
75415,2024-03-31,train
75415,2024-04-30,train
75415,2024-05-31,train
75415,2024-06-30,train
75415,2024-07-31,train
75415,2024-08-31,train
75424,2021-07-31,train
75424,2021-08-31,train
75424,2021-09-30,train
75424,2021-10-31,train
75424,2021-11-30,train
75424,2021-12-31,train
75424,2022-01-31,train
75424,2022-02-28,train
75424,2022-03-31,train
75424,2022-04-30,train
75424,2022-05-31,train
75424,2022-06-30,train
75424,2022-07-31,train
75424,2022-08-31,train
75424,2022-09-30,train
75424,2022-10-31,train
75424,2022-11-30,train
75424,2022-12-31,train
75424,2023-01-31,train
75424,2023-02-28,train
75424,2023-03-31,train
75424,2023-04-30,train
75424,2023-05-31,train
75424,2023-06-30,train
75424,2023-07-31,train
75424,2023-08-31,train
75424,2023-09-30,train
75424,2023-10-31,train
75424,2023-11-30,train
75424,2023-12-31,train
75424,2024-01-31,train
75424,2024-02-29,train
75424,2024-03-31,train
75424,2024-04-30,train
75424,2024-05-31,train
75424,2024-06-30,train
75424,2024-07-31,train
75424,2024-08-31,train
75425,2021-07-31,train
75425,2021-08-31,train
75425,2021-09-30,train
75425,2021-10-31,train
75425,2021-11-30,train
75425,2021-12-31,train
75425,2022-01-31,train
75425,2022-02-28,train
75425,2022-03-31,train
75425,2022-04-30,train
75425,2022-05-31,train
75425,2022-06-30,train
75425,2022-07-31,train
75425,2022-08-31,train
75425,2022-09-30,train
75425,2022-10-31,train
75425,2022-11-30,train
75425,2022-12-31,train
75425,2023-01-31,train
75425,2023-02-28,train
75425,2023-03-31,train
75425,2023-04-30,train
75425,2023-05-31,train
75425,2023-06-30,train
75425,2023-07-31,train
75425,2023-08-31,train
75425,2023-09-30,train
75425,2023-10-31,train
75425,2023-11-30,train
75425,2023-12-31,train
75425,2024-01-31,train
75425,2024-02-29,train
75425,2024-03-31,train
75425,2024-04-30,train
75425,2024-05-31,train
75425,2024-06-30,train
75425,2024-07-31,train
75425,2024-08-31,train
75426,2021-07-31,train
75426,2021-08-31,train
75426,2021-09-30,train
75426,2021-10-31,train
75426,2021-11-30,train
75426,2021-12-31,train
75426,2022-01-31,train
75426,2022-02-28,train
75426,2022-03-31,train
75426,2022-04-30,train
75426,2022-05-31,train
75426,2022-06-30,train
75426,2022-07-31,train
75426,2022-08-31,train
75426,2022-09-30,train
75426,2022-10-31,train
75426,2022-11-30,train
75426,2022-12-31,train
75426,2023-01-31,train
75427,2021-07-31,train
75427,2021-08-31,train
75427,2021-09-30,train
75427,2021-10-31,train
75427,2021-11-30,train
75427,2021-12-31,train
75427,2022-01-31,train
75427,2022-02-28,train
75427,2022-03-31,train
75427,2022-04-30,train
75427,2022-05-31,train
75427,2022-06-30,train
75427,2022-07-31,train
75427,2022-08-31,train
75427,2022-09-30,train
75427,2022-10-31,train
75427,2022-11-30,train
75427,2022-12-31,train
75427,2023-01-31,train
75427,2023-02-28,train
75427,2023-03-31,train
75427,2023-04-30,train
75427,2023-05-31,train
75427,2023-06-30,train
75427,2023-07-31,train
75427,2023-08-31,train
75427,2023-09-30,train
75427,2023-10-31,train
75427,2023-11-30,train
75427,2023-12-31,train
75427,2024-01-31,train
75427,2024-02-29,train
75427,2024-03-31,train
75427,2024-04-30,train
75427,2024-05-31,train
75427,2024-06-30,train
75427,2024-07-31,train
75427,2024-08-31,train
75616,2021-07-31,train
75616,2021-08-31,train
75616,2021-09-30,train
75616,2021-10-31,train
75616,2021-11-30,train
75616,2021-12-31,train
75616,2022-01-31,train
75616,2022-02-28,train
75616,2022-03-31,train
75616,2022-04-30,train
75616,2022-05-31,train
75616,2022-06-30,train
75616,2022-07-31,train
75616,2022-08-31,train
75616,2022-09-30,train
75616,2022-10-31,train
75616,2022-11-30,train
75616,2022-12-31,train
75616,2023-01-31,train
75616,2023-02-28,train
75616,2023-03-31,train
75616,2023-04-30,train
75616,2023-05-31,train
75616,2023-06-30,train
75616,2023-07-31,train
75616,2023-08-31,train
75616,2023-09-30,train
75616,2023-10-31,train
75616,2023-11-30,train
75616,2023-12-31,train
75616,2024-01-31,train
75616,2024-02-29,train
75616,2024-03-31,train
75616,2024-04-30,train
75616,2024-05-31,train
75616,2024-06-30,train
75616,2024-07-31,train
75616,2024-08-31,train
75617,2021-07-31,train
75617,2021-08-31,train
75617,2021-09-30,train
75617,2021-10-31,train
75617,2021-11-30,train
75617,2021-12-31,train
75617,2022-01-31,train
75617,2022-02-28,train
75617,2022-03-31,train
75617,2022-04-30,train
75617,2022-05-31,train
75617,2022-06-30,train
75617,2022-07-31,train
75617,2022-08-31,train
75617,2022-09-30,train
75617,2022-10-31,train
75617,2022-11-30,train
75617,2022-12-31,train
75617,2023-01-31,train
75617,2023-02-28,train
75617,2023-03-31,train
75617,2023-04-30,train
75617,2023-05-31,train
75617,2023-06-30,train
75617,2023-07-31,train
75617,2023-08-31,train
75617,2023-09-30,train
75617,2023-10-31,train
75617,2023-11-30,train
75617,2023-12-31,train
75617,2024-01-31,train
75617,2024-02-29,train
75617,2024-03-31,train
75617,2024-04-30,train
75617,2024-05-31,train
75617,2024-06-30,train
75617,2024-07-31,train
75617,2024-08-31,train
75619,2021-07-31,train
75619,2021-08-31,train
75619,2021-09-30,train
75619,2021-10-31,train
75619,2021-11-30,train
75619,2021-12-31,train
75619,2022-01-31,train
75619,2022-02-28,train
75619,2022-03-31,train
75619,2022-04-30,train
75619,2022-05-31,train
75619,2022-06-30,train
75619,2022-07-31,train
75619,2022-08-31,train
75619,2022-09-30,train
75619,2022-10-31,train
75619,2022-11-30,train
75619,2022-12-31,train
75619,2023-01-31,train
75619,2023-02-28,train
75619,2023-03-31,train
75619,2023-04-30,train
75619,2023-05-31,train
75619,2023-06-30,train
75619,2023-07-31,train
75619,2023-08-31,train
75619,2023-09-30,train
75619,2023-10-31,train
75619,2023-11-30,train
75619,2023-12-31,train
75619,2024-01-31,train
75619,2024-02-29,train
75619,2024-03-31,train
75619,2024-04-30,train
75619,2024-05-31,train
75619,2024-06-30,train
75619,2024-07-31,train
75619,2024-08-31,train
119936,2021-07-31,train
119936,2021-08-31,train
119936,2021-09-30,train
119936,2021-10-31,train
119936,2021-11-30,train
119936,2021-12-31,train
119936,2022-01-31,train
119936,2022-02-28,train
119936,2022-03-31,train
119936,2022-04-30,train
119936,2022-05-31,train
119936,2022-06-30,train
119936,2022-07-31,train
119936,2022-08-31,train
119939,2021-07-31,train
119939,2021-08-31,train
119939,2021-09-30,train
119939,2021-10-31,train
119939,2021-11-30,train
119939,2021-12-31,train
119939,2022-01-31,train
119939,2022-02-28,train
119939,2022-03-31,train
119939,2022-04-30,train
119939,2022-05-31,train
119939,2022-06-30,train
119939,2022-07-31,train
119939,2022-08-31,train
119939,2022-09-30,train
119939,2022-10-31,train
119939,2022-11-30,train
119939,2022-12-31,train
119939,2023-01-31,train
119939,2023-02-28,train
119939,2023-03-31,train
119939,2023-04-30,train
119939,2023-05-31,train
119939,2023-06-30,train
119939,2023-07-31,train
119939,2023-08-31,train
119939,2023-09-30,train
119939,2023-10-31,train
119939,2023-11-30,train
119939,2023-12-31,train
119939,2024-01-31,train
119939,2024-02-29,train
119939,2024-03-31,train
119939,2024-04-30,train
119939,2024-05-31,train
119939,2024-06-30,train
119939,2024-07-31,train
119939,2024-08-31,train
122237,2022-04-30,train
122237,2022-05-31,train
122237,2022-06-30,train
122237,2022-07-31,train
122237,2022-08-31,train
122237,2022-09-30,train
122237,2022-10-31,train
122237,2022-11-30,train
122237,2022-12-31,train
122237,2023-01-31,train
122237,2023-02-28,train
122237,2023-03-31,train
122237,2023-04-30,train
122237,2023-05-31,train
122237,2023-06-30,train
122237,2023-07-31,train
122237,2023-08-31,train
122237,2023-09-30,train
122237,2023-10-31,train
122237,2023-11-30,train
122237,2023-12-31,train
122237,2024-01-31,train
122237,2024-02-29,train
122237,2024-03-31,train
122237,2024-04-30,train
122237,2024-05-31,train
122237,2024-06-30,train
122237,2024-07-31,train
122237,2024-08-31,train
122241,2023-07-31,train
122241,2023-08-31,train
122241,2023-09-30,train
122241,2023-10-31,train
122241,2023-11-30,train
122241,2023-12-31,train
122241,2024-01-31,train
122241,2024-02-29,train
122241,2024-03-31,train
122241,2024-04-30,train
122241,2024-05-31,train
122241,2024-06-30,train
122241,2024-07-31,train
122241,2024-08-31,train
122247,2021-07-31,train
122247,2021-08-31,train
122247,2021-09-30,train
122247,2021-10-31,train
122247,2021-11-30,train
122247,2021-12-31,train
122247,2022-01-31,train
122247,2022-02-28,train
122247,2022-03-31,train
122247,2022-04-30,train
122247,2022-05-31,train
122247,2022-06-30,train
122247,2022-07-31,train
122247,2022-08-31,train
122247,2022-09-30,train
122247,2022-10-31,train
122247,2022-11-30,train
122247,2022-12-31,train
122247,2023-01-31,train
122247,2023-02-28,train
122247,2023-03-31,train
122247,2023-04-30,train
122247,2023-05-31,train
122247,2023-06-30,train
122247,2023-07-31,train
122247,2023-08-31,train
122247,2023-09-30,train
122247,2023-10-31,train
122247,2023-11-30,train
122247,2023-12-31,train
122247,2024-01-31,train
122247,2024-02-29,train
122247,2024-03-31,train
122247,2024-04-30,train
122247,2024-05-31,train
122247,2024-06-30,train
122247,2024-07-31,train
122247,2024-08-31,train
122248,2021-07-31,train
122248,2021-08-31,train
122248,2021-09-30,train
122248,2021-10-31,train
122248,2021-11-30,train
122248,2021-12-31,train
122248,2022-01-31,train
122248,2022-02-28,train
122248,2022-03-31,train
122248,2022-04-30,train
122248,2022-05-31,train
122248,2022-06-30,train
122248,2022-07-31,train
122248,2022-08-31,train
122248,2022-09-30,train
122248,2022-10-31,train
122248,2022-11-30,train
122248,2022-12-31,train
122248,2023-01-31,train
122248,2023-02-28,train
122248,2023-03-31,train
122248,2023-04-30,train
122248,2023-05-31,train
122248,2023-06-30,train
122248,2023-07-31,train
122248,2023-08-31,train
122248,2023-09-30,train
122248,2023-10-31,train
122248,2023-11-30,train
122248,2023-12-31,train
122248,2024-01-31,train
122248,2024-02-29,train
122248,2024-03-31,train
122248,2024-04-30,train
122248,2024-05-31,train
122248,2024-06-30,train
122248,2024-07-31,train
122248,2024-08-31,train
122251,2021-07-31,train
122251,2021-08-31,train
122251,2021-09-30,train
122251,2021-10-31,train
122251,2021-11-30,train
122251,2021-12-31,train
122251,2022-01-31,train
122251,2022-02-28,train
122251,2022-03-31,train
122251,2022-04-30,train
122251,2022-05-31,train
122251,2022-06-30,train
122251,2022-07-31,train
122251,2022-08-31,train
122251,2022-09-30,train
122251,2022-10-31,train
122251,2022-11-30,train
122251,2022-12-31,train
122251,2023-01-31,train
122251,2023-02-28,train
122251,2023-03-31,train
122251,2023-04-30,train
122251,2023-05-31,train
122251,2023-06-30,train
122251,2023-07-31,train
122251,2023-08-31,train
122251,2023-09-30,train
122251,2023-10-31,train
122251,2023-11-30,train
122251,2023-12-31,train
122251,2024-01-31,train
122251,2024-02-29,train
122251,2024-03-31,train
122251,2024-04-30,train
122251,2024-05-31,train
122251,2024-06-30,train
122251,2024-07-31,train
122251,2024-08-31,train
122253,2022-09-30,train
122253,2022-10-31,train
122253,2022-11-30,train
122253,2022-12-31,train
122253,2023-01-31,train
122253,2023-02-28,train
122253,2023-03-31,train
122253,2023-04-30,train
122253,2023-05-31,train
122253,2023-06-30,train
122253,2023-07-31,train
122253,2023-08-31,train
122253,2023-09-30,train
122253,2023-10-31,train
122253,2023-11-30,train
122253,2023-12-31,train
122253,2024-01-31,train
122253,2024-02-29,train
122253,2024-03-31,train
122253,2024-04-30,train
122253,2024-05-31,train
122253,2024-06-30,train
122253,2024-07-31,train
122253,2024-08-31,train
122254,2022-02-28,train
122254,2022-03-31,train
122254,2022-04-30,train
122254,2022-05-31,train
122254,2022-06-30,train
122254,2022-07-31,train
122254,2022-08-31,train
122254,2022-09-30,train
122254,2022-10-31,train
122254,2022-11-30,train
122254,2022-12-31,train
122254,2023-01-31,train
122254,2023-02-28,train
122254,2023-03-31,train
122254,2023-04-30,train
122254,2023-05-31,train
122254,2023-06-30,train
122254,2023-07-31,train
122254,2023-08-31,train
122254,2023-09-30,train
122254,2023-10-31,train
122254,2023-11-30,train
122254,2023-12-31,train
122254,2024-01-31,train
122254,2024-02-29,train
122254,2024-03-31,train
122254,2024-04-30,train
122254,2024-05-31,train
122254,2024-06-30,train
122254,2024-07-31,train
122254,2024-08-31,train
122257,2021-07-31,train
122257,2021-08-31,train
122257,2021-09-30,train
122257,2021-10-31,train
122257,2021-11-30,train
122257,2021-12-31,train
122257,2022-01-31,train
122257,2022-02-28,train
122257,2022-03-31,train
122257,2022-04-30,train
122257,2022-05-31,train
122257,2022-06-30,train
122257,2022-07-31,train
122257,2022-08-31,train
122257,2022-09-30,train
122257,2022-10-31,train
122257,2022-11-30,train
122257,2022-12-31,train
122257,2023-01-31,train
122257,2023-02-28,train
122257,2023-03-31,train
122257,2023-04-30,train
122257,2023-05-31,train
122257,2023-06-30,train
122257,2023-07-31,train
122257,2023-08-31,train
122257,2023-09-30,train
122257,2023-10-31,train
122257,2023-11-30,train
122257,2023-12-31,train
122257,2024-01-31,train
122257,2024-02-29,train
122257,2024-03-31,train
122257,2024-04-30,train
122257,2024-05-31,train
122257,2024-06-30,train
122257,2024-07-31,train
122257,2024-08-31,train
122260,2024-04-30,train
122260,2024-05-31,train
122260,2024-06-30,train
122260,2024-07-31,train
122260,2024-08-31,train
122262,2021-07-31,train
122262,2021-08-31,train
122262,2021-09-30,train
122262,2021-10-31,train
122262,2021-11-30,train
122262,2021-12-31,train
122262,2022-01-31,train
122262,2022-02-28,train
122262,2022-03-31,train
122262,2022-04-30,train
122262,2022-05-31,train
122262,2022-06-30,train
122262,2022-07-31,train
122262,2022-08-31,train
122262,2022-09-30,train
122262,2022-10-31,train
122262,2022-11-30,train
122262,2022-12-31,train
122262,2023-01-31,train
122262,2023-02-28,train
122262,2023-03-31,train
122262,2023-04-30,train
122262,2023-05-31,train
122262,2023-06-30,train
122262,2023-07-31,train
122262,2023-08-31,train
122262,2023-09-30,train
122262,2023-10-31,train
122262,2023-11-30,train
122262,2023-12-31,train
122262,2024-01-31,train
122262,2024-02-29,train
122262,2024-03-31,train
122262,2024-04-30,train
122262,2024-05-31,train
122262,2024-06-30,train
122262,2024-07-31,train
122262,2024-08-31,train
122264,2021-07-31,train
122264,2021-08-31,train
122264,2021-09-30,train
122264,2021-10-31,train
122264,2021-11-30,train
122264,2021-12-31,train
122264,2022-01-31,train
122264,2022-02-28,train
122264,2022-03-31,train
122264,2022-04-30,train
122264,2022-05-31,train
122264,2022-06-30,train
122264,2022-07-31,train
122264,2022-08-31,train
122264,2022-09-30,train
122264,2022-10-31,train
122264,2022-11-30,train
122264,2022-12-31,train
122264,2023-01-31,train
122264,2023-02-28,train
122264,2023-03-31,train
122264,2023-04-30,train
122264,2023-05-31,train
122264,2023-06-30,train
122264,2023-07-31,train
122264,2023-08-31,train
122264,2023-09-30,train
122264,2023-10-31,train
122264,2023-11-30,train
122264,2023-12-31,train
122264,2024-01-31,train
122264,2024-02-29,train
122264,2024-03-31,train
122264,2024-04-30,train
122264,2024-05-31,train
122264,2024-06-30,train
122264,2024-07-31,train
122264,2024-08-31,train
122267,2021-07-31,train
122267,2021-08-31,train
122267,2021-09-30,train
122267,2021-10-31,train
122267,2021-11-30,train
122267,2021-12-31,train
122267,2022-01-31,train
122267,2022-02-28,train
122267,2022-03-31,train
122267,2022-04-30,train
122267,2022-05-31,train
122267,2022-06-30,train
122267,2022-07-31,train
122267,2022-08-31,train
122267,2022-09-30,train
122267,2022-10-31,train
122267,2022-11-30,train
122267,2022-12-31,train
122267,2023-01-31,train
122267,2023-02-28,train
122267,2023-03-31,train
122267,2023-04-30,train
122267,2023-05-31,train
122267,2023-06-30,train
122267,2023-07-31,train
122267,2023-08-31,train
122267,2023-09-30,train
122267,2023-10-31,train
122267,2023-11-30,train
122267,2023-12-31,train
122267,2024-01-31,train
122267,2024-02-29,train
122267,2024-03-31,train
122267,2024-04-30,train
122267,2024-05-31,train
122267,2024-06-30,train
122267,2024-07-31,train
122267,2024-08-31,train
122268,2021-07-31,train
122268,2021-08-31,train
122268,2021-09-30,train
122268,2021-10-31,train
122268,2021-11-30,train
122268,2021-12-31,train
122268,2022-01-31,train
122268,2022-02-28,train
122268,2022-03-31,train
122268,2022-04-30,train
122268,2022-05-31,train
122268,2022-06-30,train
122268,2022-07-31,train
122268,2022-08-31,train
122268,2022-09-30,train
122268,2022-10-31,train
122268,2022-11-30,train
122268,2022-12-31,train
122268,2023-01-31,train
122268,2023-02-28,train
122268,2023-03-31,train
122268,2023-04-30,train
122268,2023-05-31,train
122268,2023-06-30,train
122268,2023-07-31,train
122268,2023-08-31,train
122268,2023-09-30,train
122268,2023-10-31,train
122268,2023-11-30,train
122268,2023-12-31,train
122268,2024-01-31,train
122271,2021-07-31,train
122271,2021-08-31,train
122271,2021-09-30,train
122271,2021-10-31,train
122271,2021-11-30,train
122271,2021-12-31,train
122271,2022-01-31,train
122271,2022-02-28,train
122271,2022-03-31,train
122271,2022-04-30,train
122271,2022-05-31,train
122271,2022-06-30,train
122271,2022-07-31,train
122271,2022-08-31,train
122271,2022-09-30,train
122271,2022-10-31,train
122271,2022-11-30,train
122271,2022-12-31,train
122271,2023-01-31,train
122271,2023-02-28,train
122271,2023-03-31,train
122271,2023-04-30,train
122271,2023-05-31,train
122271,2023-06-30,train
122271,2023-07-31,train
122271,2023-08-31,train
122271,2023-09-30,train
122271,2023-10-31,train
122271,2023-11-30,train
122271,2023-12-31,train
122271,2024-01-31,train
122271,2024-02-29,train
122271,2024-03-31,train
122271,2024-04-30,train
122271,2024-05-31,train
122271,2024-06-30,train
122271,2024-07-31,train
122271,2024-08-31,train
122272,2021-07-31,train
122272,2021-08-31,train
122272,2021-09-30,train
122272,2021-10-31,train
122272,2021-11-30,train
122272,2021-12-31,train
122272,2022-01-31,train
122272,2022-02-28,train
122272,2022-03-31,train
122272,2022-04-30,train
122272,2022-05-31,train
122272,2022-06-30,train
122272,2022-07-31,train
122272,2022-08-31,train
122272,2022-09-30,train
122272,2022-10-31,train
122272,2022-11-30,train
122272,2022-12-31,train
122272,2023-01-31,train
122272,2023-02-28,train
122272,2023-03-31,train
122272,2023-04-30,train
122277,2021-07-31,train
122277,2021-08-31,train
122277,2021-09-30,train
122277,2021-10-31,train
122277,2021-11-30,train
122277,2021-12-31,train
122277,2022-01-31,train
122277,2022-02-28,train
122277,2022-03-31,train
122277,2022-04-30,train
122277,2022-05-31,train
122277,2022-06-30,train
122277,2022-07-31,train
122277,2022-08-31,train
122277,2022-09-30,train
122277,2022-10-31,train
122277,2022-11-30,train
122277,2022-12-31,train
122277,2023-01-31,train
122277,2023-02-28,train
122277,2023-03-31,train
122277,2023-04-30,train
122277,2023-05-31,train
122277,2023-06-30,train
122277,2023-07-31,train
122277,2023-08-31,train
122277,2023-09-30,train
122277,2023-10-31,train
122277,2023-11-30,train
122277,2023-12-31,train
122277,2024-01-31,train
122277,2024-02-29,train
122277,2024-03-31,train
122277,2024-04-30,train
122277,2024-05-31,train
122277,2024-06-30,train
122277,2024-07-31,train
122277,2024-08-31,train
122281,2021-07-31,train
122281,2021-08-31,train
122281,2021-09-30,train
122281,2021-10-31,train
122281,2021-11-30,train
122281,2021-12-31,train
122281,2022-01-31,train
122281,2022-02-28,train
122281,2022-03-31,train
122281,2022-04-30,train
122281,2022-05-31,train
122281,2022-06-30,train
122281,2022-07-31,train
122281,2022-08-31,train
122281,2022-09-30,train
122281,2022-10-31,train
122281,2022-11-30,train
122281,2022-12-31,train
122281,2023-01-31,train
122281,2023-02-28,train
122281,2023-03-31,train
122281,2023-04-30,train
122281,2023-05-31,train
122281,2023-06-30,train
122281,2023-07-31,train
122281,2023-08-31,train
122281,2023-09-30,train
122286,2021-07-31,train
122286,2021-08-31,train
122286,2021-09-30,train
122286,2021-10-31,train
122286,2021-11-30,train
122286,2021-12-31,train
122286,2022-01-31,train
122286,2022-02-28,train
122286,2022-03-31,train
122286,2022-04-30,train
122286,2022-05-31,train
122286,2022-06-30,train
122286,2022-07-31,train
122286,2022-08-31,train
122286,2022-09-30,train
122286,2022-10-31,train
122286,2022-11-30,train
122286,2022-12-31,train
122286,2023-01-31,train
122286,2023-02-28,train
122286,2023-03-31,train
122286,2023-04-30,train
122286,2023-05-31,train
122286,2023-06-30,train
122286,2023-07-31,train
122286,2023-08-31,train
122286,2023-09-30,train
122286,2023-10-31,train
122286,2023-11-30,train
122286,2023-12-31,train
122286,2024-01-31,train
122286,2024-02-29,train
122286,2024-03-31,train
122286,2024-04-30,train
122286,2024-05-31,train
122286,2024-06-30,train
122286,2024-07-31,train
122286,2024-08-31,train
122287,2022-05-31,train
122287,2022-06-30,train
122287,2022-07-31,train
122287,2022-08-31,train
122287,2022-09-30,train
122287,2022-10-31,train
122287,2022-11-30,train
122287,2022-12-31,train
122287,2023-01-31,train
122287,2023-02-28,train
122287,2023-03-31,train
122287,2023-04-30,train
122287,2023-05-31,train
122287,2023-06-30,train
122287,2023-07-31,train
122288,2022-05-31,train
122288,2022-06-30,train
122288,2022-07-31,train
122288,2022-08-31,train
122288,2022-09-30,train
122288,2022-10-31,train
122288,2022-11-30,train
122288,2022-12-31,train
122288,2023-01-31,train
122288,2023-02-28,train
122288,2023-03-31,train
122288,2023-04-30,train
122288,2023-05-31,train
122288,2023-06-30,train
122288,2023-07-31,train
122292,2021-07-31,train
122292,2021-08-31,train
122292,2021-09-30,train
122292,2021-10-31,train
122292,2021-11-30,train
122292,2021-12-31,train
122292,2022-01-31,train
122292,2022-02-28,train
122292,2022-03-31,train
122292,2022-04-30,train
122292,2022-05-31,train
122292,2022-06-30,train
122292,2022-07-31,train
122292,2022-08-31,train
122292,2022-09-30,train
122292,2022-10-31,train
122292,2022-11-30,train
122292,2022-12-31,train
122292,2023-01-31,train
122292,2023-02-28,train
122292,2023-03-31,train
122292,2023-04-30,train
122292,2023-05-31,train
122292,2023-06-30,train
122292,2023-07-31,train
122292,2023-08-31,train
122292,2023-09-30,train
122292,2023-10-31,train
122292,2023-11-30,train
122292,2023-12-31,train
122292,2024-01-31,train
122292,2024-02-29,train
122292,2024-03-31,train
122292,2024-04-30,train
122292,2024-05-31,train
122292,2024-06-30,train
122292,2024-07-31,train
122292,2024-08-31,train
122293,2021-07-31,train
122293,2021-08-31,train
122293,2021-09-30,train
122293,2021-10-31,train
122293,2021-11-30,train
122293,2021-12-31,train
122293,2022-01-31,train
122293,2022-02-28,train
122293,2022-03-31,train
122293,2022-04-30,train
122293,2022-05-31,train
122293,2022-06-30,train
122293,2022-07-31,train
122293,2022-08-31,train
122293,2022-09-30,train
122293,2022-10-31,train
122293,2022-11-30,train
122293,2022-12-31,train
122293,2023-01-31,train
122293,2023-02-28,train
122293,2023-03-31,train
122293,2023-04-30,train
122293,2023-05-31,train
122293,2023-06-30,train
122293,2023-07-31,train
122293,2023-08-31,train
122293,2023-09-30,train
122293,2023-10-31,train
122293,2023-11-30,train
122293,2023-12-31,train
122293,2024-01-31,train
122293,2024-02-29,train
122293,2024-03-31,train
122293,2024-04-30,train
122293,2024-05-31,train
122293,2024-06-30,train
122293,2024-07-31,train
122293,2024-08-31,train
122294,2021-07-31,train
122294,2021-08-31,train
122294,2021-09-30,train
122294,2021-10-31,train
122294,2021-11-30,train
122294,2021-12-31,train
122294,2022-01-31,train
122294,2022-02-28,train
122294,2022-03-31,train
122294,2022-04-30,train
122294,2022-05-31,train
122294,2022-06-30,train
122294,2022-07-31,train
122294,2022-08-31,train
122294,2022-09-30,train
122294,2022-10-31,train
122294,2022-11-30,train
122294,2022-12-31,train
122294,2023-01-31,train
122294,2023-02-28,train
122294,2023-03-31,train
122294,2023-04-30,train
122294,2023-05-31,train
122294,2023-06-30,train
122294,2023-07-31,train
122294,2023-08-31,train
122294,2023-09-30,train
122294,2023-10-31,train
122294,2023-11-30,train
122294,2023-12-31,train
122294,2024-01-31,train
122294,2024-02-29,train
122294,2024-03-31,train
122294,2024-04-30,train
122294,2024-05-31,train
122294,2024-06-30,train
122294,2024-07-31,train
122294,2024-08-31,train
122295,2021-07-31,train
122295,2021-08-31,train
122295,2021-09-30,train
122295,2021-10-31,train
122295,2021-11-30,train
122295,2021-12-31,train
122295,2022-01-31,train
122295,2022-02-28,train
122295,2022-03-31,train
122295,2022-04-30,train
122295,2022-05-31,train
122295,2022-06-30,train
122295,2022-07-31,train
122295,2022-08-31,train
122295,2022-09-30,train
122295,2022-10-31,train
122295,2022-11-30,train
122295,2022-12-31,train
122295,2023-01-31,train
122295,2023-02-28,train
122295,2023-03-31,train
122295,2023-04-30,train
122295,2023-05-31,train
122295,2023-06-30,train
122295,2023-07-31,train
122295,2023-08-31,train
122295,2023-09-30,train
122295,2023-10-31,train
122295,2023-11-30,train
122295,2023-12-31,train
122295,2024-01-31,train
122295,2024-02-29,train
122295,2024-03-31,train
122295,2024-04-30,train
122295,2024-05-31,train
122295,2024-06-30,train
122295,2024-07-31,train
122295,2024-08-31,train
122297,2021-10-31,train
122297,2021-11-30,train
122297,2021-12-31,train
122297,2022-01-31,train
122297,2022-02-28,train
122297,2022-03-31,train
122297,2022-04-30,train
122297,2022-05-31,train
122297,2022-06-30,train
122297,2022-07-31,train
122297,2022-08-31,train
122297,2022-09-30,train
122297,2022-10-31,train
122297,2022-11-30,train
122297,2022-12-31,train
122298,2021-07-31,train
122298,2021-08-31,train
122298,2021-09-30,train
122298,2021-10-31,train
122298,2021-11-30,train
122298,2021-12-31,train
122298,2022-01-31,train
122298,2022-02-28,train
122298,2022-03-31,train
122298,2022-04-30,train
122298,2022-05-31,train
122298,2022-06-30,train
122298,2022-07-31,train
122298,2022-08-31,train
122298,2022-09-30,train
122298,2022-10-31,train
122298,2022-11-30,train
122298,2022-12-31,train
122298,2023-01-31,train
122298,2023-02-28,train
122298,2023-03-31,train
122298,2023-04-30,train
122298,2023-05-31,train
122298,2023-06-30,train
122298,2023-07-31,train
122298,2023-08-31,train
122298,2023-09-30,train
122298,2023-10-31,train
122298,2023-11-30,train
122298,2023-12-31,train
122298,2024-01-31,train
122298,2024-02-29,train
122298,2024-03-31,train
122298,2024-04-30,train
122298,2024-05-31,train
122298,2024-06-30,train
122298,2024-07-31,train
122298,2024-08-31,train
122302,2021-07-31,train
122302,2021-08-31,train
122302,2021-09-30,train
122302,2021-10-31,train
122302,2021-11-30,train
122302,2021-12-31,train
122302,2022-01-31,train
122302,2022-02-28,train
122302,2022-03-31,train
122302,2022-04-30,train
122302,2022-05-31,train
122302,2022-06-30,train
122302,2022-07-31,train
122302,2022-08-31,train
122302,2022-09-30,train
122302,2022-10-31,train
122302,2022-11-30,train
122302,2022-12-31,train
122302,2023-01-31,train
122302,2023-02-28,train
122302,2023-03-31,train
122302,2023-04-30,train
122302,2023-05-31,train
122302,2023-06-30,train
122302,2023-07-31,train
122302,2023-08-31,train
122302,2023-09-30,train
122302,2023-10-31,train
122302,2023-11-30,train
122302,2023-12-31,train
122302,2024-01-31,train
122302,2024-02-29,train
122302,2024-03-31,train
122302,2024-04-30,train
122302,2024-05-31,train
122302,2024-06-30,train
122302,2024-07-31,train
122302,2024-08-31,train
122310,2022-03-31,train
122310,2022-04-30,train
122310,2022-05-31,train
122310,2022-06-30,train
122310,2022-07-31,train
122310,2022-08-31,train
122310,2022-09-30,train
122310,2022-10-31,train
122310,2022-11-30,train
122310,2022-12-31,train
122310,2023-01-31,train
122310,2023-02-28,train
122310,2023-03-31,train
122310,2023-04-30,train
122310,2023-05-31,train
122310,2023-06-30,train
122310,2023-07-31,train
122310,2023-08-31,train
122310,2023-09-30,train
122310,2023-10-31,train
122310,2023-11-30,train
122310,2023-12-31,train
122310,2024-01-31,train
122310,2024-02-29,train
122310,2024-03-31,train
122310,2024-04-30,train
122310,2024-05-31,train
122310,2024-06-30,train
122310,2024-07-31,train
122310,2024-08-31,train
122315,2021-07-31,train
122315,2021-08-31,train
122315,2021-09-30,train
122315,2021-10-31,train
122315,2021-11-30,train
122315,2021-12-31,train
122315,2022-01-31,train
122315,2022-02-28,train
122315,2022-03-31,train
122315,2022-04-30,train
122315,2022-05-31,train
122315,2022-06-30,train
122315,2022-07-31,train
122315,2022-08-31,train
122315,2022-09-30,train
122315,2022-10-31,train
122315,2022-11-30,train
122315,2022-12-31,train
122315,2023-01-31,train
122315,2023-02-28,train
122315,2023-03-31,train
122315,2023-04-30,train
122315,2023-05-31,train
122315,2023-06-30,train
122315,2023-07-31,train
122315,2023-08-31,train
122315,2023-09-30,train
122315,2023-10-31,train
122315,2023-11-30,train
122315,2023-12-31,train
122315,2024-01-31,train
122315,2024-02-29,train
122315,2024-03-31,train
122315,2024-04-30,train
122315,2024-05-31,train
122315,2024-06-30,train
122315,2024-07-31,train
122315,2024-08-31,train
122322,2021-07-31,train
122322,2021-08-31,train
122322,2021-09-30,train
122322,2021-10-31,train
122322,2021-11-30,train
122322,2021-12-31,train
122322,2022-01-31,train
122322,2022-02-28,train
122322,2022-03-31,train
122322,2022-04-30,train
122322,2022-05-31,train
122322,2022-06-30,train
122322,2022-07-31,train
122322,2022-08-31,train
122323,2021-07-31,train
122323,2021-08-31,train
122323,2021-09-30,train
122323,2021-10-31,train
122323,2021-11-30,train
122323,2021-12-31,train
122323,2022-01-31,train
122323,2022-02-28,train
122323,2022-03-31,train
122323,2022-04-30,train
122323,2022-05-31,train
122323,2022-06-30,train
122323,2022-07-31,train
122323,2022-08-31,train
122323,2022-09-30,train
122323,2022-10-31,train
122323,2022-11-30,train
122323,2022-12-31,train
122323,2023-01-31,train
122323,2023-02-28,train
122323,2023-03-31,train
122323,2023-04-30,train
122323,2023-05-31,train
122323,2023-06-30,train
122323,2023-07-31,train
122323,2023-08-31,train
122323,2023-09-30,train
122323,2023-10-31,train
122323,2023-11-30,train
122323,2023-12-31,train
122323,2024-01-31,train
122323,2024-02-29,train
122323,2024-03-31,train
122323,2024-04-30,train
122323,2024-05-31,train
122323,2024-06-30,train
122323,2024-07-31,train
122323,2024-08-31,train
122325,2021-07-31,train
122325,2021-08-31,train
122325,2021-09-30,train
122325,2021-10-31,train
122325,2021-11-30,train
122325,2021-12-31,train
122325,2022-01-31,train
122325,2022-02-28,train
122325,2022-03-31,train
122325,2022-04-30,train
122325,2022-05-31,train
122325,2022-06-30,train
122325,2022-07-31,train
122325,2022-08-31,train
122325,2022-09-30,train
122325,2022-10-31,train
122325,2022-11-30,train
122325,2022-12-31,train
122325,2023-01-31,train
122325,2023-02-28,train
122325,2023-03-31,train
122325,2023-04-30,train
122325,2023-05-31,train
122325,2023-06-30,train
122325,2023-07-31,train
122325,2023-08-31,train
122325,2023-09-30,train
122325,2023-10-31,train
122325,2023-11-30,train
122325,2023-12-31,train
122325,2024-01-31,train
122325,2024-02-29,train
122325,2024-03-31,train
122325,2024-04-30,train
122325,2024-05-31,train
122325,2024-06-30,train
122325,2024-07-31,train
122325,2024-08-31,train
122336,2021-12-31,train
122336,2022-01-31,train
122336,2022-02-28,train
122336,2022-03-31,train
122336,2022-04-30,train
122336,2022-05-31,train
122336,2022-06-30,train
122336,2022-07-31,train
122336,2022-08-31,train
122336,2022-09-30,train
122336,2022-10-31,train
122336,2022-11-30,train
122336,2022-12-31,train
122336,2023-01-31,train
122336,2023-02-28,train
122336,2023-03-31,train
122336,2023-04-30,train
122336,2023-05-31,train
122336,2023-06-30,train
122336,2023-07-31,train
122336,2023-08-31,train
122336,2023-09-30,train
122336,2023-10-31,train
122336,2023-11-30,train
122336,2023-12-31,train
122336,2024-01-31,train
122336,2024-02-29,train
122336,2024-03-31,train
122336,2024-04-30,train
122336,2024-05-31,train
122336,2024-06-30,train
122336,2024-07-31,train
122336,2024-08-31,train
122347,2021-07-31,train
122347,2021-08-31,train
122347,2021-09-30,train
122347,2021-10-31,train
122347,2021-11-30,train
122347,2021-12-31,train
122347,2022-01-31,train
122347,2022-02-28,train
122347,2022-03-31,train
122347,2022-04-30,train
122347,2022-05-31,train
122347,2022-06-30,train
122347,2022-07-31,train
122347,2022-08-31,train
122347,2022-09-30,train
122347,2022-10-31,train
122347,2022-11-30,train
122347,2022-12-31,train
122347,2023-01-31,train
122347,2023-02-28,train
122347,2023-03-31,train
122347,2023-04-30,train
122347,2023-05-31,train
122347,2023-06-30,train
122347,2023-07-31,train
122347,2023-08-31,train
122347,2023-09-30,train
122347,2023-10-31,train
122347,2023-11-30,train
122347,2023-12-31,train
122347,2024-01-31,train
122347,2024-02-29,train
122347,2024-03-31,train
122347,2024-04-30,train
122347,2024-05-31,train
122347,2024-06-30,train
122347,2024-07-31,train
122347,2024-08-31,train
122355,2021-07-31,train
122355,2021-08-31,train
122355,2021-09-30,train
122355,2021-10-31,train
122355,2021-11-30,train
122355,2021-12-31,train
122355,2022-01-31,train
122355,2022-02-28,train
122355,2022-03-31,train
122355,2022-04-30,train
122355,2022-05-31,train
122355,2022-06-30,train
122355,2022-07-31,train
122355,2022-08-31,train
122355,2022-09-30,train
122355,2022-10-31,train
122355,2022-11-30,train
122355,2022-12-31,train
122355,2023-01-31,train
122355,2023-02-28,train
122355,2023-03-31,train
122355,2023-04-30,train
122355,2023-05-31,train
122355,2023-06-30,train
122355,2023-07-31,train
122355,2023-08-31,train
122355,2023-09-30,train
122355,2023-10-31,train
122355,2023-11-30,train
122355,2023-12-31,train
122355,2024-01-31,train
122355,2024-02-29,train
122355,2024-03-31,train
122355,2024-04-30,train
122355,2024-05-31,train
122355,2024-06-30,train
122355,2024-07-31,train
122355,2024-08-31,train
122360,2021-07-31,train
122360,2021-08-31,train
122360,2021-09-30,train
122360,2021-10-31,train
122360,2021-11-30,train
122360,2021-12-31,train
122360,2022-01-31,train
122360,2022-02-28,train
122360,2022-03-31,train
122360,2022-04-30,train
122360,2022-05-31,train
122360,2022-06-30,train
122360,2022-07-31,train
122360,2022-08-31,train
122360,2022-09-30,train
122360,2022-10-31,train
122360,2022-11-30,train
122360,2022-12-31,train
122360,2023-01-31,train
122360,2023-02-28,train
122360,2023-03-31,train
122360,2023-04-30,train
122360,2023-05-31,train
122360,2023-06-30,train
122360,2023-07-31,train
122360,2023-08-31,train
122360,2023-09-30,train
122360,2023-10-31,train
122360,2023-11-30,train
122360,2023-12-31,train
122360,2024-01-31,train
122360,2024-02-29,train
122360,2024-03-31,train
122360,2024-04-30,train
122360,2024-05-31,train
122360,2024-06-30,train
122360,2024-07-31,train
122360,2024-08-31,train
122361,2021-07-31,train
122361,2021-08-31,train
122361,2021-09-30,train
122361,2021-10-31,train
122361,2021-11-30,train
122361,2021-12-31,train
122361,2022-01-31,train
122361,2022-02-28,train
122361,2022-03-31,train
122361,2022-04-30,train
122361,2022-05-31,train
122361,2022-06-30,train
122361,2022-07-31,train
122361,2022-08-31,train
122361,2022-09-30,train
122361,2022-10-31,train
122361,2022-11-30,train
122361,2022-12-31,train
122361,2023-01-31,train
122361,2023-02-28,train
122361,2023-03-31,train
122361,2023-04-30,train
122361,2023-05-31,train
122361,2023-06-30,train
122361,2023-07-31,train
122361,2023-08-31,train
122361,2023-09-30,train
122361,2023-10-31,train
122361,2023-11-30,train
122361,2023-12-31,train
122361,2024-01-31,train
122361,2024-02-29,train
122361,2024-03-31,train
122361,2024-04-30,train
122361,2024-05-31,train
122361,2024-06-30,train
122361,2024-07-31,train
122361,2024-08-31,train
122364,2021-07-31,train
122364,2021-08-31,train
122364,2021-09-30,train
122364,2021-10-31,train
122364,2021-11-30,train
122364,2021-12-31,train
122364,2022-01-31,train
122364,2022-02-28,train
122364,2022-03-31,train
122364,2022-04-30,train
122364,2022-05-31,train
122364,2022-06-30,train
122364,2022-07-31,train
122364,2022-08-31,train
122364,2022-09-30,train
122364,2022-10-31,train
122364,2022-11-30,train
122364,2022-12-31,train
122364,2023-01-31,train
122364,2023-02-28,train
122364,2023-03-31,train
122364,2023-04-30,train
122364,2023-05-31,train
122364,2023-06-30,train
122364,2023-07-31,train
122364,2023-08-31,train
122364,2023-09-30,train
122364,2023-10-31,train
122364,2023-11-30,train
122364,2023-12-31,train
122364,2024-01-31,train
122364,2024-02-29,train
122365,2021-07-31,train
122365,2021-08-31,train
122365,2021-09-30,train
122365,2021-10-31,train
122365,2021-11-30,train
122365,2021-12-31,train
122365,2022-01-31,train
122365,2022-02-28,train
122365,2022-03-31,train
122365,2022-04-30,train
122365,2022-05-31,train
122365,2022-06-30,train
122365,2022-07-31,train
122365,2022-08-31,train
122365,2022-09-30,train
122365,2022-10-31,train
122365,2022-11-30,train
122365,2022-12-31,train
122365,2023-01-31,train
122365,2023-02-28,train
122365,2023-03-31,train
122365,2023-04-30,train
122365,2023-05-31,train
122366,2021-07-31,train
122366,2021-08-31,train
122366,2021-09-30,train
122366,2021-10-31,train
122366,2021-11-30,train
122366,2021-12-31,train
122366,2022-01-31,train
122366,2022-02-28,train
122366,2022-03-31,train
122366,2022-04-30,train
122366,2022-05-31,train
122366,2022-06-30,train
122366,2022-07-31,train
122366,2022-08-31,train
122366,2022-09-30,train
122366,2022-10-31,train
122366,2022-11-30,train
122366,2022-12-31,train
122366,2023-01-31,train
122366,2023-02-28,train
122366,2023-03-31,train
122366,2023-04-30,train
122366,2023-05-31,train
122366,2023-06-30,train
122366,2023-07-31,train
122366,2023-08-31,train
122366,2023-09-30,train
122366,2023-10-31,train
122366,2023-11-30,train
122366,2023-12-31,train
122366,2024-01-31,train
122366,2024-02-29,train
122366,2024-03-31,train
122366,2024-04-30,train
122366,2024-05-31,train
122366,2024-06-30,train
122366,2024-07-31,train
122366,2024-08-31,train
122367,2021-07-31,train
122367,2021-08-31,train
122367,2021-09-30,train
122367,2021-10-31,train
122367,2021-11-30,train
122367,2021-12-31,train
122367,2022-01-31,train
122367,2022-02-28,train
122367,2022-03-31,train
122367,2022-04-30,train
122367,2022-05-31,train
122367,2022-06-30,train
122367,2022-07-31,train
122367,2022-08-31,train
122367,2022-09-30,train
122367,2022-10-31,train
122367,2022-11-30,train
122367,2022-12-31,train
122367,2023-01-31,train
122367,2023-02-28,train
122367,2023-03-31,train
122367,2023-04-30,train
122367,2023-05-31,train
122367,2023-06-30,train
122367,2023-07-31,train
122367,2023-08-31,train
122367,2023-09-30,train
122367,2023-10-31,train
122367,2023-11-30,train
122367,2023-12-31,train
122367,2024-01-31,train
122367,2024-02-29,train
122367,2024-03-31,train
122367,2024-04-30,train
122367,2024-05-31,train
122367,2024-06-30,train
122367,2024-07-31,train
122367,2024-08-31,train
122368,2021-07-31,train
122368,2021-08-31,train
122368,2021-09-30,train
122368,2021-10-31,train
122368,2021-11-30,train
122368,2021-12-31,train
122368,2022-01-31,train
122368,2022-02-28,train
122368,2022-03-31,train
122368,2022-04-30,train
122368,2022-05-31,train
122368,2022-06-30,train
122368,2022-07-31,train
122368,2022-08-31,train
122368,2022-09-30,train
122368,2022-10-31,train
122368,2022-11-30,train
122368,2022-12-31,train
122368,2023-01-31,train
122368,2023-02-28,train
122368,2023-03-31,train
122368,2023-04-30,train
122368,2023-05-31,train
122368,2023-06-30,train
122368,2023-07-31,train
122368,2023-08-31,train
122368,2023-09-30,train
122368,2023-10-31,train
122368,2023-11-30,train
122368,2023-12-31,train
122368,2024-01-31,train
122368,2024-02-29,train
122368,2024-03-31,train
122368,2024-04-30,train
122368,2024-05-31,train
122368,2024-06-30,train
122368,2024-07-31,train
122368,2024-08-31,train
122379,2022-03-31,train
122379,2022-04-30,train
122379,2022-05-31,train
122379,2022-06-30,train
122379,2022-07-31,train
122379,2022-08-31,train
122379,2022-09-30,train
122379,2022-10-31,train
122379,2022-11-30,train
122379,2022-12-31,train
122379,2023-01-31,train
122379,2023-02-28,train
122379,2023-03-31,train
122379,2023-04-30,train
122379,2023-05-31,train
122379,2023-06-30,train
122379,2023-07-31,train
122379,2023-08-31,train
122379,2023-09-30,train
122379,2023-10-31,train
122379,2023-11-30,train
122379,2023-12-31,train
122379,2024-01-31,train
122379,2024-02-29,train
122379,2024-03-31,train
122379,2024-04-30,train
122379,2024-05-31,train
122379,2024-06-30,train
122379,2024-07-31,train
122379,2024-08-31,train
122382,2021-07-31,train
122382,2021-08-31,train
122382,2021-09-30,train
122382,2021-10-31,train
122382,2021-11-30,train
122382,2021-12-31,train
122382,2022-01-31,train
122382,2022-02-28,train
122382,2022-03-31,train
122382,2022-04-30,train
122382,2022-05-31,train
122382,2022-06-30,train
122382,2022-07-31,train
122382,2022-08-31,train
122382,2022-09-30,train
122382,2022-10-31,train
122382,2022-11-30,train
122382,2022-12-31,train
122382,2023-01-31,train
122382,2023-02-28,train
122382,2023-03-31,train
122382,2023-04-30,train
122382,2023-05-31,train
122382,2023-06-30,train
122382,2023-07-31,train
122382,2023-08-31,train
122382,2023-09-30,train
122382,2023-10-31,train
122382,2023-11-30,train
122382,2023-12-31,train
122382,2024-01-31,train
122382,2024-02-29,train
122382,2024-03-31,train
122382,2024-04-30,train
122382,2024-05-31,train
122382,2024-06-30,train
122382,2024-07-31,train
122382,2024-08-31,train
122386,2021-07-31,train
122386,2021-08-31,train
122386,2021-09-30,train
122386,2021-10-31,train
122386,2021-11-30,train
122386,2021-12-31,train
122386,2022-01-31,train
122386,2022-02-28,train
122386,2022-03-31,train
122386,2022-04-30,train
122386,2022-05-31,train
122386,2022-06-30,train
122386,2022-07-31,train
122386,2022-08-31,train
122386,2022-09-30,train
122386,2022-10-31,train
122386,2022-11-30,train
122386,2022-12-31,train
122386,2023-01-31,train
122386,2023-02-28,train
122386,2023-03-31,train
122386,2023-04-30,train
122386,2023-05-31,train
122386,2023-06-30,train
122386,2023-07-31,train
122386,2023-08-31,train
122386,2023-09-30,train
122386,2023-10-31,train
122386,2023-11-30,train
122386,2023-12-31,train
122386,2024-01-31,train
122386,2024-02-29,train
122386,2024-03-31,train
122386,2024-04-30,train
122386,2024-05-31,train
122386,2024-06-30,train
122386,2024-07-31,train
122386,2024-08-31,train
122387,2021-07-31,train
122387,2021-08-31,train
122387,2021-09-30,train
122387,2021-10-31,train
122387,2021-11-30,train
122387,2021-12-31,train
122387,2022-01-31,train
122387,2022-02-28,train
122387,2022-03-31,train
122387,2022-04-30,train
122387,2022-05-31,train
122387,2022-06-30,train
122387,2022-07-31,train
122387,2022-08-31,train
122387,2022-09-30,train
122387,2022-10-31,train
122387,2022-11-30,train
122387,2022-12-31,train
122387,2023-01-31,train
122387,2023-02-28,train
122387,2023-03-31,train
122387,2023-04-30,train
122387,2023-05-31,train
122387,2023-06-30,train
122387,2023-07-31,train
122387,2023-08-31,train
122387,2023-09-30,train
122387,2023-10-31,train
122387,2023-11-30,train
122387,2023-12-31,train
122387,2024-01-31,train
122387,2024-02-29,train
122387,2024-03-31,train
122387,2024-04-30,train
122387,2024-05-31,train
122387,2024-06-30,train
122387,2024-07-31,train
122387,2024-08-31,train
122389,2021-07-31,train
122389,2021-08-31,train
122389,2021-09-30,train
122389,2021-10-31,train
122389,2021-11-30,train
122389,2021-12-31,train
122389,2022-01-31,train
122389,2022-02-28,train
122389,2022-03-31,train
122389,2022-04-30,train
122389,2022-05-31,train
122389,2022-06-30,train
122389,2022-07-31,train
122389,2022-08-31,train
122389,2022-09-30,train
122389,2022-10-31,train
122389,2022-11-30,train
122389,2022-12-31,train
122389,2023-01-31,train
122389,2023-02-28,train
122389,2023-03-31,train
122389,2023-04-30,train
122389,2023-05-31,train
122389,2023-06-30,train
122389,2023-07-31,train
122389,2023-08-31,train
122389,2023-09-30,train
122389,2023-10-31,train
122389,2023-11-30,train
122389,2023-12-31,train
122390,2021-07-31,train
122390,2021-08-31,train
122390,2021-09-30,train
122390,2021-10-31,train
122390,2021-11-30,train
122390,2021-12-31,train
122390,2022-01-31,train
122390,2022-02-28,train
122390,2022-03-31,train
122390,2022-04-30,train
122390,2022-05-31,train
122390,2022-06-30,train
122390,2022-07-31,train
122390,2022-08-31,train
122390,2022-09-30,train
122390,2022-10-31,train
122390,2022-11-30,train
122390,2022-12-31,train
122390,2023-01-31,train
122390,2023-02-28,train
122390,2023-03-31,train
122390,2023-04-30,train
122390,2023-05-31,train
122390,2023-06-30,train
122390,2023-07-31,train
122397,2021-07-31,train
122397,2021-08-31,train
122397,2021-09-30,train
122397,2021-10-31,train
122397,2021-11-30,train
122397,2021-12-31,train
122397,2022-01-31,train
122397,2022-02-28,train
122397,2022-03-31,train
122397,2022-04-30,train
122397,2022-05-31,train
122397,2022-06-30,train
122397,2022-07-31,train
122397,2022-08-31,train
122397,2022-09-30,train
122397,2022-10-31,train
122397,2022-11-30,train
122397,2022-12-31,train
122397,2023-01-31,train
122397,2023-02-28,train
122397,2023-03-31,train
122397,2023-04-30,train
122397,2023-05-31,train
122397,2023-06-30,train
122397,2023-07-31,train
122398,2021-07-31,train
122398,2021-08-31,train
122398,2021-09-30,train
122398,2021-10-31,train
122398,2021-11-30,train
122398,2021-12-31,train
122398,2022-01-31,train
122398,2022-02-28,train
122398,2022-03-31,train
122398,2022-04-30,train
122398,2022-05-31,train
122398,2022-06-30,train
122398,2022-07-31,train
122398,2022-08-31,train
122398,2022-09-30,train
122398,2022-10-31,train
122398,2022-11-30,train
122398,2022-12-31,train
122398,2023-01-31,train
122398,2023-02-28,train
122398,2023-03-31,train
122398,2023-04-30,train
122398,2023-05-31,train
122398,2023-06-30,train
122398,2023-07-31,train
122398,2023-08-31,train
122398,2023-09-30,train
122398,2023-10-31,train
122398,2023-11-30,train
122398,2023-12-31,train
122398,2024-01-31,train
122398,2024-02-29,train
122398,2024-03-31,train
122398,2024-04-30,train
122398,2024-05-31,train
122398,2024-06-30,train
122398,2024-07-31,train
122398,2024-08-31,train
122403,2021-07-31,train
122403,2021-08-31,train
122403,2021-09-30,train
122403,2021-10-31,train
122403,2021-11-30,train
122403,2021-12-31,train
122403,2022-01-31,train
122403,2022-02-28,train
122403,2022-03-31,train
122403,2022-04-30,train
122403,2022-05-31,train
122403,2022-06-30,train
122403,2022-07-31,train
122403,2022-08-31,train
122403,2022-09-30,train
122403,2022-10-31,train
122403,2022-11-30,train
122403,2022-12-31,train
122403,2023-01-31,train
122403,2023-02-28,train
122403,2023-03-31,train
122403,2023-04-30,train
122403,2023-05-31,train
122403,2023-06-30,train
122403,2023-07-31,train
122403,2023-08-31,train
122403,2023-09-30,train
122403,2023-10-31,train
122403,2023-11-30,train
122403,2023-12-31,train
122403,2024-01-31,train
122403,2024-02-29,train
122410,2021-07-31,train
122410,2021-08-31,train
122410,2021-09-30,train
122410,2021-10-31,train
122410,2021-11-30,train
122410,2021-12-31,train
122410,2022-01-31,train
122410,2022-02-28,train
122410,2022-03-31,train
122410,2022-04-30,train
122410,2022-05-31,train
122410,2022-06-30,train
122410,2022-07-31,train
122410,2022-08-31,train
122410,2022-09-30,train
122410,2022-10-31,train
122410,2022-11-30,train
122410,2022-12-31,train
122410,2023-01-31,train
122410,2023-02-28,train
122410,2023-03-31,train
122410,2023-04-30,train
122410,2023-05-31,train
122410,2023-06-30,train
122410,2023-07-31,train
122410,2023-08-31,train
122410,2023-09-30,train
122410,2023-10-31,train
122410,2023-11-30,train
122410,2023-12-31,train
122410,2024-01-31,train
122410,2024-02-29,train
122410,2024-03-31,train
122410,2024-04-30,train
122410,2024-05-31,train
122410,2024-06-30,train
122410,2024-07-31,train
122410,2024-08-31,train
122415,2021-07-31,train
122415,2021-08-31,train
122415,2021-09-30,train
122415,2021-10-31,train
122415,2021-11-30,train
122415,2021-12-31,train
122415,2022-01-31,train
122415,2022-02-28,train
122415,2022-03-31,train
122415,2022-04-30,train
122415,2022-05-31,train
122415,2022-06-30,train
122415,2022-07-31,train
122415,2022-08-31,train
122415,2022-09-30,train
122415,2022-10-31,train
122415,2022-11-30,train
122415,2022-12-31,train
122415,2023-01-31,train
122415,2023-02-28,train
122415,2023-03-31,train
122415,2023-04-30,train
122415,2023-05-31,train
122415,2023-06-30,train
122415,2023-07-31,train
122415,2023-08-31,train
122415,2023-09-30,train
122415,2023-10-31,train
122415,2023-11-30,train
122415,2023-12-31,train
122415,2024-01-31,train
122415,2024-02-29,train
122415,2024-03-31,train
122415,2024-04-30,train
122415,2024-05-31,train
122415,2024-06-30,train
122415,2024-07-31,train
122415,2024-08-31,train
122423,2021-07-31,train
122423,2021-08-31,train
122423,2021-09-30,train
122423,2021-10-31,train
122423,2021-11-30,train
122423,2021-12-31,train
122423,2022-01-31,train
122423,2022-02-28,train
122423,2022-03-31,train
122423,2022-04-30,train
122423,2022-05-31,train
122423,2022-06-30,train
122423,2022-07-31,train
122423,2022-08-31,train
122423,2022-09-30,train
122423,2022-10-31,train
122423,2022-11-30,train
122423,2022-12-31,train
122423,2023-01-31,train
122423,2023-02-28,train
122423,2023-03-31,train
122423,2023-04-30,train
122423,2023-05-31,train
122423,2023-06-30,train
122423,2023-07-31,train
122423,2023-08-31,train
122423,2023-09-30,train
122423,2023-10-31,train
122423,2023-11-30,train
122423,2023-12-31,train
122423,2024-01-31,train
122423,2024-02-29,train
122423,2024-03-31,train
122423,2024-04-30,train
122423,2024-05-31,train
122423,2024-06-30,train
122423,2024-07-31,train
122423,2024-08-31,train
122424,2021-07-31,train
122424,2021-08-31,train
122424,2021-09-30,train
122424,2021-10-31,train
122424,2021-11-30,train
122424,2021-12-31,train
122424,2022-01-31,train
122424,2022-02-28,train
122424,2022-03-31,train
122424,2022-04-30,train
122424,2022-05-31,train
122424,2022-06-30,train
122424,2022-07-31,train
122424,2022-08-31,train
122424,2022-09-30,train
122424,2022-10-31,train
122424,2022-11-30,train
122424,2022-12-31,train
122424,2023-01-31,train
122424,2023-02-28,train
122424,2023-03-31,train
122432,2021-07-31,train
122432,2021-08-31,train
122432,2021-09-30,train
122432,2021-10-31,train
122432,2021-11-30,train
122432,2021-12-31,train
122432,2022-01-31,train
122432,2022-02-28,train
122432,2022-03-31,train
122432,2022-04-30,train
122432,2022-05-31,train
122432,2022-06-30,train
122432,2022-07-31,train
122432,2022-08-31,train
122432,2022-09-30,train
122432,2022-10-31,train
122432,2022-11-30,train
122432,2022-12-31,train
122432,2023-01-31,train
122432,2023-02-28,train
122432,2023-03-31,train
122432,2023-04-30,train
122432,2023-05-31,train
122432,2023-06-30,train
122432,2023-07-31,train
122432,2023-08-31,train
122432,2023-09-30,train
122432,2023-10-31,train
122432,2023-11-30,train
122432,2023-12-31,train
122432,2024-01-31,train
122432,2024-02-29,train
122432,2024-03-31,train
122432,2024-04-30,train
122432,2024-05-31,train
122432,2024-06-30,train
122432,2024-07-31,train
122432,2024-08-31,train
122433,2021-07-31,train
122433,2021-08-31,train
122433,2021-09-30,train
122433,2021-10-31,train
122433,2021-11-30,train
122433,2021-12-31,train
122433,2022-01-31,train
122433,2022-02-28,train
122433,2022-03-31,train
122433,2022-04-30,train
122433,2022-05-31,train
122433,2022-06-30,train
122433,2022-07-31,train
122433,2022-08-31,train
122433,2022-09-30,train
122433,2022-10-31,train
122433,2022-11-30,train
122433,2022-12-31,train
122433,2023-01-31,train
122433,2023-02-28,train
122433,2023-03-31,train
122433,2023-04-30,train
122433,2023-05-31,train
122433,2023-06-30,train
122433,2023-07-31,train
122433,2023-08-31,train
122433,2023-09-30,train
122433,2023-10-31,train
122433,2023-11-30,train
122433,2023-12-31,train
122433,2024-01-31,train
122433,2024-02-29,train
122433,2024-03-31,train
122433,2024-04-30,train
122433,2024-05-31,train
122433,2024-06-30,train
122433,2024-07-31,train
122433,2024-08-31,train
122434,2021-07-31,train
122434,2021-08-31,train
122434,2021-09-30,train
122434,2021-10-31,train
122434,2021-11-30,train
122434,2021-12-31,train
122434,2022-01-31,train
122434,2022-02-28,train
122434,2022-03-31,train
122434,2022-04-30,train
122434,2022-05-31,train
122434,2022-06-30,train
122434,2022-07-31,train
122434,2022-08-31,train
122434,2022-09-30,train
122434,2022-10-31,train
122434,2022-11-30,train
122434,2022-12-31,train
122434,2023-01-31,train
122434,2023-02-28,train
122434,2023-03-31,train
122434,2023-04-30,train
122434,2023-05-31,train
122434,2023-06-30,train
122434,2023-07-31,train
122434,2023-08-31,train
122434,2023-09-30,train
122434,2023-10-31,train
122434,2023-11-30,train
122434,2023-12-31,train
122434,2024-01-31,train
122434,2024-02-29,train
122434,2024-03-31,train
122434,2024-04-30,train
122434,2024-05-31,train
122434,2024-06-30,train
122434,2024-07-31,train
122434,2024-08-31,train
122435,2022-03-31,train
122435,2022-04-30,train
122435,2022-05-31,train
122435,2022-06-30,train
122435,2022-07-31,train
122435,2022-08-31,train
122435,2022-09-30,train
122435,2022-10-31,train
122435,2022-11-30,train
122435,2022-12-31,train
122435,2023-01-31,train
122435,2023-02-28,train
122435,2023-03-31,train
122435,2023-04-30,train
122435,2023-05-31,train
122435,2023-06-30,train
122435,2023-07-31,train
122435,2023-08-31,train
122435,2023-09-30,train
122435,2023-10-31,train
122435,2023-11-30,train
122435,2023-12-31,train
122435,2024-01-31,train
122435,2024-02-29,train
122435,2024-03-31,train
122435,2024-04-30,train
122435,2024-05-31,train
122435,2024-06-30,train
122435,2024-07-31,train
122435,2024-08-31,train
122436,2021-07-31,train
122436,2021-08-31,train
122436,2021-09-30,train
122436,2021-10-31,train
122436,2021-11-30,train
122436,2021-12-31,train
122436,2022-01-31,train
122436,2022-02-28,train
122436,2022-03-31,train
122436,2022-04-30,train
122436,2022-05-31,train
122436,2022-06-30,train
122436,2022-07-31,train
122436,2022-08-31,train
122436,2022-09-30,train
122436,2022-10-31,train
122436,2022-11-30,train
122436,2022-12-31,train
122436,2023-01-31,train
122436,2023-02-28,train
122436,2023-03-31,train
122436,2023-04-30,train
122436,2023-05-31,train
122436,2023-06-30,train
122436,2023-07-31,train
122436,2023-08-31,train
122436,2023-09-30,train
122436,2023-10-31,train
122436,2023-11-30,train
122436,2023-12-31,train
122436,2024-01-31,train
122436,2024-02-29,train
122436,2024-03-31,train
122436,2024-04-30,train
122436,2024-05-31,train
122436,2024-06-30,train
122436,2024-07-31,train
122436,2024-08-31,train
122440,2021-07-31,train
122440,2021-08-31,train
122440,2021-09-30,train
122440,2021-10-31,train
122440,2021-11-30,train
122440,2021-12-31,train
122440,2022-01-31,train
122440,2022-02-28,train
122440,2022-03-31,train
122440,2022-04-30,train
122440,2022-05-31,train
122440,2022-06-30,train
122440,2022-07-31,train
122440,2022-08-31,train
122440,2022-09-30,train
122440,2022-10-31,train
122440,2022-11-30,train
122440,2022-12-31,train
122440,2023-01-31,train
122440,2023-02-28,train
122440,2023-03-31,train
122440,2023-04-30,train
122440,2023-05-31,train
122440,2023-06-30,train
122440,2023-07-31,train
122440,2023-08-31,train
122440,2023-09-30,train
122440,2023-10-31,train
122440,2023-11-30,train
122440,2023-12-31,train
122440,2024-01-31,train
122440,2024-02-29,train
122440,2024-03-31,train
122440,2024-04-30,train
122440,2024-05-31,train
122440,2024-06-30,train
122440,2024-07-31,train
122440,2024-08-31,train
122446,2021-07-31,train
122446,2021-08-31,train
122446,2021-09-30,train
122446,2021-10-31,train
122446,2021-11-30,train
122446,2021-12-31,train
122446,2022-01-31,train
122446,2022-02-28,train
122446,2022-03-31,train
122446,2022-04-30,train
122446,2022-05-31,train
122446,2022-06-30,train
122446,2022-07-31,train
122446,2022-08-31,train
122446,2022-09-30,train
122446,2022-10-31,train
122446,2022-11-30,train
122446,2022-12-31,train
122446,2023-01-31,train
122470,2023-03-31,train
122470,2023-04-30,train
122470,2023-05-31,train
122470,2023-06-30,train
122470,2023-07-31,train
122470,2023-08-31,train
122470,2023-09-30,train
122470,2023-10-31,train
122470,2023-11-30,train
122470,2023-12-31,train
122470,2024-01-31,train
122470,2024-02-29,train
122470,2024-03-31,train
122470,2024-04-30,train
122470,2024-05-31,train
122470,2024-06-30,train
122470,2024-07-31,train
122470,2024-08-31,train
122489,2021-07-31,train
122489,2021-08-31,train
122489,2021-09-30,train
122489,2021-10-31,train
122489,2021-11-30,train
122489,2021-12-31,train
122489,2022-01-31,train
122489,2022-02-28,train
122489,2022-03-31,train
122489,2022-04-30,train
122489,2022-05-31,train
122489,2022-06-30,train
122489,2022-07-31,train
122489,2022-08-31,train
122489,2022-09-30,train
122489,2022-10-31,train
122489,2022-11-30,train
122489,2022-12-31,train
122489,2023-01-31,train
122489,2023-02-28,train
122489,2023-03-31,train
122489,2023-04-30,train
122489,2023-05-31,train
122489,2023-06-30,train
122489,2023-07-31,train
122489,2023-08-31,train
122489,2023-09-30,train
122489,2023-10-31,train
122489,2023-11-30,train
122489,2023-12-31,train
122489,2024-01-31,train
122489,2024-02-29,train
122489,2024-03-31,train
122489,2024-04-30,train
122489,2024-05-31,train
122489,2024-06-30,train
122489,2024-07-31,train
122489,2024-08-31,train
122555,2022-10-31,train
122555,2022-11-30,train
122555,2022-12-31,train
122555,2023-01-31,train
122555,2023-02-28,train
122555,2023-03-31,train
122555,2023-04-30,train
122555,2023-05-31,train
122555,2023-06-30,train
122555,2023-07-31,train
122555,2023-08-31,train
122555,2023-09-30,train
122555,2023-10-31,train
122555,2023-11-30,train
122555,2023-12-31,train
122555,2024-01-31,train
122555,2024-02-29,train
122555,2024-03-31,train
122555,2024-04-30,train
122555,2024-05-31,train
122555,2024-06-30,train
122555,2024-07-31,train
122555,2024-08-31,train
122556,2022-10-31,train
122556,2022-11-30,train
122556,2022-12-31,train
122556,2023-01-31,train
122556,2023-02-28,train
122556,2023-03-31,train
122556,2023-04-30,train
122556,2023-05-31,train
122556,2023-06-30,train
122556,2023-07-31,train
122556,2023-08-31,train
122556,2023-09-30,train
122556,2023-10-31,train
122556,2023-11-30,train
122556,2023-12-31,train
122556,2024-01-31,train
122556,2024-02-29,train
122556,2024-03-31,train
122556,2024-04-30,train
122556,2024-05-31,train
122556,2024-06-30,train
122556,2024-07-31,train
122556,2024-08-31,train
122567,2021-07-31,train
122567,2021-08-31,train
122567,2021-09-30,train
122567,2021-10-31,train
122567,2021-11-30,train
122567,2021-12-31,train
122567,2022-01-31,train
122567,2022-02-28,train
122567,2022-03-31,train
122567,2022-04-30,train
122567,2022-05-31,train
122567,2022-06-30,train
122567,2022-07-31,train
122567,2022-08-31,train
122567,2022-09-30,train
122567,2022-10-31,train
122567,2022-11-30,train
122567,2022-12-31,train
122567,2023-01-31,train
122567,2023-02-28,train
122567,2023-03-31,train
122567,2023-04-30,train
122567,2023-05-31,train
122567,2023-06-30,train
122567,2023-07-31,train
122567,2023-08-31,train
122567,2023-09-30,train
122567,2023-10-31,train
122567,2023-11-30,train
122567,2023-12-31,train
122567,2024-01-31,train
122567,2024-02-29,train
122567,2024-03-31,train
122567,2024-04-30,train
122567,2024-05-31,train
122567,2024-06-30,train
122567,2024-07-31,train
122567,2024-08-31,train
122593,2021-07-31,train
122593,2021-08-31,train
122593,2021-09-30,train
122593,2021-10-31,train
122593,2021-11-30,train
122593,2021-12-31,train
122593,2022-01-31,train
122593,2022-02-28,train
122593,2022-03-31,train
122593,2022-04-30,train
122593,2022-05-31,train
122593,2022-06-30,train
122593,2022-07-31,train
122593,2022-08-31,train
122593,2022-09-30,train
122593,2022-10-31,train
122593,2022-11-30,train
122593,2022-12-31,train
122593,2023-01-31,train
122593,2023-02-28,train
122593,2023-03-31,train
122593,2023-04-30,train
122593,2023-05-31,train
122593,2023-06-30,train
122593,2023-07-31,train
122593,2023-08-31,train
122593,2023-09-30,train
122593,2023-10-31,train
122593,2023-11-30,train
122593,2023-12-31,train
122593,2024-01-31,train
122593,2024-02-29,train
122593,2024-03-31,train
122593,2024-04-30,train
122593,2024-05-31,train
122593,2024-06-30,train
122593,2024-07-31,train
122593,2024-08-31,train
122594,2021-07-31,train
122594,2021-08-31,train
122594,2021-09-30,train
122594,2021-10-31,train
122594,2021-11-30,train
122594,2021-12-31,train
122594,2022-01-31,train
122594,2022-02-28,train
122594,2022-03-31,train
122594,2022-04-30,train
122594,2022-05-31,train
122594,2022-06-30,train
122594,2022-07-31,train
122594,2022-08-31,train
122594,2022-09-30,train
122594,2022-10-31,train
122594,2022-11-30,train
122594,2022-12-31,train
122594,2023-01-31,train
122594,2023-02-28,train
122594,2023-03-31,train
122594,2023-04-30,train
122594,2023-05-31,train
122594,2023-06-30,train
122594,2023-07-31,train
122594,2023-08-31,train
122594,2023-09-30,train
122594,2023-10-31,train
122594,2023-11-30,train
122594,2023-12-31,train
122594,2024-01-31,train
122594,2024-02-29,train
122594,2024-03-31,train
122594,2024-04-30,train
122594,2024-05-31,train
122594,2024-06-30,train
122594,2024-07-31,train
122594,2024-08-31,train
122602,2021-07-31,train
122602,2021-08-31,train
122602,2021-09-30,train
122602,2021-10-31,train
122602,2021-11-30,train
122602,2021-12-31,train
122602,2022-01-31,train
122602,2022-02-28,train
122602,2022-03-31,train
122602,2022-04-30,train
122602,2022-05-31,train
122602,2022-06-30,train
122602,2022-07-31,train
122602,2022-08-31,train
122602,2022-09-30,train
122602,2022-10-31,train
122602,2022-11-30,train
122602,2022-12-31,train
122602,2023-01-31,train
122602,2023-02-28,train
122602,2023-03-31,train
122602,2023-04-30,train
122602,2023-05-31,train
122602,2023-06-30,train
122602,2023-07-31,train
122602,2023-08-31,train
122602,2023-09-30,train
122602,2023-10-31,train
122602,2023-11-30,train
122602,2023-12-31,train
122602,2024-01-31,train
122602,2024-02-29,train
122602,2024-03-31,train
122602,2024-04-30,train
122602,2024-05-31,train
122602,2024-06-30,train
122602,2024-07-31,train
122602,2024-08-31,train
122603,2021-07-31,train
122603,2021-08-31,train
122603,2021-09-30,train
122603,2021-10-31,train
122603,2021-11-30,train
122603,2021-12-31,train
122603,2022-01-31,train
122603,2022-02-28,train
122603,2022-03-31,train
122603,2022-04-30,train
122603,2022-05-31,train
122603,2022-06-30,train
122603,2022-07-31,train
122603,2022-08-31,train
122603,2022-09-30,train
122603,2022-10-31,train
122603,2022-11-30,train
122603,2022-12-31,train
122603,2023-01-31,train
122603,2023-02-28,train
122603,2023-03-31,train
122603,2023-04-30,train
122603,2023-05-31,train
122603,2023-06-30,train
122603,2023-07-31,train
122603,2023-08-31,train
122603,2023-09-30,train
122603,2023-10-31,train
122603,2023-11-30,train
122603,2023-12-31,train
122603,2024-01-31,train
122603,2024-02-29,train
122603,2024-03-31,train
122603,2024-04-30,train
122603,2024-05-31,train
122603,2024-06-30,train
122603,2024-07-31,train
122603,2024-08-31,train
122604,2021-07-31,train
122604,2021-08-31,train
122604,2021-09-30,train
122604,2021-10-31,train
122604,2021-11-30,train
122604,2021-12-31,train
122604,2022-01-31,train
122604,2022-02-28,train
122604,2022-03-31,train
122604,2022-04-30,train
122604,2022-05-31,train
122604,2022-06-30,train
122604,2022-07-31,train
122604,2022-08-31,train
122604,2022-09-30,train
122604,2022-10-31,train
122604,2022-11-30,train
122604,2022-12-31,train
122604,2023-01-31,train
122604,2023-02-28,train
122604,2023-03-31,train
122604,2023-04-30,train
122604,2023-05-31,train
122604,2023-06-30,train
122604,2023-07-31,train
122604,2023-08-31,train
122604,2023-09-30,train
122604,2023-10-31,train
122604,2023-11-30,train
122604,2023-12-31,train
122604,2024-01-31,train
122604,2024-02-29,train
122604,2024-03-31,train
122604,2024-04-30,train
122604,2024-05-31,train
122604,2024-06-30,train
122604,2024-07-31,train
122604,2024-08-31,train
122621,2022-01-31,train
122621,2022-02-28,train
122621,2022-03-31,train
122621,2022-04-30,train
122621,2022-05-31,train
122621,2022-06-30,train
122621,2022-07-31,train
122621,2022-08-31,train
122621,2022-09-30,train
122621,2022-10-31,train
122621,2022-11-30,train
122621,2022-12-31,train
122621,2023-01-31,train
122621,2023-02-28,train
122621,2023-03-31,train
122621,2023-04-30,train
122621,2023-05-31,train
122621,2023-06-30,train
122621,2023-07-31,train
122621,2023-08-31,train
122621,2023-09-30,train
122621,2023-10-31,train
122621,2023-11-30,train
122621,2023-12-31,train
122621,2024-01-31,train
122621,2024-02-29,train
122621,2024-03-31,train
122621,2024-04-30,train
122621,2024-05-31,train
122621,2024-06-30,train
122621,2024-07-31,train
122621,2024-08-31,train
122627,2021-07-31,train
122627,2021-08-31,train
122627,2021-09-30,train
122627,2021-10-31,train
122627,2021-11-30,train
122627,2021-12-31,train
122627,2022-01-31,train
122627,2022-02-28,train
122627,2022-03-31,train
122627,2022-04-30,train
122627,2022-05-31,train
122627,2022-06-30,train
122627,2022-07-31,train
122627,2022-08-31,train
122627,2022-09-30,train
122627,2022-10-31,train
122627,2022-11-30,train
122627,2022-12-31,train
122627,2023-01-31,train
122627,2023-02-28,train
122627,2023-03-31,train
122627,2023-04-30,train
122627,2023-05-31,train
122627,2023-06-30,train
122627,2023-07-31,train
122627,2023-08-31,train
122627,2023-09-30,train
122627,2023-10-31,train
122627,2023-11-30,train
122627,2023-12-31,train
122627,2024-01-31,train
122627,2024-02-29,train
122627,2024-03-31,train
122627,2024-04-30,train
122627,2024-05-31,train
122627,2024-06-30,train
122627,2024-07-31,train
122627,2024-08-31,train
122628,2021-07-31,train
122628,2021-08-31,train
122628,2021-09-30,train
122628,2021-10-31,train
122628,2021-11-30,train
122628,2021-12-31,train
122628,2022-01-31,train
122628,2022-02-28,train
122628,2022-03-31,train
122628,2022-04-30,train
122628,2022-05-31,train
122628,2022-06-30,train
122628,2022-07-31,train
122628,2022-08-31,train
122628,2022-09-30,train
122628,2022-10-31,train
122628,2022-11-30,train
122628,2022-12-31,train
122628,2023-01-31,train
122628,2023-02-28,train
122628,2023-03-31,train
122628,2023-04-30,train
122628,2023-05-31,train
122628,2023-06-30,train
122628,2023-07-31,train
122628,2023-08-31,train
122628,2023-09-30,train
122628,2023-10-31,train
122628,2023-11-30,train
122628,2023-12-31,train
122628,2024-01-31,train
122628,2024-02-29,train
122628,2024-03-31,train
122628,2024-04-30,train
122628,2024-05-31,train
122628,2024-06-30,train
122628,2024-07-31,train
122628,2024-08-31,train
122629,2023-04-30,train
122629,2023-05-31,train
122629,2023-06-30,train
122629,2023-07-31,train
122629,2023-08-31,train
122629,2023-09-30,train
122629,2023-10-31,train
122629,2023-11-30,train
122629,2023-12-31,train
122629,2024-01-31,train
122629,2024-02-29,train
122629,2024-03-31,train
122629,2024-04-30,train
122629,2024-05-31,train
122629,2024-06-30,train
122629,2024-07-31,train
122629,2024-08-31,train
122630,2023-04-30,train
122630,2023-05-31,train
122630,2023-06-30,train
122630,2023-07-31,train
122630,2023-08-31,train
122630,2023-09-30,train
122630,2023-10-31,train
122630,2023-11-30,train
122630,2023-12-31,train
122630,2024-01-31,train
122630,2024-02-29,train
122630,2024-03-31,train
122630,2024-04-30,train
122630,2024-05-31,train
122630,2024-06-30,train
122630,2024-07-31,train
122630,2024-08-31,train
122638,2021-07-31,train
122638,2021-08-31,train
122638,2021-09-30,train
122638,2021-10-31,train
122638,2021-11-30,train
122638,2021-12-31,train
122638,2022-01-31,train
122638,2022-02-28,train
122638,2022-03-31,train
122638,2022-04-30,train
122638,2022-05-31,train
122638,2022-06-30,train
122638,2022-07-31,train
122638,2022-08-31,train
122638,2022-09-30,train
122638,2022-10-31,train
122638,2022-11-30,train
122638,2022-12-31,train
122638,2023-01-31,train
122638,2023-02-28,train
122643,2021-10-31,train
122643,2021-11-30,train
122643,2021-12-31,train
122643,2022-01-31,train
122643,2022-02-28,train
122643,2022-03-31,train
122643,2022-04-30,train
122643,2022-05-31,train
122643,2022-06-30,train
122643,2022-07-31,train
122643,2022-08-31,train
122643,2022-09-30,train
122643,2022-10-31,train
122643,2022-11-30,train
122643,2022-12-31,train
122643,2023-01-31,train
122643,2023-02-28,train
122643,2023-03-31,train
122643,2023-04-30,train
122643,2023-05-31,train
122643,2023-06-30,train
122643,2023-07-31,train
122643,2023-08-31,train
122643,2023-09-30,train
122643,2023-10-31,train
122643,2023-11-30,train
122643,2023-12-31,train
122643,2024-01-31,train
122643,2024-02-29,train
122643,2024-03-31,train
122643,2024-04-30,train
122643,2024-05-31,train
122643,2024-06-30,train
122643,2024-07-31,train
122643,2024-08-31,train
122646,2021-07-31,train
122646,2021-08-31,train
122646,2021-09-30,train
122646,2021-10-31,train
122646,2021-11-30,train
122646,2021-12-31,train
122646,2022-01-31,train
122646,2022-02-28,train
122646,2022-03-31,train
122646,2022-04-30,train
122646,2022-05-31,train
122646,2022-06-30,train
122646,2022-07-31,train
122646,2022-08-31,train
122646,2022-09-30,train
122646,2022-10-31,train
122646,2022-11-30,train
122646,2022-12-31,train
122646,2023-01-31,train
122646,2023-02-28,train
122646,2023-03-31,train
122646,2023-04-30,train
122646,2023-05-31,train
122646,2023-06-30,train
122646,2023-07-31,train
122646,2023-08-31,train
122646,2023-09-30,train
122646,2023-10-31,train
122646,2023-11-30,train
122646,2023-12-31,train
122646,2024-01-31,train
122646,2024-02-29,train
122646,2024-03-31,train
122646,2024-04-30,train
122646,2024-05-31,train
122654,2021-07-31,train
122654,2021-08-31,train
122654,2021-09-30,train
122654,2021-10-31,train
122654,2021-11-30,train
122654,2021-12-31,train
122654,2022-01-31,train
122654,2022-02-28,train
122654,2022-03-31,train
122654,2022-04-30,train
122654,2022-05-31,train
122654,2022-06-30,train
122654,2022-07-31,train
122654,2022-08-31,train
122654,2022-09-30,train
122654,2022-10-31,train
122654,2022-11-30,train
122654,2022-12-31,train
122654,2023-01-31,train
122654,2023-02-28,train
122654,2023-03-31,train
122654,2023-04-30,train
122654,2023-05-31,train
122654,2023-06-30,train
122654,2023-07-31,train
122654,2023-08-31,train
122654,2023-09-30,train
122654,2023-10-31,train
122654,2023-11-30,train
122654,2023-12-31,train
122654,2024-01-31,train
122654,2024-02-29,train
122654,2024-03-31,train
122654,2024-04-30,train
122654,2024-05-31,train
122654,2024-06-30,train
122654,2024-07-31,train
122654,2024-08-31,train
122655,2023-05-31,train
122655,2023-06-30,train
122655,2023-07-31,train
122655,2023-08-31,train
122655,2023-09-30,train
122655,2023-10-31,train
122655,2023-11-30,train
122655,2023-12-31,train
122655,2024-01-31,train
122655,2024-02-29,train
122655,2024-03-31,train
122655,2024-04-30,train
122655,2024-05-31,train
122655,2024-06-30,train
122655,2024-07-31,train
122655,2024-08-31,train
122657,2021-07-31,train
122657,2021-08-31,train
122657,2021-09-30,train
122657,2021-10-31,train
122657,2021-11-30,train
122657,2021-12-31,train
122657,2022-01-31,train
122657,2022-02-28,train
122657,2022-03-31,train
122657,2022-04-30,train
122657,2022-05-31,train
122657,2022-06-30,train
122657,2022-07-31,train
122657,2022-08-31,train
122657,2022-09-30,train
122657,2022-10-31,train
122657,2022-11-30,train
122657,2022-12-31,train
122657,2023-01-31,train
122657,2023-02-28,train
122657,2023-03-31,train
122657,2023-04-30,train
122657,2023-05-31,train
122657,2023-06-30,train
122657,2023-07-31,train
122657,2023-08-31,train
122657,2023-09-30,train
122657,2023-10-31,train
122657,2023-11-30,train
122657,2023-12-31,train
122657,2024-01-31,train
122657,2024-02-29,train
122657,2024-03-31,train
122657,2024-04-30,train
122657,2024-05-31,train
122657,2024-06-30,train
122657,2024-07-31,train
122657,2024-08-31,train
122660,2021-07-31,train
122660,2021-08-31,train
122660,2021-09-30,train
122660,2021-10-31,train
122660,2021-11-30,train
122660,2021-12-31,train
122660,2022-01-31,train
122660,2022-02-28,train
122660,2022-03-31,train
122660,2022-04-30,train
122660,2022-05-31,train
122660,2022-06-30,train
122660,2022-07-31,train
122660,2022-08-31,train
122660,2022-09-30,train
122660,2022-10-31,train
122660,2022-11-30,train
122660,2022-12-31,train
122660,2023-01-31,train
122660,2023-02-28,train
122660,2023-03-31,train
122660,2023-04-30,train
122660,2023-05-31,train
122660,2023-06-30,train
122660,2023-07-31,train
122660,2023-08-31,train
122660,2023-09-30,train
122660,2023-10-31,train
122660,2023-11-30,train
122660,2023-12-31,train
122660,2024-01-31,train
122660,2024-02-29,train
122660,2024-03-31,train
122660,2024-04-30,train
122660,2024-05-31,train
122660,2024-06-30,train
122660,2024-07-31,train
122660,2024-08-31,train
122661,2022-07-31,train
122661,2022-08-31,train
122661,2022-09-30,train
122661,2022-10-31,train
122661,2022-11-30,train
122661,2022-12-31,train
122661,2023-01-31,train
122661,2023-02-28,train
122661,2023-03-31,train
122661,2023-04-30,train
122661,2023-05-31,train
122661,2023-06-30,train
122661,2023-07-31,train
122661,2023-08-31,train
122661,2023-09-30,train
122661,2023-10-31,train
122661,2023-11-30,train
122661,2023-12-31,train
122661,2024-01-31,train
122661,2024-02-29,train
122661,2024-03-31,train
122661,2024-04-30,train
122661,2024-05-31,train
122661,2024-06-30,train
122661,2024-07-31,train
122661,2024-08-31,train
122666,2021-07-31,train
122666,2021-08-31,train
122666,2021-09-30,train
122666,2021-10-31,train
122666,2021-11-30,train
122666,2021-12-31,train
122666,2022-01-31,train
122666,2022-02-28,train
122666,2022-03-31,train
122666,2022-04-30,train
122666,2022-05-31,train
122666,2022-06-30,train
122666,2022-07-31,train
122666,2022-08-31,train
122666,2022-09-30,train
122666,2022-10-31,train
122666,2022-11-30,train
122666,2022-12-31,train
122666,2023-01-31,train
122666,2023-02-28,train
122666,2023-03-31,train
122666,2023-04-30,train
122666,2023-05-31,train
122666,2023-06-30,train
122666,2023-07-31,train
122666,2023-08-31,train
122666,2023-09-30,train
122666,2023-10-31,train
122666,2023-11-30,train
122666,2023-12-31,train
122666,2024-01-31,train
122666,2024-02-29,train
122666,2024-03-31,train
122666,2024-04-30,train
122666,2024-05-31,train
122666,2024-06-30,train
122666,2024-07-31,train
122666,2024-08-31,train
122675,2021-07-31,train
122675,2021-08-31,train
122675,2021-09-30,train
122675,2021-10-31,train
122675,2021-11-30,train
122675,2021-12-31,train
122675,2022-01-31,train
122675,2022-02-28,train
122675,2022-03-31,train
122675,2022-04-30,train
122675,2022-05-31,train
122675,2022-06-30,train
122675,2022-07-31,train
122675,2022-08-31,train
122675,2022-09-30,train
122675,2022-10-31,train
122675,2022-11-30,train
122675,2022-12-31,train
122675,2023-01-31,train
122675,2023-02-28,train
122675,2023-03-31,train
122675,2023-04-30,train
122676,2021-07-31,train
122676,2021-08-31,train
122676,2021-09-30,train
122676,2021-10-31,train
122676,2021-11-30,train
122676,2021-12-31,train
122676,2022-01-31,train
122676,2022-02-28,train
122676,2022-03-31,train
122676,2022-04-30,train
122676,2022-05-31,train
122676,2022-06-30,train
122676,2022-07-31,train
122676,2022-08-31,train
122676,2022-09-30,train
122676,2022-10-31,train
122676,2022-11-30,train
122676,2022-12-31,train
122676,2023-01-31,train
122676,2023-02-28,train
122676,2023-03-31,train
122676,2023-04-30,train
122676,2023-05-31,train
122676,2023-06-30,train
122676,2023-07-31,train
122676,2023-08-31,train
122676,2023-09-30,train
122676,2023-10-31,train
122676,2023-11-30,train
122676,2023-12-31,train
122676,2024-01-31,train
122676,2024-02-29,train
122676,2024-03-31,train
122676,2024-04-30,train
122676,2024-05-31,train
122676,2024-06-30,train
122676,2024-07-31,train
122676,2024-08-31,train
122680,2021-07-31,train
122680,2021-08-31,train
122680,2021-09-30,train
122680,2021-10-31,train
122680,2021-11-30,train
122680,2021-12-31,train
122680,2022-01-31,train
122680,2022-02-28,train
122680,2022-03-31,train
122680,2022-04-30,train
122680,2022-05-31,train
122680,2022-06-30,train
122680,2022-07-31,train
122680,2022-08-31,train
122680,2022-09-30,train
122680,2022-10-31,train
122680,2022-11-30,train
122680,2022-12-31,train
122680,2023-01-31,train
122680,2023-02-28,train
122680,2023-03-31,train
122680,2023-04-30,train
122680,2023-05-31,train
122680,2023-06-30,train
122680,2023-07-31,train
122680,2023-08-31,train
122680,2023-09-30,train
122680,2023-10-31,train
122680,2023-11-30,train
122680,2023-12-31,train
122680,2024-01-31,train
122680,2024-02-29,train
122680,2024-03-31,train
122680,2024-04-30,train
122680,2024-05-31,train
122680,2024-06-30,train
122680,2024-07-31,train
122680,2024-08-31,train
122682,2022-11-30,train
122682,2022-12-31,train
122682,2023-01-31,train
122682,2023-02-28,train
122682,2023-03-31,train
122682,2023-04-30,train
122682,2023-05-31,train
122682,2023-06-30,train
122682,2023-07-31,train
122682,2023-08-31,train
122682,2023-09-30,train
122682,2023-10-31,train
122682,2023-11-30,train
122682,2023-12-31,train
122682,2024-01-31,train
122682,2024-02-29,train
122682,2024-03-31,train
122682,2024-04-30,train
122682,2024-05-31,train
122682,2024-06-30,train
122682,2024-07-31,train
122682,2024-08-31,train
122684,2021-07-31,train
122684,2021-08-31,train
122684,2021-09-30,train
122684,2021-10-31,train
122684,2021-11-30,train
122684,2021-12-31,train
122684,2022-01-31,train
122684,2022-02-28,train
122684,2022-03-31,train
122684,2022-04-30,train
122684,2022-05-31,train
122684,2022-06-30,train
122684,2022-07-31,train
122684,2022-08-31,train
122684,2022-09-30,train
122684,2022-10-31,train
122684,2022-11-30,train
122684,2022-12-31,train
122684,2023-01-31,train
122684,2023-02-28,train
122684,2023-03-31,train
122684,2023-04-30,train
122684,2023-05-31,train
122684,2023-06-30,train
122684,2023-07-31,train
122684,2023-08-31,train
122684,2023-09-30,train
122684,2023-10-31,train
122684,2023-11-30,train
122684,2023-12-31,train
122684,2024-01-31,train
122684,2024-02-29,train
122684,2024-03-31,train
122684,2024-04-30,train
122684,2024-05-31,train
122684,2024-06-30,train
122684,2024-07-31,train
122684,2024-08-31,train
122697,2021-07-31,train
122697,2021-08-31,train
122697,2021-09-30,train
122697,2021-10-31,train
122697,2021-11-30,train
122697,2021-12-31,train
122697,2022-01-31,train
122697,2022-02-28,train
122697,2022-03-31,train
122697,2022-04-30,train
122697,2022-05-31,train
122697,2022-06-30,train
122697,2022-07-31,train
122697,2022-08-31,train
122697,2022-09-30,train
122697,2022-10-31,train
122697,2022-11-30,train
122697,2022-12-31,train
122697,2023-01-31,train
122697,2023-02-28,train
122697,2023-03-31,train
122697,2023-04-30,train
122697,2023-05-31,train
122697,2023-06-30,train
122697,2023-07-31,train
122697,2023-08-31,train
122697,2023-09-30,train
122697,2023-10-31,train
122697,2023-11-30,train
122697,2023-12-31,train
122697,2024-01-31,train
122697,2024-02-29,train
122697,2024-03-31,train
122697,2024-04-30,train
122697,2024-05-31,train
122697,2024-06-30,train
122697,2024-07-31,train
122697,2024-08-31,train
122699,2021-07-31,train
122699,2021-08-31,train
122699,2021-09-30,train
122699,2021-10-31,train
122699,2021-11-30,train
122699,2021-12-31,train
122699,2022-01-31,train
122699,2022-02-28,train
122699,2022-03-31,train
122699,2022-04-30,train
122699,2022-05-31,train
122699,2022-06-30,train
122699,2022-07-31,train
122699,2022-08-31,train
122699,2022-09-30,train
122699,2022-10-31,train
122699,2022-11-30,train
122699,2022-12-31,train
122699,2023-01-31,train
122699,2023-02-28,train
122699,2023-03-31,train
122699,2023-04-30,train
122699,2023-05-31,train
122699,2023-06-30,train
122699,2023-07-31,train
122699,2023-08-31,train
122699,2023-09-30,train
122700,2021-07-31,train
122700,2021-08-31,train
122700,2021-09-30,train
122700,2021-10-31,train
122700,2021-11-30,train
122700,2021-12-31,train
122700,2022-01-31,train
122700,2022-02-28,train
122700,2022-03-31,train
122700,2022-04-30,train
122700,2022-05-31,train
122700,2022-06-30,train
122700,2022-07-31,train
122700,2022-08-31,train
122700,2022-09-30,train
122700,2022-10-31,train
122700,2022-11-30,train
122700,2022-12-31,train
122700,2023-01-31,train
122700,2023-02-28,train
122700,2023-03-31,train
122700,2023-04-30,train
122700,2023-05-31,train
122700,2023-06-30,train
122700,2023-07-31,train
122700,2023-08-31,train
122700,2023-09-30,train
122700,2023-10-31,train
122700,2023-11-30,train
122700,2023-12-31,train
122700,2024-01-31,train
122700,2024-02-29,train
122700,2024-03-31,train
122700,2024-04-30,train
122700,2024-05-31,train
122700,2024-06-30,train
122700,2024-07-31,train
122700,2024-08-31,train
122707,2021-07-31,train
122707,2021-08-31,train
122707,2021-09-30,train
122707,2021-10-31,train
122707,2021-11-30,train
122707,2021-12-31,train
122707,2022-01-31,train
122707,2022-02-28,train
122707,2022-03-31,train
122707,2022-04-30,train
122707,2022-05-31,train
122707,2022-06-30,train
122707,2022-07-31,train
122707,2022-08-31,train
122707,2022-09-30,train
122707,2022-10-31,train
122707,2022-11-30,train
122707,2022-12-31,train
122707,2023-01-31,train
122707,2023-02-28,train
122707,2023-03-31,train
122707,2023-04-30,train
122707,2023-05-31,train
122707,2023-06-30,train
122707,2023-07-31,train
122707,2023-08-31,train
122707,2023-09-30,train
122707,2023-10-31,train
122707,2023-11-30,train
122707,2023-12-31,train
122707,2024-01-31,train
122707,2024-02-29,train
122707,2024-03-31,train
122707,2024-04-30,train
122707,2024-05-31,train
122707,2024-06-30,train
122707,2024-07-31,train
122707,2024-08-31,train
122710,2023-04-30,train
122710,2023-05-31,train
122710,2023-06-30,train
122710,2023-07-31,train
122710,2023-08-31,train
122710,2023-09-30,train
122710,2023-10-31,train
122710,2023-11-30,train
122710,2023-12-31,train
122710,2024-01-31,train
122710,2024-02-29,train
122710,2024-03-31,train
122710,2024-04-30,train
122710,2024-05-31,train
122710,2024-06-30,train
122710,2024-07-31,train
122710,2024-08-31,train
122713,2021-07-31,train
122713,2021-08-31,train
122713,2021-09-30,train
122713,2021-10-31,train
122713,2021-11-30,train
122713,2021-12-31,train
122713,2022-01-31,train
122713,2022-02-28,train
122713,2022-03-31,train
122713,2022-04-30,train
122713,2022-05-31,train
122713,2022-06-30,train
122713,2022-07-31,train
122713,2022-08-31,train
122713,2022-09-30,train
122713,2022-10-31,train
122713,2022-11-30,train
122713,2022-12-31,train
122713,2023-01-31,train
122713,2023-02-28,train
122713,2023-03-31,train
122713,2023-04-30,train
122713,2023-05-31,train
122713,2023-06-30,train
122714,2023-07-31,train
122714,2023-08-31,train
122714,2023-09-30,train
122714,2023-10-31,train
122714,2023-11-30,train
122714,2023-12-31,train
122714,2024-01-31,train
122714,2024-02-29,train
122714,2024-03-31,train
122714,2024-04-30,train
122714,2024-05-31,train
122714,2024-06-30,train
122714,2024-07-31,train
122714,2024-08-31,train
122715,2021-07-31,train
122715,2021-08-31,train
122715,2021-09-30,train
122715,2021-10-31,train
122715,2021-11-30,train
122715,2021-12-31,train
122715,2022-01-31,train
122715,2022-02-28,train
122715,2022-03-31,train
122715,2022-04-30,train
122715,2022-05-31,train
122715,2022-06-30,train
122715,2022-07-31,train
122715,2022-08-31,train
122715,2022-09-30,train
122715,2022-10-31,train
122715,2022-11-30,train
122715,2022-12-31,train
122715,2023-01-31,train
122715,2023-02-28,train
122715,2023-03-31,train
122715,2023-04-30,train
122715,2023-05-31,train
122716,2021-07-31,train
122716,2021-08-31,train
122716,2021-09-30,train
122716,2021-10-31,train
122716,2021-11-30,train
122716,2021-12-31,train
122716,2022-01-31,train
122716,2022-02-28,train
122716,2022-03-31,train
122716,2022-04-30,train
122716,2022-05-31,train
122716,2022-06-30,train
122716,2022-07-31,train
122716,2022-08-31,train
122716,2022-09-30,train
122716,2022-10-31,train
122716,2022-11-30,train
122716,2022-12-31,train
122716,2023-01-31,train
122716,2023-02-28,train
122716,2023-03-31,train
122716,2023-04-30,train
122716,2023-05-31,train
122716,2023-06-30,train
122716,2023-07-31,train
122716,2023-08-31,train
122716,2023-09-30,train
122716,2023-10-31,train
122716,2023-11-30,train
122716,2023-12-31,train
122716,2024-01-31,train
122716,2024-02-29,train
122716,2024-03-31,train
122716,2024-04-30,train
122716,2024-05-31,train
122716,2024-06-30,train
122716,2024-07-31,train
122716,2024-08-31,train
122717,2024-05-31,train
122717,2024-06-30,train
122717,2024-07-31,train
122717,2024-08-31,train
122718,2021-07-31,train
122718,2021-08-31,train
122718,2021-09-30,train
122718,2021-10-31,train
122718,2021-11-30,train
122718,2021-12-31,train
122718,2022-01-31,train
122718,2022-02-28,train
122718,2022-03-31,train
122718,2022-04-30,train
122718,2022-05-31,train
122718,2022-06-30,train
122718,2022-07-31,train
122718,2022-08-31,train
122718,2022-09-30,train
122718,2022-10-31,train
122718,2022-11-30,train
122718,2022-12-31,train
122718,2023-01-31,train
122718,2023-02-28,train
122718,2023-03-31,train
122718,2023-04-30,train
122718,2023-05-31,train
122718,2023-06-30,train
122718,2023-07-31,train
122718,2023-08-31,train
122718,2023-09-30,train
122718,2023-10-31,train
122718,2023-11-30,train
122718,2023-12-31,train
122718,2024-01-31,train
122718,2024-02-29,train
122718,2024-03-31,train
122718,2024-04-30,train
122718,2024-05-31,train
122718,2024-06-30,train
122718,2024-07-31,train
122718,2024-08-31,train
122721,2021-07-31,train
122721,2021-08-31,train
122721,2021-09-30,train
122721,2021-10-31,train
122721,2021-11-30,train
122721,2021-12-31,train
122721,2022-01-31,train
122721,2022-02-28,train
122721,2022-03-31,train
122721,2022-04-30,train
122721,2022-05-31,train
122721,2022-06-30,train
122721,2022-07-31,train
122721,2022-08-31,train
122721,2022-09-30,train
122721,2022-10-31,train
122721,2022-11-30,train
122721,2022-12-31,train
122721,2023-01-31,train
122721,2023-02-28,train
122721,2023-03-31,train
122721,2023-04-30,train
122721,2023-05-31,train
122721,2023-06-30,train
122721,2023-07-31,train
122721,2023-08-31,train
122721,2023-09-30,train
122721,2023-10-31,train
122721,2023-11-30,train
122721,2023-12-31,train
122721,2024-01-31,train
122721,2024-02-29,train
122721,2024-03-31,train
122721,2024-04-30,train
122721,2024-05-31,train
122721,2024-06-30,train
122721,2024-07-31,train
122721,2024-08-31,train
122724,2021-07-31,train
122724,2021-08-31,train
122724,2021-09-30,train
122724,2021-10-31,train
122724,2021-11-30,train
122724,2021-12-31,train
122724,2022-01-31,train
122724,2022-02-28,train
122724,2022-03-31,train
122724,2022-04-30,train
122724,2022-05-31,train
122724,2022-06-30,train
122724,2022-07-31,train
122724,2022-08-31,train
122724,2022-09-30,train
122724,2022-10-31,train
122724,2022-11-30,train
122724,2022-12-31,train
122724,2023-01-31,train
122724,2023-02-28,train
122724,2023-03-31,train
122724,2023-04-30,train
122724,2023-05-31,train
122724,2023-06-30,train
122724,2023-07-31,train
122724,2023-08-31,train
122724,2023-09-30,train
122724,2023-10-31,train
122724,2023-11-30,train
122724,2023-12-31,train
122724,2024-01-31,train
122724,2024-02-29,train
122724,2024-03-31,train
122724,2024-04-30,train
122724,2024-05-31,train
122724,2024-06-30,train
122724,2024-07-31,train
122724,2024-08-31,train
122725,2021-07-31,train
122725,2021-08-31,train
122725,2021-09-30,train
122725,2021-10-31,train
122725,2021-11-30,train
122725,2021-12-31,train
122725,2022-01-31,train
122725,2022-02-28,train
122725,2022-03-31,train
122725,2022-04-30,train
122725,2022-05-31,train
122725,2022-06-30,train
122725,2022-07-31,train
122725,2022-08-31,train
122725,2022-09-30,train
122725,2022-10-31,train
122725,2022-11-30,train
122725,2022-12-31,train
122725,2023-01-31,train
122725,2023-02-28,train
122725,2023-03-31,train
122725,2023-04-30,train
122725,2023-05-31,train
122725,2023-06-30,train
122725,2023-07-31,train
122725,2023-08-31,train
122725,2023-09-30,train
122725,2023-10-31,train
122725,2023-11-30,train
122725,2023-12-31,train
122725,2024-01-31,train
122725,2024-02-29,train
122725,2024-03-31,train
122725,2024-04-30,train
122725,2024-05-31,train
122725,2024-06-30,train
122725,2024-07-31,train
122725,2024-08-31,train
122726,2021-07-31,train
122726,2021-08-31,train
122726,2021-09-30,train
122726,2021-10-31,train
122726,2021-11-30,train
122726,2021-12-31,train
122726,2022-01-31,train
122726,2022-02-28,train
122726,2022-03-31,train
122726,2022-04-30,train
122726,2022-05-31,train
122726,2022-06-30,train
122726,2022-07-31,train
122726,2022-08-31,train
122726,2022-09-30,train
122726,2022-10-31,train
122726,2022-11-30,train
122726,2022-12-31,train
122726,2023-01-31,train
122726,2023-02-28,train
122726,2023-03-31,train
122726,2023-04-30,train
122726,2023-05-31,train
122726,2023-06-30,train
122726,2023-07-31,train
122726,2023-08-31,train
122726,2023-09-30,train
122726,2023-10-31,train
122726,2023-11-30,train
122726,2023-12-31,train
122726,2024-01-31,train
122726,2024-02-29,train
122726,2024-03-31,train
122726,2024-04-30,train
122726,2024-05-31,train
122726,2024-06-30,train
122726,2024-07-31,train
122726,2024-08-31,train
122727,2021-07-31,train
122727,2021-08-31,train
122727,2021-09-30,train
122727,2021-10-31,train
122727,2021-11-30,train
122727,2021-12-31,train
122727,2022-01-31,train
122727,2022-02-28,train
122727,2022-03-31,train
122727,2022-04-30,train
122727,2022-05-31,train
122727,2022-06-30,train
122727,2022-07-31,train
122727,2022-08-31,train
122727,2022-09-30,train
122727,2022-10-31,train
122727,2022-11-30,train
122727,2022-12-31,train
122727,2023-01-31,train
122727,2023-02-28,train
122727,2023-03-31,train
122727,2023-04-30,train
122727,2023-05-31,train
122727,2023-06-30,train
122727,2023-07-31,train
122727,2023-08-31,train
122727,2023-09-30,train
122727,2023-10-31,train
122727,2023-11-30,train
122727,2023-12-31,train
122727,2024-01-31,train
122727,2024-02-29,train
122727,2024-03-31,train
122727,2024-04-30,train
122727,2024-05-31,train
122727,2024-06-30,train
122727,2024-07-31,train
122727,2024-08-31,train
122731,2021-07-31,train
122731,2021-08-31,train
122731,2021-09-30,train
122731,2021-10-31,train
122731,2021-11-30,train
122731,2021-12-31,train
122731,2022-01-31,train
122731,2022-02-28,train
122731,2022-03-31,train
122731,2022-04-30,train
122731,2022-05-31,train
122731,2022-06-30,train
122731,2022-07-31,train
122731,2022-08-31,train
122731,2022-09-30,train
122731,2022-10-31,train
122731,2022-11-30,train
122731,2022-12-31,train
122731,2023-01-31,train
122731,2023-02-28,train
122731,2023-03-31,train
122731,2023-04-30,train
122731,2023-05-31,train
122731,2023-06-30,train
122731,2023-07-31,train
122731,2023-08-31,train
122731,2023-09-30,train
122732,2021-07-31,train
122732,2021-08-31,train
122732,2021-09-30,train
122732,2021-10-31,train
122732,2021-11-30,train
122732,2021-12-31,train
122732,2022-01-31,train
122732,2022-02-28,train
122732,2022-03-31,train
122732,2022-04-30,train
122732,2022-05-31,train
122732,2022-06-30,train
122732,2022-07-31,train
122732,2022-08-31,train
122732,2022-09-30,train
122732,2022-10-31,train
122732,2022-11-30,train
122732,2022-12-31,train
122732,2023-01-31,train
122732,2023-02-28,train
122732,2023-03-31,train
122732,2023-04-30,train
122732,2023-05-31,train
122732,2023-06-30,train
122732,2023-07-31,train
122732,2023-08-31,train
122732,2023-09-30,train
122732,2023-10-31,train
122732,2023-11-30,train
122732,2023-12-31,train
122732,2024-01-31,train
122732,2024-02-29,train
122732,2024-03-31,train
122732,2024-04-30,train
122732,2024-05-31,train
122732,2024-06-30,train
122732,2024-07-31,train
122732,2024-08-31,train
122734,2021-07-31,train
122734,2021-08-31,train
122734,2021-09-30,train
122734,2021-10-31,train
122734,2021-11-30,train
122734,2021-12-31,train
122734,2022-01-31,train
122734,2022-02-28,train
122734,2022-03-31,train
122734,2022-04-30,train
122734,2022-05-31,train
122734,2022-06-30,train
122734,2022-07-31,train
122734,2022-08-31,train
122734,2022-09-30,train
122734,2022-10-31,train
122734,2022-11-30,train
122734,2022-12-31,train
122734,2023-01-31,train
122734,2023-02-28,train
122734,2023-03-31,train
122734,2023-04-30,train
122734,2023-05-31,train
122734,2023-06-30,train
122734,2023-07-31,train
122734,2023-08-31,train
122734,2023-09-30,train
122734,2023-10-31,train
122734,2023-11-30,train
122734,2023-12-31,train
122734,2024-01-31,train
122734,2024-02-29,train
122734,2024-03-31,train
122734,2024-04-30,train
122734,2024-05-31,train
122734,2024-06-30,train
122734,2024-07-31,train
122734,2024-08-31,train
122736,2021-07-31,train
122736,2021-08-31,train
122736,2021-09-30,train
122736,2021-10-31,train
122736,2021-11-30,train
122736,2021-12-31,train
122736,2022-01-31,train
122736,2022-02-28,train
122736,2022-03-31,train
122736,2022-04-30,train
122736,2022-05-31,train
122736,2022-06-30,train
122736,2022-07-31,train
122736,2022-08-31,train
122736,2022-09-30,train
122736,2022-10-31,train
122736,2022-11-30,train
122736,2022-12-31,train
122736,2023-01-31,train
122736,2023-02-28,train
122736,2023-03-31,train
122736,2023-04-30,train
122736,2023-05-31,train
122736,2023-06-30,train
122736,2023-07-31,train
122736,2023-08-31,train
122736,2023-09-30,train
122736,2023-10-31,train
122736,2023-11-30,train
122736,2023-12-31,train
122736,2024-01-31,train
122736,2024-02-29,train
122736,2024-03-31,train
122736,2024-04-30,train
122736,2024-05-31,train
122736,2024-06-30,train
122736,2024-07-31,train
122736,2024-08-31,train
122737,2021-07-31,train
122737,2021-08-31,train
122737,2021-09-30,train
122737,2021-10-31,train
122737,2021-11-30,train
122737,2021-12-31,train
122737,2022-01-31,train
122737,2022-02-28,train
122737,2022-03-31,train
122737,2022-04-30,train
122737,2022-05-31,train
122737,2022-06-30,train
122737,2022-07-31,train
122737,2022-08-31,train
122737,2022-09-30,train
122737,2022-10-31,train
122737,2022-11-30,train
122737,2022-12-31,train
122737,2023-01-31,train
122737,2023-02-28,train
122737,2023-03-31,train
122737,2023-04-30,train
122737,2023-05-31,train
122737,2023-06-30,train
122737,2023-07-31,train
122737,2023-08-31,train
122737,2023-09-30,train
122737,2023-10-31,train
122737,2023-11-30,train
122737,2023-12-31,train
122737,2024-01-31,train
122737,2024-02-29,train
122737,2024-03-31,train
122737,2024-04-30,train
122737,2024-05-31,train
122737,2024-06-30,train
122737,2024-07-31,train
122737,2024-08-31,train
122744,2021-07-31,train
122744,2021-08-31,train
122744,2021-09-30,train
122744,2021-10-31,train
122744,2021-11-30,train
122744,2021-12-31,train
122744,2022-01-31,train
122744,2022-02-28,train
122744,2022-03-31,train
122744,2022-04-30,train
122744,2022-05-31,train
122744,2022-06-30,train
122744,2022-07-31,train
122744,2022-08-31,train
122744,2022-09-30,train
122744,2022-10-31,train
122744,2022-11-30,train
122744,2022-12-31,train
122744,2023-01-31,train
122744,2023-02-28,train
122744,2023-03-31,train
122744,2023-04-30,train
122744,2023-05-31,train
122744,2023-06-30,train
122744,2023-07-31,train
122744,2023-08-31,train
122744,2023-09-30,train
122744,2023-10-31,train
122744,2023-11-30,train
122744,2023-12-31,train
122744,2024-01-31,train
122744,2024-02-29,train
122744,2024-03-31,train
122744,2024-04-30,train
122744,2024-05-31,train
122744,2024-06-30,train
122744,2024-07-31,train
122744,2024-08-31,train
122746,2021-07-31,train
122746,2021-08-31,train
122746,2021-09-30,train
122746,2021-10-31,train
122746,2021-11-30,train
122746,2021-12-31,train
122746,2022-01-31,train
122746,2022-02-28,train
122746,2022-03-31,train
122746,2022-04-30,train
122746,2022-05-31,train
122746,2022-06-30,train
122746,2022-07-31,train
122746,2022-08-31,train
122746,2022-09-30,train
122746,2022-10-31,train
122746,2022-11-30,train
122746,2022-12-31,train
122746,2023-01-31,train
122746,2023-02-28,train
122746,2023-03-31,train
122746,2023-04-30,train
122746,2023-05-31,train
122746,2023-06-30,train
122746,2023-07-31,train
122746,2023-08-31,train
122746,2023-09-30,train
122746,2023-10-31,train
122746,2023-11-30,train
122746,2023-12-31,train
122746,2024-01-31,train
122746,2024-02-29,train
122746,2024-03-31,train
122746,2024-04-30,train
122746,2024-05-31,train
122746,2024-06-30,train
122746,2024-07-31,train
122746,2024-08-31,train
122751,2021-07-31,train
122751,2021-08-31,train
122751,2021-09-30,train
122751,2021-10-31,train
122751,2021-11-30,train
122751,2021-12-31,train
122751,2022-01-31,train
122751,2022-02-28,train
122751,2022-03-31,train
122751,2022-04-30,train
122751,2022-05-31,train
122751,2022-06-30,train
122751,2022-07-31,train
122751,2022-08-31,train
122751,2022-09-30,train
122751,2022-10-31,train
122751,2022-11-30,train
122751,2022-12-31,train
122751,2023-01-31,train
122751,2023-02-28,train
122751,2023-03-31,train
122751,2023-04-30,train
122751,2023-05-31,train
122751,2023-06-30,train
122761,2021-07-31,train
122761,2021-08-31,train
122761,2021-09-30,train
122761,2021-10-31,train
122761,2021-11-30,train
122761,2021-12-31,train
122761,2022-01-31,train
122761,2022-02-28,train
122761,2022-03-31,train
122761,2022-04-30,train
122761,2022-05-31,train
122761,2022-06-30,train
122761,2022-07-31,train
122761,2022-08-31,train
122761,2022-09-30,train
122761,2022-10-31,train
122761,2022-11-30,train
122761,2022-12-31,train
122761,2023-01-31,train
122761,2023-02-28,train
122761,2023-03-31,train
122761,2023-04-30,train
122761,2023-05-31,train
122761,2023-06-30,train
122761,2023-07-31,train
122761,2023-08-31,train
122761,2023-09-30,train
122761,2023-10-31,train
122761,2023-11-30,train
122761,2023-12-31,train
122761,2024-01-31,train
122761,2024-02-29,train
122761,2024-03-31,train
122761,2024-04-30,train
122761,2024-05-31,train
122761,2024-06-30,train
122761,2024-07-31,train
122761,2024-08-31,train
122764,2021-07-31,train
122764,2021-08-31,train
122764,2021-09-30,train
122764,2021-10-31,train
122764,2021-11-30,train
122764,2021-12-31,train
122764,2022-01-31,train
122764,2022-02-28,train
122764,2022-03-31,train
122764,2022-04-30,train
122764,2022-05-31,train
122764,2022-06-30,train
122764,2022-07-31,train
122764,2022-08-31,train
122764,2022-09-30,train
122764,2022-10-31,train
122764,2022-11-30,train
122764,2022-12-31,train
122764,2023-01-31,train
122764,2023-02-28,train
122764,2023-03-31,train
122764,2023-04-30,train
122764,2023-05-31,train
122764,2023-06-30,train
122764,2023-07-31,train
122764,2023-08-31,train
122764,2023-09-30,train
122764,2023-10-31,train
122764,2023-11-30,train
122764,2023-12-31,train
122764,2024-01-31,train
122764,2024-02-29,train
122764,2024-03-31,train
122764,2024-04-30,train
122764,2024-05-31,train
122764,2024-06-30,train
122764,2024-07-31,train
122764,2024-08-31,train
122766,2023-07-31,train
122766,2023-08-31,train
122766,2023-09-30,train
122766,2023-10-31,train
122766,2023-11-30,train
122766,2023-12-31,train
122766,2024-01-31,train
122766,2024-02-29,train
122766,2024-03-31,train
122766,2024-04-30,train
122766,2024-05-31,train
122766,2024-06-30,train
122766,2024-07-31,train
122766,2024-08-31,train
122770,2021-07-31,train
122770,2021-08-31,train
122770,2021-09-30,train
122770,2021-10-31,train
122770,2021-11-30,train
122770,2021-12-31,train
122770,2022-01-31,train
122770,2022-02-28,train
122770,2022-03-31,train
122770,2022-04-30,train
122770,2022-05-31,train
122770,2022-06-30,train
122770,2022-07-31,train
122770,2022-08-31,train
122770,2022-09-30,train
122770,2022-10-31,train
122770,2022-11-30,train
122770,2022-12-31,train
122770,2023-01-31,train
122770,2023-02-28,train
122770,2023-03-31,train
122770,2023-04-30,train
122770,2023-05-31,train
122770,2023-06-30,train
122770,2023-07-31,train
122770,2023-08-31,train
122771,2021-07-31,train
122771,2021-08-31,train
122771,2021-09-30,train
122771,2021-10-31,train
122771,2021-11-30,train
122771,2021-12-31,train
122771,2022-01-31,train
122771,2022-02-28,train
122771,2022-03-31,train
122771,2022-04-30,train
122771,2022-05-31,train
122771,2022-06-30,train
122771,2022-07-31,train
122771,2022-08-31,train
122771,2022-09-30,train
122771,2022-10-31,train
122771,2022-11-30,train
122771,2022-12-31,train
122771,2023-01-31,train
122771,2023-02-28,train
122771,2023-03-31,train
122771,2023-04-30,train
122771,2023-05-31,train
122771,2023-06-30,train
122771,2023-07-31,train
122771,2023-08-31,train
122771,2023-09-30,train
122771,2023-10-31,train
122771,2023-11-30,train
122771,2023-12-31,train
122771,2024-01-31,train
122771,2024-02-29,train
122771,2024-03-31,train
122771,2024-04-30,train
122771,2024-05-31,train
122771,2024-06-30,train
122771,2024-07-31,train
122771,2024-08-31,train
122772,2021-07-31,train
122772,2021-08-31,train
122772,2021-09-30,train
122772,2021-10-31,train
122772,2021-11-30,train
122772,2021-12-31,train
122772,2022-01-31,train
122772,2022-02-28,train
122772,2022-03-31,train
122772,2022-04-30,train
122772,2022-05-31,train
122772,2022-06-30,train
122772,2022-07-31,train
122772,2022-08-31,train
122772,2022-09-30,train
122772,2022-10-31,train
122772,2022-11-30,train
122772,2022-12-31,train
122772,2023-01-31,train
122772,2023-02-28,train
122772,2023-03-31,train
122772,2023-04-30,train
122772,2023-05-31,train
122772,2023-06-30,train
122772,2023-07-31,train
122772,2023-08-31,train
122772,2023-09-30,train
122772,2023-10-31,train
122772,2023-11-30,train
122772,2023-12-31,train
122772,2024-01-31,train
122772,2024-02-29,train
122772,2024-03-31,train
122772,2024-04-30,train
122772,2024-05-31,train
122772,2024-06-30,train
122772,2024-07-31,train
122772,2024-08-31,train
122773,2021-07-31,train
122773,2021-08-31,train
122773,2021-09-30,train
122773,2021-10-31,train
122773,2021-11-30,train
122773,2021-12-31,train
122773,2022-01-31,train
122773,2022-02-28,train
122773,2022-03-31,train
122773,2022-04-30,train
122773,2022-05-31,train
122773,2022-06-30,train
122773,2022-07-31,train
122773,2022-08-31,train
122773,2022-09-30,train
122773,2022-10-31,train
122773,2022-11-30,train
122773,2022-12-31,train
122773,2023-01-31,train
122773,2023-02-28,train
122773,2023-03-31,train
122773,2023-04-30,train
122773,2023-05-31,train
122773,2023-06-30,train
122773,2023-07-31,train
122773,2023-08-31,train
122773,2023-09-30,train
122773,2023-10-31,train
122773,2023-11-30,train
122773,2023-12-31,train
122773,2024-01-31,train
122773,2024-02-29,train
122773,2024-03-31,train
122773,2024-04-30,train
122773,2024-05-31,train
122773,2024-06-30,train
122773,2024-07-31,train
122773,2024-08-31,train
122774,2021-11-30,train
122774,2021-12-31,train
122774,2022-01-31,train
122774,2022-02-28,train
122774,2022-03-31,train
122774,2022-04-30,train
122774,2022-05-31,train
122774,2022-06-30,train
122774,2022-07-31,train
122774,2022-08-31,train
122774,2022-09-30,train
122774,2022-10-31,train
122774,2022-11-30,train
122774,2022-12-31,train
122774,2023-01-31,train
122774,2023-02-28,train
122774,2023-03-31,train
122774,2023-04-30,train
122774,2023-05-31,train
122774,2023-06-30,train
122774,2023-07-31,train
122774,2023-08-31,train
122774,2023-09-30,train
122774,2023-10-31,train
122774,2023-11-30,train
122774,2023-12-31,train
122774,2024-01-31,train
122774,2024-02-29,train
122774,2024-03-31,train
122774,2024-04-30,train
122776,2021-07-31,train
122776,2021-08-31,train
122776,2021-09-30,train
122776,2021-10-31,train
122776,2021-11-30,train
122776,2021-12-31,train
122776,2022-01-31,train
122776,2022-02-28,train
122776,2022-03-31,train
122776,2022-04-30,train
122776,2022-05-31,train
122776,2022-06-30,train
122776,2022-07-31,train
122776,2022-08-31,train
122776,2022-09-30,train
122776,2022-10-31,train
122776,2022-11-30,train
122776,2022-12-31,train
122776,2023-01-31,train
122776,2023-02-28,train
122776,2023-03-31,train
122776,2023-04-30,train
122776,2023-05-31,train
122776,2023-06-30,train
122776,2023-07-31,train
122776,2023-08-31,train
122776,2023-09-30,train
122776,2023-10-31,train
122776,2023-11-30,train
122776,2023-12-31,train
122776,2024-01-31,train
122776,2024-02-29,train
122776,2024-03-31,train
122776,2024-04-30,train
122776,2024-05-31,train
122776,2024-06-30,train
122776,2024-07-31,train
122776,2024-08-31,train
122777,2021-07-31,train
122777,2021-08-31,train
122777,2021-09-30,train
122777,2021-10-31,train
122777,2021-11-30,train
122777,2021-12-31,train
122777,2022-01-31,train
122777,2022-02-28,train
122777,2022-03-31,train
122777,2022-04-30,train
122777,2022-05-31,train
122777,2022-06-30,train
122777,2022-07-31,train
122777,2022-08-31,train
122777,2022-09-30,train
122777,2022-10-31,train
122777,2022-11-30,train
122777,2022-12-31,train
122777,2023-01-31,train
122777,2023-02-28,train
122777,2023-03-31,train
122777,2023-04-30,train
122777,2023-05-31,train
122777,2023-06-30,train
122777,2023-07-31,train
122777,2023-08-31,train
122777,2023-09-30,train
122777,2023-10-31,train
122777,2023-11-30,train
122777,2023-12-31,train
122777,2024-01-31,train
122777,2024-02-29,train
122777,2024-03-31,train
122777,2024-04-30,train
122777,2024-05-31,train
122777,2024-06-30,train
122777,2024-07-31,train
122777,2024-08-31,train
122778,2021-07-31,train
122778,2021-08-31,train
122778,2021-09-30,train
122778,2021-10-31,train
122778,2021-11-30,train
122778,2021-12-31,train
122778,2022-01-31,train
122778,2022-02-28,train
122778,2022-03-31,train
122778,2022-04-30,train
122778,2022-05-31,train
122778,2022-06-30,train
122778,2022-07-31,train
122778,2022-08-31,train
122778,2022-09-30,train
122778,2022-10-31,train
122778,2022-11-30,train
122778,2022-12-31,train
122778,2023-01-31,train
122778,2023-02-28,train
122778,2023-03-31,train
122778,2023-04-30,train
122778,2023-05-31,train
122778,2023-06-30,train
122778,2023-07-31,train
122778,2023-08-31,train
122778,2023-09-30,train
122778,2023-10-31,train
122778,2023-11-30,train
122778,2023-12-31,train
122778,2024-01-31,train
122778,2024-02-29,train
122778,2024-03-31,train
122778,2024-04-30,train
122778,2024-05-31,train
122778,2024-06-30,train
122778,2024-07-31,train
122778,2024-08-31,train
122779,2021-07-31,train
122779,2021-08-31,train
122779,2021-09-30,train
122779,2021-10-31,train
122779,2021-11-30,train
122779,2021-12-31,train
122779,2022-01-31,train
122779,2022-02-28,train
122779,2022-03-31,train
122779,2022-04-30,train
122779,2022-05-31,train
122779,2022-06-30,train
122779,2022-07-31,train
122779,2022-08-31,train
122779,2022-09-30,train
122779,2022-10-31,train
122779,2022-11-30,train
122779,2022-12-31,train
122779,2023-01-31,train
122779,2023-02-28,train
122779,2023-03-31,train
122779,2023-04-30,train
122779,2023-05-31,train
122781,2021-07-31,train
122781,2021-08-31,train
122781,2021-09-30,train
122781,2021-10-31,train
122781,2021-11-30,train
122781,2021-12-31,train
122781,2022-01-31,train
122781,2022-02-28,train
122781,2022-03-31,train
122781,2022-04-30,train
122781,2022-05-31,train
122781,2022-06-30,train
122781,2022-07-31,train
122781,2022-08-31,train
122781,2022-09-30,train
122781,2022-10-31,train
122781,2022-11-30,train
122781,2022-12-31,train
122781,2023-01-31,train
122781,2023-02-28,train
122781,2023-03-31,train
122781,2023-04-30,train
122781,2023-05-31,train
122781,2023-06-30,train
122781,2023-07-31,train
122781,2023-08-31,train
122781,2023-09-30,train
122781,2023-10-31,train
122781,2023-11-30,train
122781,2023-12-31,train
122781,2024-01-31,train
122781,2024-02-29,train
122781,2024-03-31,train
122781,2024-04-30,train
122781,2024-05-31,train
122781,2024-06-30,train
122781,2024-07-31,train
122781,2024-08-31,train
122782,2021-07-31,train
122782,2021-08-31,train
122782,2021-09-30,train
122782,2021-10-31,train
122782,2021-11-30,train
122782,2021-12-31,train
122782,2022-01-31,train
122782,2022-02-28,train
122782,2022-03-31,train
122782,2022-04-30,train
122782,2022-05-31,train
122782,2022-06-30,train
122782,2022-07-31,train
122782,2022-08-31,train
122782,2022-09-30,train
122782,2022-10-31,train
122782,2022-11-30,train
122782,2022-12-31,train
122782,2023-01-31,train
122782,2023-02-28,train
122782,2023-03-31,train
122782,2023-04-30,train
122782,2023-05-31,train
122782,2023-06-30,train
122782,2023-07-31,train
122782,2023-08-31,train
122782,2023-09-30,train
122782,2023-10-31,train
122782,2023-11-30,train
122782,2023-12-31,train
122782,2024-01-31,train
122782,2024-02-29,train
122782,2024-03-31,train
122782,2024-04-30,train
122782,2024-05-31,train
122782,2024-06-30,train
122782,2024-07-31,train
122782,2024-08-31,train
122783,2021-07-31,train
122783,2021-08-31,train
122783,2021-09-30,train
122783,2021-10-31,train
122783,2021-11-30,train
122783,2021-12-31,train
122783,2022-01-31,train
122783,2022-02-28,train
122783,2022-03-31,train
122783,2022-04-30,train
122783,2022-05-31,train
122783,2022-06-30,train
122783,2022-07-31,train
122783,2022-08-31,train
122783,2022-09-30,train
122783,2022-10-31,train
122783,2022-11-30,train
122783,2022-12-31,train
122783,2023-01-31,train
122783,2023-02-28,train
122783,2023-03-31,train
122783,2023-04-30,train
122783,2023-05-31,train
122783,2023-06-30,train
122783,2023-07-31,train
122783,2023-08-31,train
122783,2023-09-30,train
122783,2023-10-31,train
122783,2023-11-30,train
122783,2023-12-31,train
122783,2024-01-31,train
122783,2024-02-29,train
122783,2024-03-31,train
122783,2024-04-30,train
122783,2024-05-31,train
122783,2024-06-30,train
122783,2024-07-31,train
122783,2024-08-31,train
122784,2021-07-31,train
122784,2021-08-31,train
122784,2021-09-30,train
122784,2021-10-31,train
122784,2021-11-30,train
122784,2021-12-31,train
122784,2022-01-31,train
122784,2022-02-28,train
122784,2022-03-31,train
122784,2022-04-30,train
122784,2022-05-31,train
122784,2022-06-30,train
122784,2022-07-31,train
122784,2022-08-31,train
122784,2022-09-30,train
122784,2022-10-31,train
122784,2022-11-30,train
122784,2022-12-31,train
122784,2023-01-31,train
122784,2023-02-28,train
122784,2023-03-31,train
122784,2023-04-30,train
122784,2023-05-31,train
122784,2023-06-30,train
122784,2023-07-31,train
122784,2023-08-31,train
122784,2023-09-30,train
122784,2023-10-31,train
122784,2023-11-30,train
122784,2023-12-31,train
122784,2024-01-31,train
122784,2024-02-29,train
122784,2024-03-31,train
122784,2024-04-30,train
122784,2024-05-31,train
122784,2024-06-30,train
122784,2024-07-31,train
122784,2024-08-31,train
122788,2021-07-31,train
122788,2021-08-31,train
122788,2021-09-30,train
122788,2021-10-31,train
122788,2021-11-30,train
122788,2021-12-31,train
122788,2022-01-31,train
122788,2022-02-28,train
122788,2022-03-31,train
122788,2022-04-30,train
122788,2022-05-31,train
122788,2022-06-30,train
122788,2022-07-31,train
122788,2022-08-31,train
122788,2022-09-30,train
122788,2022-10-31,train
122788,2022-11-30,train
122788,2022-12-31,train
122788,2023-01-31,train
122788,2023-02-28,train
122788,2023-03-31,train
122788,2023-04-30,train
122788,2023-05-31,train
122788,2023-06-30,train
122788,2023-07-31,train
122788,2023-08-31,train
122788,2023-09-30,train
122788,2023-10-31,train
122788,2023-11-30,train
122788,2023-12-31,train
122788,2024-01-31,train
122788,2024-02-29,train
122788,2024-03-31,train
122788,2024-04-30,train
122788,2024-05-31,train
122788,2024-06-30,train
122788,2024-07-31,train
122788,2024-08-31,train
122790,2021-07-31,train
122790,2021-08-31,train
122790,2021-09-30,train
122790,2021-10-31,train
122790,2021-11-30,train
122790,2021-12-31,train
122790,2022-01-31,train
122790,2022-02-28,train
122790,2022-03-31,train
122790,2022-04-30,train
122790,2022-05-31,train
122790,2022-06-30,train
122790,2022-07-31,train
122790,2022-08-31,train
122790,2022-09-30,train
122790,2022-10-31,train
122790,2022-11-30,train
122790,2022-12-31,train
122790,2023-01-31,train
122790,2023-02-28,train
122790,2023-03-31,train
122790,2023-04-30,train
122790,2023-05-31,train
122790,2023-06-30,train
122790,2023-07-31,train
122790,2023-08-31,train
122790,2023-09-30,train
122790,2023-10-31,train
122790,2023-11-30,train
122790,2023-12-31,train
122790,2024-01-31,train
122790,2024-02-29,train
122790,2024-03-31,train
122790,2024-04-30,train
122790,2024-05-31,train
122790,2024-06-30,train
122790,2024-07-31,train
122790,2024-08-31,train
122791,2021-07-31,train
122791,2021-08-31,train
122791,2021-09-30,train
122791,2021-10-31,train
122791,2021-11-30,train
122791,2021-12-31,train
122791,2022-01-31,train
122791,2022-02-28,train
122791,2022-03-31,train
122791,2022-04-30,train
122791,2022-05-31,train
122791,2022-06-30,train
122791,2022-07-31,train
122791,2022-08-31,train
122791,2022-09-30,train
122791,2022-10-31,train
122791,2022-11-30,train
122791,2022-12-31,train
122791,2023-01-31,train
122791,2023-02-28,train
122791,2023-03-31,train
122791,2023-04-30,train
122791,2023-05-31,train
122791,2023-06-30,train
122791,2023-07-31,train
122791,2023-08-31,train
122791,2023-09-30,train
122792,2021-07-31,train
122792,2021-08-31,train
122792,2021-09-30,train
122792,2021-10-31,train
122792,2021-11-30,train
122792,2021-12-31,train
122792,2022-01-31,train
122792,2022-02-28,train
122792,2022-03-31,train
122792,2022-04-30,train
122792,2022-05-31,train
122792,2022-06-30,train
122792,2022-07-31,train
122792,2022-08-31,train
122792,2022-09-30,train
122792,2022-10-31,train
122792,2022-11-30,train
122792,2022-12-31,train
122792,2023-01-31,train
122792,2023-02-28,train
122792,2023-03-31,train
122792,2023-04-30,train
122792,2023-05-31,train
122792,2023-06-30,train
122792,2023-07-31,train
122792,2023-08-31,train
122792,2023-09-30,train
122792,2023-10-31,train
122792,2023-11-30,train
122792,2023-12-31,train
122792,2024-01-31,train
122792,2024-02-29,train
122792,2024-03-31,train
122792,2024-04-30,train
122792,2024-05-31,train
122792,2024-06-30,train
122792,2024-07-31,train
122792,2024-08-31,train
122799,2021-08-31,train
122799,2021-09-30,train
122799,2021-10-31,train
122799,2021-11-30,train
122799,2021-12-31,train
122799,2022-01-31,train
122799,2022-02-28,train
122799,2022-03-31,train
122799,2022-04-30,train
122799,2022-05-31,train
122799,2022-06-30,train
122799,2022-07-31,train
122799,2022-08-31,train
122799,2022-09-30,train
122799,2022-10-31,train
122799,2022-11-30,train
122799,2022-12-31,train
122799,2023-01-31,train
122799,2023-02-28,train
122799,2023-03-31,train
122799,2023-04-30,train
122799,2023-05-31,train
122799,2023-06-30,train
122799,2023-07-31,train
122799,2023-08-31,train
122799,2023-09-30,train
122799,2023-10-31,train
122799,2023-11-30,train
122799,2023-12-31,train
122799,2024-01-31,train
122799,2024-02-29,train
122799,2024-03-31,train
122799,2024-04-30,train
122799,2024-05-31,train
122799,2024-06-30,train
122799,2024-07-31,train
122799,2024-08-31,train
122802,2021-07-31,train
122802,2021-08-31,train
122802,2021-09-30,train
122802,2021-10-31,train
122802,2021-11-30,train
122802,2021-12-31,train
122802,2022-01-31,train
122802,2022-02-28,train
122802,2022-03-31,train
122802,2022-04-30,train
122802,2022-05-31,train
122802,2022-06-30,train
122802,2022-07-31,train
122802,2022-08-31,train
122802,2022-09-30,train
122802,2022-10-31,train
122802,2022-11-30,train
122802,2022-12-31,train
122802,2023-01-31,train
122802,2023-02-28,train
122802,2023-03-31,train
122802,2023-04-30,train
122802,2023-05-31,train
122802,2023-06-30,train
122802,2023-07-31,train
122802,2023-08-31,train
122802,2023-09-30,train
122802,2023-10-31,train
122802,2023-11-30,train
122802,2023-12-31,train
122802,2024-01-31,train
122802,2024-02-29,train
122802,2024-03-31,train
122802,2024-04-30,train
122802,2024-05-31,train
122802,2024-06-30,train
122802,2024-07-31,train
122802,2024-08-31,train
122803,2021-07-31,train
122803,2021-08-31,train
122803,2021-09-30,train
122803,2021-10-31,train
122803,2021-11-30,train
122803,2021-12-31,train
122803,2022-01-31,train
122803,2022-02-28,train
122803,2022-03-31,train
122803,2022-04-30,train
122803,2022-05-31,train
122803,2022-06-30,train
122803,2022-07-31,train
122803,2022-08-31,train
122803,2022-09-30,train
122803,2022-10-31,train
122803,2022-11-30,train
122803,2022-12-31,train
122803,2023-01-31,train
122803,2023-02-28,train
122803,2023-03-31,train
122803,2023-04-30,train
122803,2023-05-31,train
122803,2023-06-30,train
122803,2023-07-31,train
122803,2023-08-31,train
122803,2023-09-30,train
122803,2023-10-31,train
122803,2023-11-30,train
122803,2023-12-31,train
122803,2024-01-31,train
122803,2024-02-29,train
122803,2024-03-31,train
122803,2024-04-30,train
122803,2024-05-31,train
122803,2024-06-30,train
122803,2024-07-31,train
122803,2024-08-31,train
122804,2021-07-31,train
122804,2021-08-31,train
122804,2021-09-30,train
122804,2021-10-31,train
122804,2021-11-30,train
122804,2021-12-31,train
122804,2022-01-31,train
122804,2022-02-28,train
122804,2022-03-31,train
122804,2022-04-30,train
122804,2022-05-31,train
122804,2022-06-30,train
122804,2022-07-31,train
122804,2022-08-31,train
122804,2022-09-30,train
122804,2022-10-31,train
122804,2022-11-30,train
122804,2022-12-31,train
122804,2023-01-31,train
122804,2023-02-28,train
122804,2023-03-31,train
122804,2023-04-30,train
122804,2023-05-31,train
122804,2023-06-30,train
122804,2023-07-31,train
122806,2021-07-31,train
122806,2021-08-31,train
122806,2021-09-30,train
122806,2021-10-31,train
122806,2021-11-30,train
122806,2021-12-31,train
122806,2022-01-31,train
122806,2022-02-28,train
122806,2022-03-31,train
122806,2022-04-30,train
122806,2022-05-31,train
122806,2022-06-30,train
122806,2022-07-31,train
122806,2022-08-31,train
122806,2022-09-30,train
122806,2022-10-31,train
122806,2022-11-30,train
122806,2022-12-31,train
122806,2023-01-31,train
122806,2023-02-28,train
122806,2023-03-31,train
122806,2023-04-30,train
122806,2023-05-31,train
122806,2023-06-30,train
122806,2023-07-31,train
122806,2023-08-31,train
122806,2023-09-30,train
122806,2023-10-31,train
122806,2023-11-30,train
122806,2023-12-31,train
122806,2024-01-31,train
122806,2024-02-29,train
122806,2024-03-31,train
122806,2024-04-30,train
122806,2024-05-31,train
122806,2024-06-30,train
122806,2024-07-31,train
122806,2024-08-31,train
122807,2021-07-31,train
122807,2021-08-31,train
122807,2021-09-30,train
122807,2021-10-31,train
122807,2021-11-30,train
122807,2021-12-31,train
122807,2022-01-31,train
122807,2022-02-28,train
122807,2022-03-31,train
122807,2022-04-30,train
122807,2022-05-31,train
122807,2022-06-30,train
122807,2022-07-31,train
122807,2022-08-31,train
122807,2022-09-30,train
122807,2022-10-31,train
122807,2022-11-30,train
122807,2022-12-31,train
122807,2023-01-31,train
122807,2023-02-28,train
122807,2023-03-31,train
122807,2023-04-30,train
122807,2023-05-31,train
122807,2023-06-30,train
122807,2023-07-31,train
122807,2023-08-31,train
122807,2023-09-30,train
122807,2023-10-31,train
122808,2021-07-31,train
122808,2021-08-31,train
122808,2021-09-30,train
122808,2021-10-31,train
122808,2021-11-30,train
122808,2021-12-31,train
122808,2022-01-31,train
122808,2022-02-28,train
122808,2022-03-31,train
122808,2022-04-30,train
122808,2022-05-31,train
122808,2022-06-30,train
122808,2022-07-31,train
122808,2022-08-31,train
122808,2022-09-30,train
122808,2022-10-31,train
122808,2022-11-30,train
122808,2022-12-31,train
122808,2023-01-31,train
122808,2023-02-28,train
122808,2023-03-31,train
122808,2023-04-30,train
122808,2023-05-31,train
122808,2023-06-30,train
122808,2023-07-31,train
122808,2023-08-31,train
122808,2023-09-30,train
122808,2023-10-31,train
122808,2023-11-30,train
122808,2023-12-31,train
122808,2024-01-31,train
122808,2024-02-29,train
122808,2024-03-31,train
122808,2024-04-30,train
122808,2024-05-31,train
122808,2024-06-30,train
122808,2024-07-31,train
122808,2024-08-31,train
122812,2021-07-31,train
122812,2021-08-31,train
122812,2021-09-30,train
122812,2021-10-31,train
122812,2021-11-30,train
122812,2021-12-31,train
122812,2022-01-31,train
122812,2022-02-28,train
122812,2022-03-31,train
122812,2022-04-30,train
122812,2022-05-31,train
122812,2022-06-30,train
122812,2022-07-31,train
122812,2022-08-31,train
122812,2022-09-30,train
122812,2022-10-31,train
122812,2022-11-30,train
122812,2022-12-31,train
122812,2023-01-31,train
122812,2023-02-28,train
122812,2023-03-31,train
122812,2023-04-30,train
122812,2023-05-31,train
122812,2023-06-30,train
122812,2023-07-31,train
122812,2023-08-31,train
122812,2023-09-30,train
122812,2023-10-31,train
122812,2023-11-30,train
122812,2023-12-31,train
122812,2024-01-31,train
122812,2024-02-29,train
122812,2024-03-31,train
122812,2024-04-30,train
122812,2024-05-31,train
122812,2024-06-30,train
122812,2024-07-31,train
122812,2024-08-31,train
122815,2023-01-31,train
122815,2023-02-28,train
122815,2023-03-31,train
122815,2023-04-30,train
122815,2023-05-31,train
122815,2023-06-30,train
122815,2023-07-31,train
122815,2023-08-31,train
122815,2023-09-30,train
122815,2023-10-31,train
122815,2023-11-30,train
122815,2023-12-31,train
122815,2024-01-31,train
122815,2024-02-29,train
122815,2024-03-31,train
122815,2024-04-30,train
122815,2024-05-31,train
122815,2024-06-30,train
122815,2024-07-31,train
122815,2024-08-31,train
122818,2021-07-31,train
122818,2021-08-31,train
122818,2021-09-30,train
122818,2021-10-31,train
122818,2021-11-30,train
122818,2021-12-31,train
122818,2022-01-31,train
122818,2022-02-28,train
122818,2022-03-31,train
122818,2022-04-30,train
122818,2022-05-31,train
122818,2022-06-30,train
122818,2022-07-31,train
122818,2022-08-31,train
122818,2022-09-30,train
122818,2022-10-31,train
122818,2022-11-30,train
122818,2022-12-31,train
122818,2023-01-31,train
122818,2023-02-28,train
122818,2023-03-31,train
122818,2023-04-30,train
122818,2023-05-31,train
122818,2023-06-30,train
122818,2023-07-31,train
122818,2023-08-31,train
122818,2023-09-30,train
122818,2023-10-31,train
122818,2023-11-30,train
122818,2023-12-31,train
122818,2024-01-31,train
122818,2024-02-29,train
122818,2024-03-31,train
122818,2024-04-30,train
122818,2024-05-31,train
122818,2024-06-30,train
122818,2024-07-31,train
122818,2024-08-31,train
122820,2021-07-31,train
122820,2021-08-31,train
122820,2021-09-30,train
122820,2021-10-31,train
122820,2021-11-30,train
122820,2021-12-31,train
122820,2022-01-31,train
122820,2022-02-28,train
122820,2022-03-31,train
122820,2022-04-30,train
122820,2022-05-31,train
122820,2022-06-30,train
122820,2022-07-31,train
122820,2022-08-31,train
122820,2022-09-30,train
122820,2022-10-31,train
122820,2022-11-30,train
122820,2022-12-31,train
122820,2023-01-31,train
122820,2023-02-28,train
122820,2023-03-31,train
122820,2023-04-30,train
122820,2023-05-31,train
122820,2023-06-30,train
122820,2023-07-31,train
122820,2023-08-31,train
122820,2023-09-30,train
122820,2023-10-31,train
122822,2021-07-31,train
122822,2021-08-31,train
122822,2021-09-30,train
122822,2021-10-31,train
122822,2021-11-30,train
122822,2021-12-31,train
122822,2022-01-31,train
122822,2022-02-28,train
122822,2022-03-31,train
122822,2022-04-30,train
122822,2022-05-31,train
122822,2022-06-30,train
122822,2022-07-31,train
122822,2022-08-31,train
122822,2022-09-30,train
122822,2022-10-31,train
122822,2022-11-30,train
122822,2022-12-31,train
122822,2023-01-31,train
122822,2023-02-28,train
122822,2023-03-31,train
122822,2023-04-30,train
122822,2023-05-31,train
122822,2023-06-30,train
122822,2023-07-31,train
122822,2023-08-31,train
122822,2023-09-30,train
122822,2023-10-31,train
122822,2023-11-30,train
122822,2023-12-31,train
122822,2024-01-31,train
122822,2024-02-29,train
122822,2024-03-31,train
122822,2024-04-30,train
122822,2024-05-31,train
122822,2024-06-30,train
122822,2024-07-31,train
122822,2024-08-31,train
122825,2021-07-31,train
122825,2021-08-31,train
122825,2021-09-30,train
122825,2021-10-31,train
122825,2021-11-30,train
122825,2021-12-31,train
122825,2022-01-31,train
122825,2022-02-28,train
122825,2022-03-31,train
122825,2022-04-30,train
122825,2022-05-31,train
122825,2022-06-30,train
122825,2022-07-31,train
122825,2022-08-31,train
122825,2022-09-30,train
122825,2022-10-31,train
122825,2022-11-30,train
122825,2022-12-31,train
122825,2023-01-31,train
122825,2023-02-28,train
122825,2023-03-31,train
122825,2023-04-30,train
122825,2023-05-31,train
122825,2023-06-30,train
122825,2023-07-31,train
122825,2023-08-31,train
122825,2023-09-30,train
122825,2023-10-31,train
122825,2023-11-30,train
122825,2023-12-31,train
122825,2024-01-31,train
122825,2024-02-29,train
122825,2024-03-31,train
122825,2024-04-30,train
122825,2024-05-31,train
122825,2024-06-30,train
122825,2024-07-31,train
122825,2024-08-31,train
122826,2021-07-31,train
122826,2021-08-31,train
122826,2021-09-30,train
122826,2021-10-31,train
122826,2021-11-30,train
122826,2021-12-31,train
122826,2022-01-31,train
122826,2022-02-28,train
122826,2022-03-31,train
122826,2022-04-30,train
122826,2022-05-31,train
122826,2022-06-30,train
122826,2022-07-31,train
122826,2022-08-31,train
122826,2022-09-30,train
122826,2022-10-31,train
122826,2022-11-30,train
122826,2022-12-31,train
122826,2023-01-31,train
122826,2023-02-28,train
122826,2023-03-31,train
122826,2023-04-30,train
122826,2023-05-31,train
122826,2023-06-30,train
122826,2023-07-31,train
122826,2023-08-31,train
122826,2023-09-30,train
122826,2023-10-31,train
122826,2023-11-30,train
122826,2023-12-31,train
122826,2024-01-31,train
122826,2024-02-29,train
122826,2024-03-31,train
122826,2024-04-30,train
122826,2024-05-31,train
122826,2024-06-30,train
122826,2024-07-31,train
122826,2024-08-31,train
122830,2021-07-31,train
122830,2021-08-31,train
122830,2021-09-30,train
122830,2021-10-31,train
122830,2021-11-30,train
122830,2021-12-31,train
122830,2022-01-31,train
122830,2022-02-28,train
122830,2022-03-31,train
122830,2022-04-30,train
122830,2022-05-31,train
122830,2022-06-30,train
122830,2022-07-31,train
122830,2022-08-31,train
122830,2022-09-30,train
122830,2022-10-31,train
122830,2022-11-30,train
122830,2022-12-31,train
122830,2023-01-31,train
122830,2023-02-28,train
122830,2023-03-31,train
122830,2023-04-30,train
122830,2023-05-31,train
122830,2023-06-30,train
122830,2023-07-31,train
122830,2023-08-31,train
122830,2023-09-30,train
122830,2023-10-31,train
122830,2023-11-30,train
122830,2023-12-31,train
122830,2024-01-31,train
122830,2024-02-29,train
122830,2024-03-31,train
122830,2024-04-30,train
122830,2024-05-31,train
122830,2024-06-30,train
122830,2024-07-31,train
122830,2024-08-31,train
122837,2021-07-31,train
122837,2021-08-31,train
122837,2021-09-30,train
122837,2021-10-31,train
122837,2021-11-30,train
122837,2021-12-31,train
122837,2022-01-31,train
122837,2022-02-28,train
122837,2022-03-31,train
122837,2022-04-30,train
122837,2022-05-31,train
122837,2022-06-30,train
122837,2022-07-31,train
122837,2022-08-31,train
122837,2022-09-30,train
122837,2022-10-31,train
122837,2022-11-30,train
122837,2022-12-31,train
122837,2023-01-31,train
122837,2023-02-28,train
122837,2023-03-31,train
122837,2023-04-30,train
122837,2023-05-31,train
122837,2023-06-30,train
122837,2023-07-31,train
122837,2023-08-31,train
122837,2023-09-30,train
122837,2023-10-31,train
122837,2023-11-30,train
122837,2023-12-31,train
122837,2024-01-31,train
122837,2024-02-29,train
122837,2024-03-31,train
122837,2024-04-30,train
122837,2024-05-31,train
122837,2024-06-30,train
122837,2024-07-31,train
122837,2024-08-31,train
122848,2021-07-31,train
122848,2021-08-31,train
122848,2021-09-30,train
122848,2021-10-31,train
122848,2021-11-30,train
122848,2021-12-31,train
122848,2022-01-31,train
122848,2022-02-28,train
122848,2022-03-31,train
122848,2022-04-30,train
122848,2022-05-31,train
122848,2022-06-30,train
122848,2022-07-31,train
122848,2022-08-31,train
122848,2022-09-30,train
122848,2022-10-31,train
122848,2022-11-30,train
122848,2022-12-31,train
122848,2023-01-31,train
122848,2023-02-28,train
122848,2023-03-31,train
122848,2023-04-30,train
122848,2023-05-31,train
122848,2023-06-30,train
122848,2023-07-31,train
122848,2023-08-31,train
122848,2023-09-30,train
122848,2023-10-31,train
122848,2023-11-30,train
122848,2023-12-31,train
122848,2024-01-31,train
122848,2024-02-29,train
122848,2024-03-31,train
122848,2024-04-30,train
122848,2024-05-31,train
122848,2024-06-30,train
122848,2024-07-31,train
122848,2024-08-31,train
122854,2022-03-31,train
122854,2022-04-30,train
122854,2022-05-31,train
122854,2022-06-30,train
122854,2022-07-31,train
122854,2022-08-31,train
122854,2022-09-30,train
122854,2022-10-31,train
122854,2022-11-30,train
122854,2022-12-31,train
122854,2023-01-31,train
122854,2023-02-28,train
122854,2023-03-31,train
122854,2023-04-30,train
122854,2023-05-31,train
122854,2023-06-30,train
122854,2023-07-31,train
122854,2023-08-31,train
122854,2023-09-30,train
122854,2023-10-31,train
122854,2023-11-30,train
122854,2023-12-31,train
122854,2024-01-31,train
122854,2024-02-29,train
122854,2024-03-31,train
122854,2024-04-30,train
122854,2024-05-31,train
122854,2024-06-30,train
122854,2024-07-31,train
122854,2024-08-31,train
122868,2021-07-31,train
122868,2021-08-31,train
122868,2021-09-30,train
122868,2021-10-31,train
122868,2021-11-30,train
122868,2021-12-31,train
122868,2022-01-31,train
122868,2022-02-28,train
122868,2022-03-31,train
122868,2022-04-30,train
122868,2022-05-31,train
122868,2022-06-30,train
122868,2022-07-31,train
122868,2022-08-31,train
122868,2022-09-30,train
122868,2022-10-31,train
122868,2022-11-30,train
122868,2022-12-31,train
122868,2023-01-31,train
122868,2023-02-28,train
122868,2023-03-31,train
122868,2023-04-30,train
122868,2023-05-31,train
122868,2023-06-30,train
122868,2023-07-31,train
122868,2023-08-31,train
122868,2023-09-30,train
122868,2023-10-31,train
122868,2023-11-30,train
122868,2023-12-31,train
122868,2024-01-31,train
122868,2024-02-29,train
122868,2024-03-31,train
122868,2024-04-30,train
122868,2024-05-31,train
122869,2021-07-31,train
122869,2021-08-31,train
122869,2021-09-30,train
122869,2021-10-31,train
122869,2021-11-30,train
122869,2021-12-31,train
122869,2022-01-31,train
122869,2022-02-28,train
122869,2022-03-31,train
122869,2022-04-30,train
122869,2022-05-31,train
122869,2022-06-30,train
122869,2022-07-31,train
122869,2022-08-31,train
122869,2022-09-30,train
122869,2022-10-31,train
122869,2022-11-30,train
122869,2022-12-31,train
122869,2023-01-31,train
122869,2023-02-28,train
122869,2023-03-31,train
122869,2023-04-30,train
122869,2023-05-31,train
122869,2023-06-30,train
122869,2023-07-31,train
122869,2023-08-31,train
122869,2023-09-30,train
122869,2023-10-31,train
122869,2023-11-30,train
122869,2023-12-31,train
122869,2024-01-31,train
122869,2024-02-29,train
122869,2024-03-31,train
122869,2024-04-30,train
122869,2024-05-31,train
122869,2024-06-30,train
122869,2024-07-31,train
122869,2024-08-31,train
122877,2021-11-30,train
122877,2021-12-31,train
122877,2022-01-31,train
122877,2022-02-28,train
122877,2022-03-31,train
122877,2022-04-30,train
122877,2022-05-31,train
122877,2022-06-30,train
122877,2022-07-31,train
122877,2022-08-31,train
122877,2022-09-30,train
122877,2022-10-31,train
122877,2022-11-30,train
122877,2022-12-31,train
122878,2021-11-30,train
122878,2021-12-31,train
122878,2022-01-31,train
122878,2022-02-28,train
122878,2022-03-31,train
122878,2022-04-30,train
122878,2022-05-31,train
122878,2022-06-30,train
122878,2022-07-31,train
122878,2022-08-31,train
122878,2022-09-30,train
122878,2022-10-31,train
122878,2022-11-30,train
122878,2022-12-31,train
122891,2021-07-31,train
122891,2021-08-31,train
122891,2021-09-30,train
122891,2021-10-31,train
122891,2021-11-30,train
122891,2021-12-31,train
122891,2022-01-31,train
122891,2022-02-28,train
122891,2022-03-31,train
122891,2022-04-30,train
122891,2022-05-31,train
122891,2022-06-30,train
122891,2022-07-31,train
122891,2022-08-31,train
122891,2022-09-30,train
122891,2022-10-31,train
122891,2022-11-30,train
122891,2022-12-31,train
122891,2023-01-31,train
122891,2023-02-28,train
122891,2023-03-31,train
122891,2023-04-30,train
122891,2023-05-31,train
122891,2023-06-30,train
122891,2023-07-31,train
122891,2023-08-31,train
122891,2023-09-30,train
122891,2023-10-31,train
122891,2023-11-30,train
122891,2023-12-31,train
122891,2024-01-31,train
122891,2024-02-29,train
122891,2024-03-31,train
122891,2024-04-30,train
122891,2024-05-31,train
122891,2024-06-30,train
122891,2024-07-31,train
122891,2024-08-31,train
122904,2021-07-31,train
122904,2021-08-31,train
122904,2021-09-30,train
122904,2021-10-31,train
122904,2021-11-30,train
122904,2021-12-31,train
122904,2022-01-31,train
122904,2022-02-28,train
122904,2022-03-31,train
122904,2022-04-30,train
122904,2022-05-31,train
122904,2022-06-30,train
122904,2022-07-31,train
122904,2022-08-31,train
122904,2022-09-30,train
122904,2022-10-31,train
122904,2022-11-30,train
122904,2022-12-31,train
122904,2023-01-31,train
122904,2023-02-28,train
122904,2023-03-31,train
122904,2023-04-30,train
122904,2023-05-31,train
122904,2023-06-30,train
122904,2023-07-31,train
122904,2023-08-31,train
122904,2023-09-30,train
122904,2023-10-31,train
122904,2023-11-30,train
122904,2023-12-31,train
122904,2024-01-31,train
122904,2024-02-29,train
122904,2024-03-31,train
122904,2024-04-30,train
122904,2024-05-31,train
122904,2024-06-30,train
122904,2024-07-31,train
122904,2024-08-31,train
122905,2021-07-31,train
122905,2021-08-31,train
122905,2021-09-30,train
122905,2021-10-31,train
122905,2021-11-30,train
122905,2021-12-31,train
122905,2022-01-31,train
122905,2022-02-28,train
122905,2022-03-31,train
122905,2022-04-30,train
122905,2022-05-31,train
122905,2022-06-30,train
122905,2022-07-31,train
122905,2022-08-31,train
122905,2022-09-30,train
122905,2022-10-31,train
122905,2022-11-30,train
122905,2022-12-31,train
122905,2023-01-31,train
122905,2023-02-28,train
122905,2023-03-31,train
122905,2023-04-30,train
122905,2023-05-31,train
122905,2023-06-30,train
122905,2023-07-31,train
122905,2023-08-31,train
122905,2023-09-30,train
122905,2023-10-31,train
122905,2023-11-30,train
122905,2023-12-31,train
122905,2024-01-31,train
122905,2024-02-29,train
122905,2024-03-31,train
122905,2024-04-30,train
122905,2024-05-31,train
122905,2024-06-30,train
122905,2024-07-31,train
122905,2024-08-31,train
122908,2022-09-30,train
122908,2022-10-31,train
122908,2022-11-30,train
122908,2022-12-31,train
122908,2023-01-31,train
122908,2023-02-28,train
122908,2023-03-31,train
122908,2023-04-30,train
122908,2023-05-31,train
122908,2023-06-30,train
122908,2023-07-31,train
122908,2023-08-31,train
122908,2023-09-30,train
122908,2023-10-31,train
122908,2023-11-30,train
122908,2023-12-31,train
122908,2024-01-31,train
122908,2024-02-29,train
122908,2024-03-31,train
122908,2024-04-30,train
122908,2024-05-31,train
122908,2024-06-30,train
122908,2024-07-31,train
122908,2024-08-31,train
122912,2021-07-31,train
122912,2021-08-31,train
122912,2021-09-30,train
122912,2021-10-31,train
122912,2021-11-30,train
122912,2021-12-31,train
122912,2022-01-31,train
122912,2022-02-28,train
122912,2022-03-31,train
122912,2022-04-30,train
122912,2022-05-31,train
122912,2022-06-30,train
122912,2022-07-31,train
122912,2022-08-31,train
122912,2022-09-30,train
122912,2022-10-31,train
122912,2022-11-30,train
122912,2022-12-31,train
122912,2023-01-31,train
122912,2023-02-28,train
122912,2023-03-31,train
122912,2023-04-30,train
122912,2023-05-31,train
122912,2023-06-30,train
122912,2023-07-31,train
122912,2023-08-31,train
122912,2023-09-30,train
122912,2023-10-31,train
122912,2023-11-30,train
122912,2023-12-31,train
122912,2024-01-31,train
122912,2024-02-29,train
122912,2024-03-31,train
122912,2024-04-30,train
122912,2024-05-31,train
122912,2024-06-30,train
122912,2024-07-31,train
122912,2024-08-31,train
122918,2021-07-31,train
122918,2021-08-31,train
122918,2021-09-30,train
122918,2021-10-31,train
122918,2021-11-30,train
122918,2021-12-31,train
122918,2022-01-31,train
122918,2022-02-28,train
122918,2022-03-31,train
122918,2022-04-30,train
122918,2022-05-31,train
122918,2022-06-30,train
122918,2022-07-31,train
122918,2022-08-31,train
122918,2022-09-30,train
122918,2022-10-31,train
122918,2022-11-30,train
122918,2022-12-31,train
122918,2023-01-31,train
122918,2023-02-28,train
122918,2023-03-31,train
122918,2023-04-30,train
122918,2023-05-31,train
122918,2023-06-30,train
122918,2023-07-31,train
122918,2023-08-31,train
122918,2023-09-30,train
122918,2023-10-31,train
122918,2023-11-30,train
122918,2023-12-31,train
122918,2024-01-31,train
122918,2024-02-29,train
122918,2024-03-31,train
122918,2024-04-30,train
122918,2024-05-31,train
122918,2024-06-30,train
122918,2024-07-31,train
122918,2024-08-31,train
122920,2021-07-31,train
122920,2021-08-31,train
122920,2021-09-30,train
122920,2021-10-31,train
122920,2021-11-30,train
122920,2021-12-31,train
122920,2022-01-31,train
122920,2022-02-28,train
122920,2022-03-31,train
122920,2022-04-30,train
122920,2022-05-31,train
122920,2022-06-30,train
122920,2022-07-31,train
122920,2022-08-31,train
122920,2022-09-30,train
122921,2021-07-31,train
122921,2021-08-31,train
122921,2021-09-30,train
122921,2021-10-31,train
122921,2021-11-30,train
122921,2021-12-31,train
122921,2022-01-31,train
122921,2022-02-28,train
122921,2022-03-31,train
122921,2022-04-30,train
122921,2022-05-31,train
122921,2022-06-30,train
122921,2022-07-31,train
122921,2022-08-31,train
122921,2022-09-30,train
122922,2021-07-31,train
122922,2021-08-31,train
122922,2021-09-30,train
122922,2021-10-31,train
122922,2021-11-30,train
122922,2021-12-31,train
122922,2022-01-31,train
122922,2022-02-28,train
122922,2022-03-31,train
122922,2022-04-30,train
122922,2022-05-31,train
122922,2022-06-30,train
122922,2022-07-31,train
122922,2022-08-31,train
122922,2022-09-30,train
122922,2022-10-31,train
122922,2022-11-30,train
122922,2022-12-31,train
122922,2023-01-31,train
122922,2023-02-28,train
122922,2023-03-31,train
122922,2023-04-30,train
122922,2023-05-31,train
122922,2023-06-30,train
122922,2023-07-31,train
122922,2023-08-31,train
122922,2023-09-30,train
122922,2023-10-31,train
122922,2023-11-30,train
122922,2023-12-31,train
122922,2024-01-31,train
122922,2024-02-29,train
122922,2024-03-31,train
122922,2024-04-30,train
122922,2024-05-31,train
122922,2024-06-30,train
122922,2024-07-31,train
122922,2024-08-31,train
122923,2021-07-31,train
122923,2021-08-31,train
122923,2021-09-30,train
122923,2021-10-31,train
122923,2021-11-30,train
122923,2021-12-31,train
122923,2022-01-31,train
122923,2022-02-28,train
122923,2022-03-31,train
122923,2022-04-30,train
122923,2022-05-31,train
122923,2022-06-30,train
122923,2022-07-31,train
122923,2022-08-31,train
122923,2022-09-30,train
122923,2022-10-31,train
122923,2022-11-30,train
122923,2022-12-31,train
122923,2023-01-31,train
122923,2023-02-28,train
122923,2023-03-31,train
122923,2023-04-30,train
122923,2023-05-31,train
122923,2023-06-30,train
122923,2023-07-31,train
122923,2023-08-31,train
122923,2023-09-30,train
122923,2023-10-31,train
122923,2023-11-30,train
122923,2023-12-31,train
122923,2024-01-31,train
122923,2024-02-29,train
122923,2024-03-31,train
122923,2024-04-30,train
122923,2024-05-31,train
122923,2024-06-30,train
122923,2024-07-31,train
122923,2024-08-31,train
122926,2021-07-31,train
122926,2021-08-31,train
122926,2021-09-30,train
122926,2021-10-31,train
122926,2021-11-30,train
122926,2021-12-31,train
122926,2022-01-31,train
122926,2022-02-28,train
122926,2022-03-31,train
122926,2022-04-30,train
122926,2022-05-31,train
122926,2022-06-30,train
122926,2022-07-31,train
122926,2022-08-31,train
122926,2022-09-30,train
122926,2022-10-31,train
122926,2022-11-30,train
122926,2022-12-31,train
122926,2023-01-31,train
122926,2023-02-28,train
122926,2023-03-31,train
122926,2023-04-30,train
122926,2023-05-31,train
122926,2023-06-30,train
122926,2023-07-31,train
122926,2023-08-31,train
122926,2023-09-30,train
122926,2023-10-31,train
122926,2023-11-30,train
122926,2023-12-31,train
122926,2024-01-31,train
122926,2024-02-29,train
122927,2021-07-31,train
122927,2021-08-31,train
122927,2021-09-30,train
122927,2021-10-31,train
122927,2021-11-30,train
122927,2021-12-31,train
122927,2022-01-31,train
122927,2022-02-28,train
122927,2022-03-31,train
122927,2022-04-30,train
122927,2022-05-31,train
122927,2022-06-30,train
122927,2022-07-31,train
122927,2022-08-31,train
122927,2022-09-30,train
122927,2022-10-31,train
122927,2022-11-30,train
122927,2022-12-31,train
122927,2023-01-31,train
122927,2023-02-28,train
122927,2023-03-31,train
122927,2023-04-30,train
122927,2023-05-31,train
122927,2023-06-30,train
122927,2023-07-31,train
122927,2023-08-31,train
122927,2023-09-30,train
122927,2023-10-31,train
122927,2023-11-30,train
122927,2023-12-31,train
122927,2024-01-31,train
122927,2024-02-29,train
122931,2023-09-30,train
122931,2023-10-31,train
122931,2023-11-30,train
122931,2023-12-31,train
122931,2024-01-31,train
122931,2024-02-29,train
122931,2024-03-31,train
122931,2024-04-30,train
122931,2024-05-31,train
122931,2024-06-30,train
122931,2024-07-31,train
122931,2024-08-31,train
122937,2023-03-31,train
122937,2023-04-30,train
122937,2023-05-31,train
122937,2023-06-30,train
122937,2023-07-31,train
122937,2023-08-31,train
122937,2023-09-30,train
122937,2023-10-31,train
122937,2023-11-30,train
122937,2023-12-31,train
122937,2024-01-31,train
122937,2024-02-29,train
122937,2024-03-31,train
122937,2024-04-30,train
122937,2024-05-31,train
122937,2024-06-30,train
122937,2024-07-31,train
122937,2024-08-31,train
122940,2021-07-31,train
122940,2021-08-31,train
122940,2021-09-30,train
122940,2021-10-31,train
122940,2021-11-30,train
122940,2021-12-31,train
122940,2022-01-31,train
122940,2022-02-28,train
122940,2022-03-31,train
122940,2022-04-30,train
122940,2022-05-31,train
122940,2022-06-30,train
122940,2022-07-31,train
122940,2022-08-31,train
122940,2022-09-30,train
122940,2022-10-31,train
122940,2022-11-30,train
122940,2022-12-31,train
122940,2023-01-31,train
122940,2023-02-28,train
122940,2023-03-31,train
122940,2023-04-30,train
122940,2023-05-31,train
122940,2023-06-30,train
122940,2023-07-31,train
122940,2023-08-31,train
122940,2023-09-30,train
122940,2023-10-31,train
122940,2023-11-30,train
122940,2023-12-31,train
122940,2024-01-31,train
122940,2024-02-29,train
122940,2024-03-31,train
122940,2024-04-30,train
122940,2024-05-31,train
122940,2024-06-30,train
122940,2024-07-31,train
122940,2024-08-31,train
122941,2021-07-31,train
122941,2021-08-31,train
122941,2021-09-30,train
122941,2021-10-31,train
122941,2021-11-30,train
122941,2021-12-31,train
122941,2022-01-31,train
122941,2022-02-28,train
122941,2022-03-31,train
122941,2022-04-30,train
122941,2022-05-31,train
122941,2022-06-30,train
122941,2022-07-31,train
122941,2022-08-31,train
122941,2022-09-30,train
122941,2022-10-31,train
122941,2022-11-30,train
122941,2022-12-31,train
122941,2023-01-31,train
122941,2023-02-28,train
122941,2023-03-31,train
122941,2023-04-30,train
122941,2023-05-31,train
122941,2023-06-30,train
122941,2023-07-31,train
122941,2023-08-31,train
122941,2023-09-30,train
122941,2023-10-31,train
122941,2023-11-30,train
122941,2023-12-31,train
122941,2024-01-31,train
122941,2024-02-29,train
122941,2024-03-31,train
122941,2024-04-30,train
122941,2024-05-31,train
122941,2024-06-30,train
122941,2024-07-31,train
122941,2024-08-31,train
122942,2021-07-31,train
122942,2021-08-31,train
122942,2021-09-30,train
122942,2021-10-31,train
122942,2021-11-30,train
122942,2021-12-31,train
122942,2022-01-31,train
122942,2022-02-28,train
122942,2022-03-31,train
122942,2022-04-30,train
122942,2022-05-31,train
122942,2022-06-30,train
122942,2022-07-31,train
122942,2022-08-31,train
122942,2022-09-30,train
122942,2022-10-31,train
122942,2022-11-30,train
122942,2022-12-31,train
122942,2023-01-31,train
122942,2023-02-28,train
122942,2023-03-31,train
122942,2023-04-30,train
122942,2023-05-31,train
122942,2023-06-30,train
122942,2023-07-31,train
122942,2023-08-31,train
122942,2023-09-30,train
122942,2023-10-31,train
122942,2023-11-30,train
122942,2023-12-31,train
122942,2024-01-31,train
122942,2024-02-29,train
122942,2024-03-31,train
122942,2024-04-30,train
122942,2024-05-31,train
122942,2024-06-30,train
122942,2024-07-31,train
122942,2024-08-31,train
122943,2023-05-31,train
122943,2023-06-30,train
122943,2023-07-31,train
122943,2023-08-31,train
122943,2023-09-30,train
122943,2023-10-31,train
122943,2023-11-30,train
122943,2023-12-31,train
122943,2024-01-31,train
122943,2024-02-29,train
122943,2024-03-31,train
122943,2024-04-30,train
122943,2024-05-31,train
122943,2024-06-30,train
122943,2024-07-31,train
122943,2024-08-31,train
122948,2022-12-31,train
122948,2023-01-31,train
122948,2023-02-28,train
122948,2023-03-31,train
122948,2023-04-30,train
122948,2023-05-31,train
122948,2023-06-30,train
122948,2023-07-31,train
122948,2023-08-31,train
122948,2023-09-30,train
122948,2023-10-31,train
122948,2023-11-30,train
122948,2023-12-31,train
122948,2024-01-31,train
122948,2024-02-29,train
122948,2024-03-31,train
122948,2024-04-30,train
122948,2024-05-31,train
122948,2024-06-30,train
122948,2024-07-31,train
122948,2024-08-31,train
122957,2021-12-31,train
122957,2022-01-31,train
122957,2022-02-28,train
122957,2022-03-31,train
122957,2022-04-30,train
122957,2022-05-31,train
122957,2022-06-30,train
122957,2022-07-31,train
122957,2022-08-31,train
122957,2022-09-30,train
122957,2022-10-31,train
122957,2022-11-30,train
122957,2022-12-31,train
122957,2023-01-31,train
122957,2023-02-28,train
122957,2023-03-31,train
122957,2023-04-30,train
122957,2023-05-31,train
122957,2023-06-30,train
122957,2023-07-31,train
122957,2023-08-31,train
122957,2023-09-30,train
122957,2023-10-31,train
122957,2023-11-30,train
122957,2023-12-31,train
122957,2024-01-31,train
122957,2024-02-29,train
122957,2024-03-31,train
122960,2021-07-31,train
122960,2021-08-31,train
122960,2021-09-30,train
122960,2021-10-31,train
122960,2021-11-30,train
122960,2021-12-31,train
122960,2022-01-31,train
122960,2022-02-28,train
122960,2022-03-31,train
122960,2022-04-30,train
122960,2022-05-31,train
122960,2022-06-30,train
122960,2022-07-31,train
122960,2022-08-31,train
122960,2022-09-30,train
122960,2022-10-31,train
122960,2022-11-30,train
122960,2022-12-31,train
122960,2023-01-31,train
122960,2023-02-28,train
122988,2024-01-31,train
122988,2024-02-29,train
122988,2024-03-31,train
122988,2024-04-30,train
122988,2024-05-31,train
122988,2024-06-30,train
122988,2024-07-31,train
122988,2024-08-31,train
122989,2021-07-31,train
122989,2021-08-31,train
122989,2021-09-30,train
122989,2021-10-31,train
122989,2021-11-30,train
122989,2021-12-31,train
122989,2022-01-31,train
122989,2022-02-28,train
122989,2022-03-31,train
122989,2022-04-30,train
122989,2022-05-31,train
122989,2022-06-30,train
122989,2022-07-31,train
122989,2022-08-31,train
122989,2022-09-30,train
122989,2022-10-31,train
122989,2022-11-30,train
122989,2022-12-31,train
122989,2023-01-31,train
122989,2023-02-28,train
122989,2023-03-31,train
122989,2023-04-30,train
122989,2023-05-31,train
122989,2023-06-30,train
122989,2023-07-31,train
122989,2023-08-31,train
122989,2023-09-30,train
122989,2023-10-31,train
122989,2023-11-30,train
122989,2023-12-31,train
122989,2024-01-31,train
122989,2024-02-29,train
122989,2024-03-31,train
122989,2024-04-30,train
122989,2024-05-31,train
122989,2024-06-30,train
122989,2024-07-31,train
122989,2024-08-31,train
122990,2021-07-31,train
122990,2021-08-31,train
122990,2021-09-30,train
122990,2021-10-31,train
122990,2021-11-30,train
122990,2021-12-31,train
122990,2022-01-31,train
122990,2022-02-28,train
122990,2022-03-31,train
122990,2022-04-30,train
122990,2022-05-31,train
122990,2022-06-30,train
122990,2022-07-31,train
122990,2022-08-31,train
122990,2022-09-30,train
122990,2022-10-31,train
122990,2022-11-30,train
122990,2022-12-31,train
122990,2023-01-31,train
122990,2023-02-28,train
122990,2023-03-31,train
122990,2023-04-30,train
122990,2023-05-31,train
122990,2023-06-30,train
122990,2023-07-31,train
122990,2023-08-31,train
122990,2023-09-30,train
122990,2023-10-31,train
122990,2023-11-30,train
122990,2023-12-31,train
122990,2024-01-31,train
122990,2024-02-29,train
122990,2024-03-31,train
122990,2024-04-30,train
122990,2024-05-31,train
122990,2024-06-30,train
122990,2024-07-31,train
122990,2024-08-31,train
123008,2023-07-31,train
123008,2023-08-31,train
123008,2023-09-30,train
123008,2023-10-31,train
123008,2023-11-30,train
123008,2023-12-31,train
123008,2024-01-31,train
123008,2024-02-29,train
123008,2024-03-31,train
123008,2024-04-30,train
123008,2024-05-31,train
123008,2024-06-30,train
123008,2024-07-31,train
123008,2024-08-31,train
123019,2024-03-31,train
123019,2024-04-30,train
123019,2024-05-31,train
123019,2024-06-30,train
123019,2024-07-31,train
123019,2024-08-31,train
123020,2021-12-31,train
123020,2022-01-31,train
123020,2022-02-28,train
123020,2022-03-31,train
123020,2022-04-30,train
123020,2022-05-31,train
123020,2022-06-30,train
123020,2022-07-31,train
123020,2022-08-31,train
123020,2022-09-30,train
123020,2022-10-31,train
123020,2022-11-30,train
123020,2022-12-31,train
123020,2023-01-31,train
123020,2023-02-28,train
123020,2023-03-31,train
123020,2023-04-30,train
123020,2023-05-31,train
123020,2023-06-30,train
123020,2023-07-31,train
123020,2023-08-31,train
123020,2023-09-30,train
123020,2023-10-31,train
123020,2023-11-30,train
123020,2023-12-31,train
123020,2024-01-31,train
123020,2024-02-29,train
123020,2024-03-31,train
123020,2024-04-30,train
123020,2024-05-31,train
123023,2021-07-31,train
123023,2021-08-31,train
123023,2021-09-30,train
123023,2021-10-31,train
123023,2021-11-30,train
123023,2021-12-31,train
123023,2022-01-31,train
123023,2022-02-28,train
123023,2022-03-31,train
123023,2022-04-30,train
123023,2022-05-31,train
123023,2022-06-30,train
123023,2022-07-31,train
123023,2022-08-31,train
123023,2022-09-30,train
123023,2022-10-31,train
123023,2022-11-30,train
123023,2022-12-31,train
123023,2023-01-31,train
123023,2023-02-28,train
123023,2023-03-31,train
123023,2023-04-30,train
123023,2023-05-31,train
123023,2023-06-30,train
123023,2023-07-31,train
123026,2021-07-31,train
123026,2021-08-31,train
123026,2021-09-30,train
123026,2021-10-31,train
123026,2021-11-30,train
123026,2021-12-31,train
123026,2022-01-31,train
123026,2022-02-28,train
123026,2022-03-31,train
123026,2022-04-30,train
123026,2022-05-31,train
123026,2022-06-30,train
123026,2022-07-31,train
123026,2022-08-31,train
123026,2022-09-30,train
123026,2022-10-31,train
123026,2022-11-30,train
123026,2022-12-31,train
123026,2023-01-31,train
123026,2023-02-28,train
123026,2023-03-31,train
123026,2023-04-30,train
123026,2023-05-31,train
123026,2023-06-30,train
123026,2023-07-31,train
123026,2023-08-31,train
123026,2023-09-30,train
123026,2023-10-31,train
123026,2023-11-30,train
123026,2023-12-31,train
123026,2024-01-31,train
123026,2024-02-29,train
123026,2024-03-31,train
123026,2024-04-30,train
123026,2024-05-31,train
123026,2024-06-30,train
123026,2024-07-31,train
123026,2024-08-31,train
123033,2021-07-31,train
123033,2021-08-31,train
123033,2021-09-30,train
123033,2021-10-31,train
123033,2021-11-30,train
123033,2021-12-31,train
123033,2022-01-31,train
123033,2022-02-28,train
123033,2022-03-31,train
123033,2022-04-30,train
123033,2022-05-31,train
123033,2022-06-30,train
123033,2022-07-31,train
123033,2022-08-31,train
123033,2022-09-30,train
123033,2022-10-31,train
123033,2022-11-30,train
123033,2022-12-31,train
123033,2023-01-31,train
123033,2023-02-28,train
123033,2023-03-31,train
123033,2023-04-30,train
123033,2023-05-31,train
123033,2023-06-30,train
123033,2023-07-31,train
123033,2023-08-31,train
123034,2021-07-31,train
123034,2021-08-31,train
123034,2021-09-30,train
123034,2021-10-31,train
123034,2021-11-30,train
123034,2021-12-31,train
123034,2022-01-31,train
123034,2022-02-28,train
123034,2022-03-31,train
123034,2022-04-30,train
123034,2022-05-31,train
123034,2022-06-30,train
123034,2022-07-31,train
123034,2022-08-31,train
123034,2022-09-30,train
123034,2022-10-31,train
123034,2022-11-30,train
123034,2022-12-31,train
123034,2023-01-31,train
123034,2023-02-28,train
123034,2023-03-31,train
123034,2023-04-30,train
123034,2023-05-31,train
123034,2023-06-30,train
123034,2023-07-31,train
123034,2023-08-31,train
123034,2023-09-30,train
123034,2023-10-31,train
123034,2023-11-30,train
123034,2023-12-31,train
123034,2024-01-31,train
123034,2024-02-29,train
123034,2024-03-31,train
123034,2024-04-30,train
123034,2024-05-31,train
123034,2024-06-30,train
123034,2024-07-31,train
123034,2024-08-31,train
123036,2022-05-31,train
123036,2022-06-30,train
123036,2022-07-31,train
123036,2022-08-31,train
123036,2022-09-30,train
123036,2022-10-31,train
123036,2022-11-30,train
123036,2022-12-31,train
123036,2023-01-31,train
123036,2023-02-28,train
123036,2023-03-31,train
123036,2023-04-30,train
123036,2023-05-31,train
123036,2023-06-30,train
123036,2023-07-31,train
123036,2023-08-31,train
123036,2023-09-30,train
123036,2023-10-31,train
123036,2023-11-30,train
123036,2023-12-31,train
123036,2024-01-31,train
123036,2024-02-29,train
123036,2024-03-31,train
123036,2024-04-30,train
123036,2024-05-31,train
123036,2024-06-30,train
123036,2024-07-31,train
123036,2024-08-31,train
123044,2021-07-31,train
123044,2021-08-31,train
123044,2021-09-30,train
123044,2021-10-31,train
123044,2021-11-30,train
123044,2021-12-31,train
123044,2022-01-31,train
123044,2022-02-28,train
123044,2022-03-31,train
123044,2022-04-30,train
123044,2022-05-31,train
123044,2022-06-30,train
123044,2022-07-31,train
123044,2022-08-31,train
123044,2022-09-30,train
123044,2022-10-31,train
123044,2022-11-30,train
123044,2022-12-31,train
123044,2023-01-31,train
123044,2023-02-28,train
123044,2023-03-31,train
123044,2023-04-30,train
123044,2023-05-31,train
123044,2023-06-30,train
123044,2023-07-31,train
123044,2023-08-31,train
123044,2023-09-30,train
123044,2023-10-31,train
123044,2023-11-30,train
123044,2023-12-31,train
123044,2024-01-31,train
123044,2024-02-29,train
123044,2024-03-31,train
123044,2024-04-30,train
123044,2024-05-31,train
123044,2024-06-30,train
123044,2024-07-31,train
123044,2024-08-31,train
123045,2022-07-31,train
123045,2022-08-31,train
123045,2022-09-30,train
123045,2022-10-31,train
123045,2022-11-30,train
123045,2022-12-31,train
123045,2023-01-31,train
123045,2023-02-28,train
123045,2023-03-31,train
123045,2023-04-30,train
123045,2023-05-31,train
123045,2023-06-30,train
123045,2023-07-31,train
123045,2023-08-31,train
123045,2023-09-30,train
123045,2023-10-31,train
123045,2023-11-30,train
123045,2023-12-31,train
123045,2024-01-31,train
123045,2024-02-29,train
123045,2024-03-31,train
123045,2024-04-30,train
123045,2024-05-31,train
123056,2022-02-28,train
123056,2022-03-31,train
123056,2022-04-30,train
123056,2022-05-31,train
123056,2022-06-30,train
123056,2022-07-31,train
123056,2022-08-31,train
123056,2022-09-30,train
123056,2022-10-31,train
123056,2022-11-30,train
123056,2022-12-31,train
123056,2023-01-31,train
123056,2023-02-28,train
123056,2023-03-31,train
123056,2023-04-30,train
123056,2023-05-31,train
123056,2023-06-30,train
123056,2023-07-31,train
123056,2023-08-31,train
123056,2023-09-30,train
123056,2023-10-31,train
123056,2023-11-30,train
123056,2023-12-31,train
123056,2024-01-31,train
123056,2024-02-29,train
123056,2024-03-31,train
123056,2024-04-30,train
123056,2024-05-31,train
123056,2024-06-30,train
123056,2024-07-31,train
123056,2024-08-31,train
123057,2021-12-31,train
123057,2022-01-31,train
123057,2022-02-28,train
123057,2022-03-31,train
123057,2022-04-30,train
123057,2022-05-31,train
123057,2022-06-30,train
123057,2022-07-31,train
123057,2022-08-31,train
123057,2022-09-30,train
123057,2022-10-31,train
123057,2022-11-30,train
123057,2022-12-31,train
123057,2023-01-31,train
123057,2023-02-28,train
123057,2023-03-31,train
123057,2023-04-30,train
123057,2023-05-31,train
123057,2023-06-30,train
123057,2023-07-31,train
123057,2023-08-31,train
123057,2023-09-30,train
123057,2023-10-31,train
123057,2023-11-30,train
123057,2023-12-31,train
123057,2024-01-31,train
123057,2024-02-29,train
123057,2024-03-31,train
123057,2024-04-30,train
123057,2024-05-31,train
123057,2024-06-30,train
123057,2024-07-31,train
123057,2024-08-31,train
123060,2021-07-31,train
123060,2021-08-31,train
123060,2021-09-30,train
123060,2021-10-31,train
123060,2021-11-30,train
123060,2021-12-31,train
123060,2022-01-31,train
123060,2022-02-28,train
123060,2022-03-31,train
123060,2022-04-30,train
123060,2022-05-31,train
123060,2022-06-30,train
123060,2022-07-31,train
123060,2022-08-31,train
123060,2022-09-30,train
123060,2022-10-31,train
123060,2022-11-30,train
123060,2022-12-31,train
123060,2023-01-31,train
123060,2023-02-28,train
123060,2023-03-31,train
123060,2023-04-30,train
123060,2023-05-31,train
123060,2023-06-30,train
123060,2023-07-31,train
123060,2023-08-31,train
123060,2023-09-30,train
123060,2023-10-31,train
123060,2023-11-30,train
123060,2023-12-31,train
123060,2024-01-31,train
123060,2024-02-29,train
123060,2024-03-31,train
123060,2024-04-30,train
123060,2024-05-31,train
123060,2024-06-30,train
123060,2024-07-31,train
123060,2024-08-31,train
123061,2021-07-31,train
123061,2021-08-31,train
123061,2021-09-30,train
123061,2021-10-31,train
123061,2021-11-30,train
123061,2021-12-31,train
123061,2022-01-31,train
123061,2022-02-28,train
123061,2022-03-31,train
123061,2022-04-30,train
123061,2022-05-31,train
123061,2022-06-30,train
123061,2022-07-31,train
123061,2022-08-31,train
123061,2022-09-30,train
123061,2022-10-31,train
123061,2022-11-30,train
123061,2022-12-31,train
123061,2023-01-31,train
123061,2023-02-28,train
123061,2023-03-31,train
123061,2023-04-30,train
123061,2023-05-31,train
123061,2023-06-30,train
123061,2023-07-31,train
123061,2023-08-31,train
123061,2023-09-30,train
123061,2023-10-31,train
123061,2023-11-30,train
123061,2023-12-31,train
123061,2024-01-31,train
123061,2024-02-29,train
123061,2024-03-31,train
123061,2024-04-30,train
123061,2024-05-31,train
123061,2024-06-30,train
123061,2024-07-31,train
123061,2024-08-31,train
123063,2023-05-31,train
123063,2023-06-30,train
123063,2023-07-31,train
123063,2023-08-31,train
123063,2023-09-30,train
123063,2023-10-31,train
123063,2023-11-30,train
123063,2023-12-31,train
123063,2024-01-31,train
123063,2024-02-29,train
123063,2024-03-31,train
123063,2024-04-30,train
123063,2024-05-31,train
123063,2024-06-30,train
123063,2024-07-31,train
123063,2024-08-31,train
123080,2021-07-31,train
123080,2021-08-31,train
123080,2021-09-30,train
123080,2021-10-31,train
123080,2021-11-30,train
123080,2021-12-31,train
123080,2022-01-31,train
123080,2022-02-28,train
123080,2022-03-31,train
123080,2022-04-30,train
123080,2022-05-31,train
123080,2022-06-30,train
123080,2022-07-31,train
123080,2022-08-31,train
123080,2022-09-30,train
123080,2022-10-31,train
123080,2022-11-30,train
123080,2022-12-31,train
123080,2023-01-31,train
123080,2023-02-28,train
123080,2023-03-31,train
123080,2023-04-30,train
123080,2023-05-31,train
123080,2023-06-30,train
123080,2023-07-31,train
123080,2023-08-31,train
123080,2023-09-30,train
123080,2023-10-31,train
123080,2023-11-30,train
123080,2023-12-31,train
123080,2024-01-31,train
123080,2024-02-29,train
123080,2024-03-31,train
123080,2024-04-30,train
123080,2024-05-31,train
123080,2024-06-30,train
123080,2024-07-31,train
123080,2024-08-31,train
123100,2021-07-31,train
123100,2021-08-31,train
123100,2021-09-30,train
123100,2021-10-31,train
123100,2021-11-30,train
123100,2021-12-31,train
123100,2022-01-31,train
123100,2022-02-28,train
123100,2022-03-31,train
123100,2022-04-30,train
123100,2022-05-31,train
123100,2022-06-30,train
123100,2022-07-31,train
123100,2022-08-31,train
123100,2022-09-30,train
123100,2022-10-31,train
123100,2022-11-30,train
123100,2022-12-31,train
123100,2023-01-31,train
123100,2023-02-28,train
123100,2023-03-31,train
123100,2023-04-30,train
123100,2023-05-31,train
123100,2023-06-30,train
123100,2023-07-31,train
123100,2023-08-31,train
123100,2023-09-30,train
123100,2023-10-31,train
123100,2023-11-30,train
123100,2023-12-31,train
123100,2024-01-31,train
123100,2024-02-29,train
123100,2024-03-31,train
123100,2024-04-30,train
123100,2024-05-31,train
123100,2024-06-30,train
123100,2024-07-31,train
123100,2024-08-31,train
123101,2021-07-31,train
123101,2021-08-31,train
123101,2021-09-30,train
123101,2021-10-31,train
123101,2021-11-30,train
123101,2021-12-31,train
123101,2022-01-31,train
123101,2022-02-28,train
123101,2022-03-31,train
123101,2022-04-30,train
123101,2022-05-31,train
123101,2022-06-30,train
123101,2022-07-31,train
123101,2022-08-31,train
123101,2022-09-30,train
123101,2022-10-31,train
123101,2022-11-30,train
123101,2022-12-31,train
123101,2023-01-31,train
123101,2023-02-28,train
123101,2023-03-31,train
123101,2023-04-30,train
123101,2023-05-31,train
123101,2023-06-30,train
123101,2023-07-31,train
123101,2023-08-31,train
123101,2023-09-30,train
123101,2023-10-31,train
123101,2023-11-30,train
123101,2023-12-31,train
123101,2024-01-31,train
123101,2024-02-29,train
123101,2024-03-31,train
123101,2024-04-30,train
123101,2024-05-31,train
123101,2024-06-30,train
123101,2024-07-31,train
123101,2024-08-31,train
123104,2021-07-31,train
123104,2021-08-31,train
123104,2021-09-30,train
123104,2021-10-31,train
123104,2021-11-30,train
123104,2021-12-31,train
123104,2022-01-31,train
123104,2022-02-28,train
123104,2022-03-31,train
123104,2022-04-30,train
123104,2022-05-31,train
123104,2022-06-30,train
123104,2022-07-31,train
123104,2022-08-31,train
123104,2022-09-30,train
123104,2022-10-31,train
123104,2022-11-30,train
123104,2022-12-31,train
123104,2023-01-31,train
123104,2023-02-28,train
123104,2023-03-31,train
123104,2023-04-30,train
123104,2023-05-31,train
123104,2023-06-30,train
123104,2023-07-31,train
123104,2023-08-31,train
123104,2023-09-30,train
123104,2023-10-31,train
123104,2023-11-30,train
123104,2023-12-31,train
123104,2024-01-31,train
123104,2024-02-29,train
123104,2024-03-31,train
123104,2024-04-30,train
123104,2024-05-31,train
123104,2024-06-30,train
123104,2024-07-31,train
123104,2024-08-31,train
123105,2021-07-31,train
123105,2021-08-31,train
123105,2021-09-30,train
123105,2021-10-31,train
123105,2021-11-30,train
123105,2021-12-31,train
123105,2022-01-31,train
123105,2022-02-28,train
123105,2022-03-31,train
123105,2022-04-30,train
123105,2022-05-31,train
123105,2022-06-30,train
123105,2022-07-31,train
123105,2022-08-31,train
123105,2022-09-30,train
123105,2022-10-31,train
123105,2022-11-30,train
123105,2022-12-31,train
123105,2023-01-31,train
123105,2023-02-28,train
123105,2023-03-31,train
123105,2023-04-30,train
123105,2023-05-31,train
123105,2023-06-30,train
123105,2023-07-31,train
123105,2023-08-31,train
123105,2023-09-30,train
123105,2023-10-31,train
123105,2023-11-30,train
123105,2023-12-31,train
123105,2024-01-31,train
123105,2024-02-29,train
123105,2024-03-31,train
123105,2024-04-30,train
123105,2024-05-31,train
123105,2024-06-30,train
123105,2024-07-31,train
123105,2024-08-31,train
123106,2024-07-31,train
123106,2024-08-31,train
123107,2021-07-31,train
123107,2021-08-31,train
123107,2021-09-30,train
123107,2021-10-31,train
123107,2021-11-30,train
123107,2021-12-31,train
123107,2022-01-31,train
123107,2022-02-28,train
123107,2022-03-31,train
123107,2022-04-30,train
123107,2022-05-31,train
123107,2022-06-30,train
123107,2022-07-31,train
123107,2022-08-31,train
123107,2022-09-30,train
123107,2022-10-31,train
123107,2022-11-30,train
123107,2022-12-31,train
123107,2023-01-31,train
123107,2023-02-28,train
123107,2023-03-31,train
123107,2023-04-30,train
123107,2023-05-31,train
123107,2023-06-30,train
123107,2023-07-31,train
123107,2023-08-31,train
123107,2023-09-30,train
123107,2023-10-31,train
123107,2023-11-30,train
123107,2023-12-31,train
123107,2024-01-31,train
123107,2024-02-29,train
123107,2024-03-31,train
123107,2024-04-30,train
123107,2024-05-31,train
123107,2024-06-30,train
123107,2024-07-31,train
123107,2024-08-31,train
123111,2021-07-31,train
123111,2021-08-31,train
123111,2021-09-30,train
123111,2021-10-31,train
123111,2021-11-30,train
123111,2021-12-31,train
123111,2022-01-31,train
123111,2022-02-28,train
123111,2022-03-31,train
123111,2022-04-30,train
123111,2022-05-31,train
123111,2022-06-30,train
123111,2022-07-31,train
123111,2022-08-31,train
123111,2022-09-30,train
123111,2022-10-31,train
123111,2022-11-30,train
123111,2022-12-31,train
123111,2023-01-31,train
123111,2023-02-28,train
123111,2023-03-31,train
123111,2023-04-30,train
123111,2023-05-31,train
123111,2023-06-30,train
123111,2023-07-31,train
123111,2023-08-31,train
123111,2023-09-30,train
123111,2023-10-31,train
123111,2023-11-30,train
123111,2023-12-31,train
123111,2024-01-31,train
123111,2024-02-29,train
123111,2024-03-31,train
123111,2024-04-30,train
123111,2024-05-31,train
123111,2024-06-30,train
123111,2024-07-31,train
123111,2024-08-31,train
123112,2021-07-31,train
123112,2021-08-31,train
123112,2021-09-30,train
123112,2021-10-31,train
123112,2021-11-30,train
123112,2021-12-31,train
123112,2022-01-31,train
123112,2022-02-28,train
123112,2022-03-31,train
123112,2022-04-30,train
123112,2022-05-31,train
123112,2022-06-30,train
123112,2022-07-31,train
123112,2022-08-31,train
123112,2022-09-30,train
123112,2022-10-31,train
123112,2022-11-30,train
123112,2022-12-31,train
123112,2023-01-31,train
123112,2023-02-28,train
123112,2023-03-31,train
123112,2023-04-30,train
123112,2023-05-31,train
123112,2023-06-30,train
123112,2023-07-31,train
123112,2023-08-31,train
123112,2023-09-30,train
123112,2023-10-31,train
123112,2023-11-30,train
123112,2023-12-31,train
123112,2024-01-31,train
123112,2024-02-29,train
123112,2024-03-31,train
123112,2024-04-30,train
123112,2024-05-31,train
123112,2024-06-30,train
123112,2024-07-31,train
123112,2024-08-31,train
123113,2021-07-31,train
123113,2021-08-31,train
123113,2021-09-30,train
123113,2021-10-31,train
123113,2021-11-30,train
123113,2021-12-31,train
123113,2022-01-31,train
123113,2022-02-28,train
123113,2022-03-31,train
123113,2022-04-30,train
123113,2022-05-31,train
123113,2022-06-30,train
123113,2022-07-31,train
123113,2022-08-31,train
123113,2022-09-30,train
123113,2022-10-31,train
123113,2022-11-30,train
123113,2022-12-31,train
123113,2023-01-31,train
123113,2023-02-28,train
123113,2023-03-31,train
123113,2023-04-30,train
123113,2023-05-31,train
123113,2023-06-30,train
123113,2023-07-31,train
123113,2023-08-31,train
123113,2023-09-30,train
123113,2023-10-31,train
123113,2023-11-30,train
123113,2023-12-31,train
123113,2024-01-31,train
123113,2024-02-29,train
123113,2024-03-31,train
123113,2024-04-30,train
123113,2024-05-31,train
123113,2024-06-30,train
123113,2024-07-31,train
123113,2024-08-31,train
123114,2023-03-31,train
123114,2023-04-30,train
123114,2023-05-31,train
123114,2023-06-30,train
123114,2023-07-31,train
123114,2023-08-31,train
123114,2023-09-30,train
123114,2023-10-31,train
123114,2023-11-30,train
123114,2023-12-31,train
123114,2024-01-31,train
123114,2024-02-29,train
123114,2024-03-31,train
123114,2024-04-30,train
123114,2024-05-31,train
123114,2024-06-30,train
123114,2024-07-31,train
123114,2024-08-31,train
123115,2023-01-31,train
123115,2023-02-28,train
123115,2023-03-31,train
123115,2023-04-30,train
123115,2023-05-31,train
123115,2023-06-30,train
123115,2023-07-31,train
123115,2023-08-31,train
123115,2023-09-30,train
123115,2023-10-31,train
123115,2023-11-30,train
123115,2023-12-31,train
123115,2024-01-31,train
123115,2024-02-29,train
123115,2024-03-31,train
123115,2024-04-30,train
123115,2024-05-31,train
123115,2024-06-30,train
123115,2024-07-31,train
123115,2024-08-31,train
123116,2022-06-30,train
123116,2022-07-31,train
123116,2022-08-31,train
123116,2022-09-30,train
123116,2022-10-31,train
123116,2022-11-30,train
123116,2022-12-31,train
123116,2023-01-31,train
123116,2023-02-28,train
123116,2023-03-31,train
123116,2023-04-30,train
123116,2023-05-31,train
123116,2023-06-30,train
123116,2023-07-31,train
123116,2023-08-31,train
123116,2023-09-30,train
123116,2023-10-31,train
123116,2023-11-30,train
123116,2023-12-31,train
123116,2024-01-31,train
123116,2024-02-29,train
123116,2024-03-31,train
123116,2024-04-30,train
123116,2024-05-31,train
123116,2024-06-30,train
123116,2024-07-31,train
123116,2024-08-31,train
123117,2021-07-31,train
123117,2021-08-31,train
123117,2021-09-30,train
123117,2021-10-31,train
123117,2021-11-30,train
123117,2021-12-31,train
123117,2022-01-31,train
123117,2022-02-28,train
123117,2022-03-31,train
123117,2022-04-30,train
123117,2022-05-31,train
123117,2022-06-30,train
123117,2022-07-31,train
123117,2022-08-31,train
123117,2022-09-30,train
123117,2022-10-31,train
123117,2022-11-30,train
123117,2022-12-31,train
123117,2023-01-31,train
123117,2023-02-28,train
123117,2023-03-31,train
123117,2023-04-30,train
123117,2023-05-31,train
123117,2023-06-30,train
123117,2023-07-31,train
123117,2023-08-31,train
123117,2023-09-30,train
123117,2023-10-31,train
123117,2023-11-30,train
123117,2023-12-31,train
123117,2024-01-31,train
123117,2024-02-29,train
123117,2024-03-31,train
123117,2024-04-30,train
123117,2024-05-31,train
123117,2024-06-30,train
123117,2024-07-31,train
123117,2024-08-31,train
123122,2023-08-31,train
123122,2023-09-30,train
123122,2023-10-31,train
123122,2023-11-30,train
123122,2023-12-31,train
123122,2024-01-31,train
123122,2024-02-29,train
123122,2024-03-31,train
123122,2024-04-30,train
123122,2024-05-31,train
123122,2024-06-30,train
123122,2024-07-31,train
123122,2024-08-31,train
123131,2021-07-31,train
123131,2021-08-31,train
123131,2021-09-30,train
123131,2021-10-31,train
123131,2021-11-30,train
123131,2021-12-31,train
123131,2022-01-31,train
123131,2022-02-28,train
123131,2022-03-31,train
123131,2022-04-30,train
123131,2022-05-31,train
123131,2022-06-30,train
123131,2022-07-31,train
123131,2022-08-31,train
123131,2022-09-30,train
123131,2022-10-31,train
123131,2022-11-30,train
123131,2022-12-31,train
123131,2023-01-31,train
123131,2023-02-28,train
123131,2023-03-31,train
123131,2023-04-30,train
123131,2023-05-31,train
123131,2023-06-30,train
123131,2023-07-31,train
123131,2023-08-31,train
123131,2023-09-30,train
123131,2023-10-31,train
123131,2023-11-30,train
123131,2023-12-31,train
123131,2024-01-31,train
123131,2024-02-29,train
123131,2024-03-31,train
123131,2024-04-30,train
123131,2024-05-31,train
123131,2024-06-30,train
123131,2024-07-31,train
123131,2024-08-31,train
123132,2021-07-31,train
123132,2021-08-31,train
123132,2021-09-30,train
123132,2021-10-31,train
123132,2021-11-30,train
123132,2021-12-31,train
123132,2022-01-31,train
123132,2022-02-28,train
123132,2022-03-31,train
123132,2022-04-30,train
123132,2022-05-31,train
123132,2022-06-30,train
123132,2022-07-31,train
123132,2022-08-31,train
123132,2022-09-30,train
123132,2022-10-31,train
123132,2022-11-30,train
123132,2022-12-31,train
123132,2023-01-31,train
123132,2023-02-28,train
123132,2023-03-31,train
123132,2023-04-30,train
123132,2023-05-31,train
123132,2023-06-30,train
123132,2023-07-31,train
123132,2023-08-31,train
123132,2023-09-30,train
123132,2023-10-31,train
123132,2023-11-30,train
123132,2023-12-31,train
123132,2024-01-31,train
123132,2024-02-29,train
123132,2024-03-31,train
123132,2024-04-30,train
123132,2024-05-31,train
123132,2024-06-30,train
123132,2024-07-31,train
123132,2024-08-31,train
123185,2022-11-30,train
123185,2022-12-31,train
123185,2023-01-31,train
123185,2023-02-28,train
123185,2023-03-31,train
123185,2023-04-30,train
123185,2023-05-31,train
123185,2023-06-30,train
123185,2023-07-31,train
123185,2023-08-31,train
123185,2023-09-30,train
123185,2023-10-31,train
123185,2023-11-30,train
123185,2023-12-31,train
123185,2024-01-31,train
123185,2024-02-29,train
123185,2024-03-31,train
123185,2024-04-30,train
123185,2024-05-31,train
123185,2024-06-30,train
123185,2024-07-31,train
123185,2024-08-31,train
123196,2021-07-31,train
123196,2021-08-31,train
123196,2021-09-30,train
123196,2021-10-31,train
123196,2021-11-30,train
123196,2021-12-31,train
123196,2022-01-31,train
123196,2022-02-28,train
123196,2022-03-31,train
123196,2022-04-30,train
123196,2022-05-31,train
123196,2022-06-30,train
123196,2022-07-31,train
123196,2022-08-31,train
123196,2022-09-30,train
123196,2022-10-31,train
123196,2022-11-30,train
123196,2022-12-31,train
123196,2023-01-31,train
123196,2023-02-28,train
123196,2023-03-31,train
123196,2023-04-30,train
123196,2023-05-31,train
123196,2023-06-30,train
123196,2023-07-31,train
123196,2023-08-31,train
123196,2023-09-30,train
123196,2023-10-31,train
123196,2023-11-30,train
123196,2023-12-31,train
123196,2024-01-31,train
123196,2024-02-29,train
123196,2024-03-31,train
123196,2024-04-30,train
123196,2024-05-31,train
123196,2024-06-30,train
123196,2024-07-31,train
123196,2024-08-31,train
123201,2022-12-31,train
123201,2023-01-31,train
123201,2023-02-28,train
123201,2023-03-31,train
123201,2023-04-30,train
123201,2023-05-31,train
123201,2023-06-30,train
123201,2023-07-31,train
123201,2023-08-31,train
123201,2023-09-30,train
123201,2023-10-31,train
123201,2023-11-30,train
123201,2023-12-31,train
123201,2024-01-31,train
123201,2024-02-29,train
123201,2024-03-31,train
123207,2021-07-31,train
123207,2021-08-31,train
123207,2021-09-30,train
123207,2021-10-31,train
123207,2021-11-30,train
123207,2021-12-31,train
123207,2022-01-31,train
123207,2022-02-28,train
123207,2022-03-31,train
123207,2022-04-30,train
123207,2022-05-31,train
123207,2022-06-30,train
123207,2022-07-31,train
123207,2022-08-31,train
123207,2022-09-30,train
123207,2022-10-31,train
123207,2022-11-30,train
123207,2022-12-31,train
123207,2023-01-31,train
123207,2023-02-28,train
123207,2023-03-31,train
123207,2023-04-30,train
123207,2023-05-31,train
123207,2023-06-30,train
123207,2023-07-31,train
123207,2023-08-31,train
123207,2023-09-30,train
123207,2023-10-31,train
123207,2023-11-30,train
123207,2023-12-31,train
123213,2024-07-31,train
123213,2024-08-31,train
123216,2021-07-31,train
123216,2021-08-31,train
123216,2021-09-30,train
123216,2021-10-31,train
123216,2021-11-30,train
123216,2021-12-31,train
123216,2022-01-31,train
123216,2022-02-28,train
123216,2022-03-31,train
123216,2022-04-30,train
123216,2022-05-31,train
123216,2022-06-30,train
123216,2022-07-31,train
123216,2022-08-31,train
123216,2022-09-30,train
123216,2022-10-31,train
123216,2022-11-30,train
123216,2022-12-31,train
123218,2021-07-31,train
123218,2021-08-31,train
123218,2021-09-30,train
123218,2021-10-31,train
123218,2021-11-30,train
123218,2021-12-31,train
123218,2022-01-31,train
123218,2022-02-28,train
123218,2022-03-31,train
123218,2022-04-30,train
123218,2022-05-31,train
123218,2022-06-30,train
123218,2022-07-31,train
123218,2022-08-31,train
123218,2022-09-30,train
123218,2022-10-31,train
123218,2022-11-30,train
123218,2022-12-31,train
123218,2023-01-31,train
123218,2023-02-28,train
123218,2023-03-31,train
123218,2023-04-30,train
123218,2023-05-31,train
123218,2023-06-30,train
123218,2023-07-31,train
123218,2023-08-31,train
123218,2023-09-30,train
123218,2023-10-31,train
123218,2023-11-30,train
123218,2023-12-31,train
123218,2024-01-31,train
123218,2024-02-29,train
123218,2024-03-31,train
123218,2024-04-30,train
123218,2024-05-31,train
123218,2024-06-30,train
123218,2024-07-31,train
123218,2024-08-31,train
123220,2021-07-31,train
123220,2021-08-31,train
123220,2021-09-30,train
123220,2021-10-31,train
123220,2021-11-30,train
123220,2021-12-31,train
123220,2022-01-31,train
123220,2022-02-28,train
123220,2022-03-31,train
123220,2022-04-30,train
123220,2022-05-31,train
123220,2022-06-30,train
123220,2022-07-31,train
123220,2022-08-31,train
123220,2022-09-30,train
123220,2022-10-31,train
123220,2022-11-30,train
123220,2022-12-31,train
123220,2023-01-31,train
123220,2023-02-28,train
123220,2023-03-31,train
123220,2023-04-30,train
123220,2023-05-31,train
123220,2023-06-30,train
123220,2023-07-31,train
123220,2023-08-31,train
123220,2023-09-30,train
123220,2023-10-31,train
123220,2023-11-30,train
123220,2023-12-31,train
123220,2024-01-31,train
123220,2024-02-29,train
123220,2024-03-31,train
123220,2024-04-30,train
123220,2024-05-31,train
123220,2024-06-30,train
123220,2024-07-31,train
123220,2024-08-31,train
123225,2021-07-31,train
123225,2021-08-31,train
123225,2021-09-30,train
123225,2021-10-31,train
123225,2021-11-30,train
123225,2021-12-31,train
123225,2022-01-31,train
123225,2022-02-28,train
123225,2022-03-31,train
123225,2022-04-30,train
123225,2022-05-31,train
123225,2022-06-30,train
123225,2022-07-31,train
123225,2022-08-31,train
123225,2022-09-30,train
123225,2022-10-31,train
123225,2022-11-30,train
123225,2022-12-31,train
123225,2023-01-31,train
123225,2023-02-28,train
123225,2023-03-31,train
123225,2023-04-30,train
123225,2023-05-31,train
123225,2023-06-30,train
123225,2023-07-31,train
123225,2023-08-31,train
123225,2023-09-30,train
123225,2023-10-31,train
123225,2023-11-30,train
123225,2023-12-31,train
123225,2024-01-31,train
123225,2024-02-29,train
123225,2024-03-31,train
123225,2024-04-30,train
123225,2024-05-31,train
123225,2024-06-30,train
123225,2024-07-31,train
123225,2024-08-31,train
123226,2024-05-31,train
123226,2024-06-30,train
123226,2024-07-31,train
123226,2024-08-31,train
123231,2021-07-31,train
123231,2021-08-31,train
123231,2021-09-30,train
123231,2021-10-31,train
123231,2021-11-30,train
123231,2021-12-31,train
123231,2022-01-31,train
123231,2022-02-28,train
123231,2022-03-31,train
123231,2022-04-30,train
123231,2022-05-31,train
123231,2022-06-30,train
123231,2022-07-31,train
123231,2022-08-31,train
123231,2022-09-30,train
123231,2022-10-31,train
123231,2022-11-30,train
123231,2022-12-31,train
123231,2023-01-31,train
123231,2023-02-28,train
123231,2023-03-31,train
123231,2023-04-30,train
123231,2023-05-31,train
123231,2023-06-30,train
123231,2023-07-31,train
123231,2023-08-31,train
123231,2023-09-30,train
123231,2023-10-31,train
123231,2023-11-30,train
123231,2023-12-31,train
123231,2024-01-31,train
123231,2024-02-29,train
123231,2024-03-31,train
123231,2024-04-30,train
123231,2024-05-31,train
123231,2024-06-30,train
123231,2024-07-31,train
123231,2024-08-31,train
123240,2022-12-31,train
123240,2023-01-31,train
123240,2023-02-28,train
123240,2023-03-31,train
123240,2023-04-30,train
123240,2023-05-31,train
123240,2023-06-30,train
123240,2023-07-31,train
123240,2023-08-31,train
123240,2023-09-30,train
123240,2023-10-31,train
123240,2023-11-30,train
123240,2023-12-31,train
123240,2024-01-31,train
123240,2024-02-29,train
123240,2024-03-31,train
123240,2024-04-30,train
123240,2024-05-31,train
123241,2021-07-31,train
123241,2021-08-31,train
123241,2021-09-30,train
123241,2021-10-31,train
123241,2021-11-30,train
123241,2021-12-31,train
123241,2022-01-31,train
123241,2022-02-28,train
123241,2022-03-31,train
123241,2022-04-30,train
123241,2022-05-31,train
123241,2022-06-30,train
123241,2022-07-31,train
123241,2022-08-31,train
123241,2022-09-30,train
123241,2022-10-31,train
123241,2022-11-30,train
123241,2022-12-31,train
123241,2023-01-31,train
123241,2023-02-28,train
123241,2023-03-31,train
123279,2022-08-31,train
123279,2022-09-30,train
123279,2022-10-31,train
123279,2022-11-30,train
123279,2022-12-31,train
123279,2023-01-31,train
123279,2023-02-28,train
123279,2023-03-31,train
123279,2023-04-30,train
123279,2023-05-31,train
123279,2023-06-30,train
123279,2023-07-31,train
123279,2023-08-31,train
123279,2023-09-30,train
123279,2023-10-31,train
123279,2023-11-30,train
123279,2023-12-31,train
123279,2024-01-31,train
123279,2024-02-29,train
123279,2024-03-31,train
123279,2024-04-30,train
123279,2024-05-31,train
123279,2024-06-30,train
123279,2024-07-31,train
123279,2024-08-31,train
123285,2021-12-31,train
123285,2022-01-31,train
123285,2022-02-28,train
123285,2022-03-31,train
123285,2022-04-30,train
123285,2022-05-31,train
123285,2022-06-30,train
123285,2022-07-31,train
123285,2022-08-31,train
123285,2022-09-30,train
123285,2022-10-31,train
123285,2022-11-30,train
123285,2022-12-31,train
123285,2023-01-31,train
123285,2023-02-28,train
123285,2023-03-31,train
123285,2023-04-30,train
123285,2023-05-31,train
123285,2023-06-30,train
123285,2023-07-31,train
123285,2023-08-31,train
123285,2023-09-30,train
123285,2023-10-31,train
123285,2023-11-30,train
123285,2023-12-31,train
123285,2024-01-31,train
123285,2024-02-29,train
123285,2024-03-31,train
123285,2024-04-30,train
123285,2024-05-31,train
123285,2024-06-30,train
123285,2024-07-31,train
123285,2024-08-31,train
123293,2021-07-31,train
123293,2021-08-31,train
123293,2021-09-30,train
123293,2021-10-31,train
123293,2021-11-30,train
123293,2021-12-31,train
123293,2022-01-31,train
123293,2022-02-28,train
123293,2022-03-31,train
123293,2022-04-30,train
123293,2022-05-31,train
123293,2022-06-30,train
123293,2022-07-31,train
123293,2022-08-31,train
123293,2022-09-30,train
123293,2022-10-31,train
123293,2022-11-30,train
123293,2022-12-31,train
123293,2023-01-31,train
123293,2023-02-28,train
123293,2023-03-31,train
123293,2023-04-30,train
123293,2023-05-31,train
123293,2023-06-30,train
123293,2023-07-31,train
123293,2023-08-31,train
123293,2023-09-30,train
123293,2023-10-31,train
123293,2023-11-30,train
123293,2023-12-31,train
123293,2024-01-31,train
123293,2024-02-29,train
123293,2024-03-31,train
123293,2024-04-30,train
123293,2024-05-31,train
123293,2024-06-30,train
123293,2024-07-31,train
123293,2024-08-31,train
123295,2021-07-31,train
123295,2021-08-31,train
123295,2021-09-30,train
123295,2021-10-31,train
123295,2021-11-30,train
123295,2021-12-31,train
123295,2022-01-31,train
123295,2022-02-28,train
123295,2022-03-31,train
123295,2022-04-30,train
123295,2022-05-31,train
123295,2022-06-30,train
123295,2022-07-31,train
123295,2022-08-31,train
123295,2022-09-30,train
123295,2022-10-31,train
123295,2022-11-30,train
123295,2022-12-31,train
123295,2023-01-31,train
123295,2023-02-28,train
123295,2023-03-31,train
123295,2023-04-30,train
123295,2023-05-31,train
123295,2023-06-30,train
123295,2023-07-31,train
123295,2023-08-31,train
123295,2023-09-30,train
123295,2023-10-31,train
123295,2023-11-30,train
123295,2023-12-31,train
123295,2024-01-31,train
123295,2024-02-29,train
123295,2024-03-31,train
123295,2024-04-30,train
123295,2024-05-31,train
123295,2024-06-30,train
123295,2024-07-31,train
123295,2024-08-31,train
123301,2021-07-31,train
123301,2021-08-31,train
123301,2021-09-30,train
123301,2021-10-31,train
123301,2021-11-30,train
123301,2021-12-31,train
123301,2022-01-31,train
123301,2022-02-28,train
123301,2022-03-31,train
123301,2022-04-30,train
123301,2022-05-31,train
123301,2022-06-30,train
123301,2022-07-31,train
123301,2022-08-31,train
123301,2022-09-30,train
123302,2023-11-30,train
123302,2023-12-31,train
123302,2024-01-31,train
123302,2024-02-29,train
123302,2024-03-31,train
123302,2024-04-30,train
123302,2024-05-31,train
123302,2024-06-30,train
123302,2024-07-31,train
123302,2024-08-31,train
123304,2021-07-31,train
123304,2021-08-31,train
123304,2021-09-30,train
123304,2021-10-31,train
123304,2021-11-30,train
123304,2021-12-31,train
123304,2022-01-31,train
123304,2022-02-28,train
123304,2022-03-31,train
123304,2022-04-30,train
123304,2022-05-31,train
123304,2022-06-30,train
123304,2022-07-31,train
123304,2022-08-31,train
123304,2022-09-30,train
123304,2022-10-31,train
123304,2022-11-30,train
123304,2022-12-31,train
123304,2023-01-31,train
123304,2023-02-28,train
123304,2023-03-31,train
123304,2023-04-30,train
123304,2023-05-31,train
123304,2023-06-30,train
123304,2023-07-31,train
123304,2023-08-31,train
123304,2023-09-30,train
123304,2023-10-31,train
123304,2023-11-30,train
123304,2023-12-31,train
123304,2024-01-31,train
123304,2024-02-29,train
123304,2024-03-31,train
123304,2024-04-30,train
123304,2024-05-31,train
123308,2021-07-31,train
123308,2021-08-31,train
123308,2021-09-30,train
123308,2021-10-31,train
123308,2021-11-30,train
123308,2021-12-31,train
123308,2022-01-31,train
123308,2022-02-28,train
123308,2022-03-31,train
123308,2022-04-30,train
123308,2022-05-31,train
123308,2022-06-30,train
123308,2022-07-31,train
123308,2022-08-31,train
123308,2022-09-30,train
123308,2022-10-31,train
123308,2022-11-30,train
123308,2022-12-31,train
123308,2023-01-31,train
123308,2023-02-28,train
123308,2023-03-31,train
123308,2023-04-30,train
123308,2023-05-31,train
123308,2023-06-30,train
123308,2023-07-31,train
123308,2023-08-31,train
123308,2023-09-30,train
123308,2023-10-31,train
123308,2023-11-30,train
123308,2023-12-31,train
123308,2024-01-31,train
123308,2024-02-29,train
123308,2024-03-31,train
123308,2024-04-30,train
123308,2024-05-31,train
123308,2024-06-30,train
123308,2024-07-31,train
123308,2024-08-31,train
123309,2021-07-31,train
123309,2021-08-31,train
123309,2021-09-30,train
123309,2021-10-31,train
123309,2021-11-30,train
123309,2021-12-31,train
123309,2022-01-31,train
123309,2022-02-28,train
123309,2022-03-31,train
123309,2022-04-30,train
123309,2022-05-31,train
123309,2022-06-30,train
123309,2022-07-31,train
123309,2022-08-31,train
123309,2022-09-30,train
123309,2022-10-31,train
123309,2022-11-30,train
123309,2022-12-31,train
123309,2023-01-31,train
123309,2023-02-28,train
123309,2023-03-31,train
123309,2023-04-30,train
123309,2023-05-31,train
123309,2023-06-30,train
123309,2023-07-31,train
123309,2023-08-31,train
123309,2023-09-30,train
123309,2023-10-31,train
123309,2023-11-30,train
123309,2023-12-31,train
123309,2024-01-31,train
123309,2024-02-29,train
123309,2024-03-31,train
123309,2024-04-30,train
123309,2024-05-31,train
123309,2024-06-30,train
123309,2024-07-31,train
123309,2024-08-31,train
123310,2021-07-31,train
123310,2021-08-31,train
123310,2021-09-30,train
123310,2021-10-31,train
123310,2021-11-30,train
123310,2021-12-31,train
123310,2022-01-31,train
123310,2022-02-28,train
123310,2022-03-31,train
123310,2022-04-30,train
123310,2022-05-31,train
123310,2022-06-30,train
123310,2022-07-31,train
123310,2022-08-31,train
123310,2022-09-30,train
123310,2022-10-31,train
123310,2022-11-30,train
123310,2022-12-31,train
123310,2023-01-31,train
123310,2023-02-28,train
123310,2023-03-31,train
123310,2023-04-30,train
123310,2023-05-31,train
123310,2023-06-30,train
123310,2023-07-31,train
123310,2023-08-31,train
123310,2023-09-30,train
123310,2023-10-31,train
123310,2023-11-30,train
123310,2023-12-31,train
123310,2024-01-31,train
123310,2024-02-29,train
123310,2024-03-31,train
123310,2024-04-30,train
123310,2024-05-31,train
123310,2024-06-30,train
123310,2024-07-31,train
123310,2024-08-31,train
123311,2021-07-31,train
123311,2021-08-31,train
123311,2021-09-30,train
123311,2021-10-31,train
123311,2021-11-30,train
123311,2021-12-31,train
123311,2022-01-31,train
123311,2022-02-28,train
123311,2022-03-31,train
123311,2022-04-30,train
123311,2022-05-31,train
123311,2022-06-30,train
123311,2022-07-31,train
123311,2022-08-31,train
123311,2022-09-30,train
123311,2022-10-31,train
123311,2022-11-30,train
123311,2022-12-31,train
123311,2023-01-31,train
123311,2023-02-28,train
123311,2023-03-31,train
123311,2023-04-30,train
123311,2023-05-31,train
123311,2023-06-30,train
123311,2023-07-31,train
123311,2023-08-31,train
123311,2023-09-30,train
123311,2023-10-31,train
123311,2023-11-30,train
123311,2023-12-31,train
123311,2024-01-31,train
123311,2024-02-29,train
123311,2024-03-31,train
123311,2024-04-30,train
123311,2024-05-31,train
123311,2024-06-30,train
123311,2024-07-31,train
123311,2024-08-31,train
123315,2021-07-31,train
123315,2021-08-31,train
123315,2021-09-30,train
123315,2021-10-31,train
123315,2021-11-30,train
123315,2021-12-31,train
123315,2022-01-31,train
123315,2022-02-28,train
123315,2022-03-31,train
123315,2022-04-30,train
123315,2022-05-31,train
123315,2022-06-30,train
123315,2022-07-31,train
123315,2022-08-31,train
123315,2022-09-30,train
123315,2022-10-31,train
123315,2022-11-30,train
123315,2022-12-31,train
123315,2023-01-31,train
123315,2023-02-28,train
123315,2023-03-31,train
123315,2023-04-30,train
123315,2023-05-31,train
123315,2023-06-30,train
123315,2023-07-31,train
123315,2023-08-31,train
123315,2023-09-30,train
123315,2023-10-31,train
123315,2023-11-30,train
123315,2023-12-31,train
123315,2024-01-31,train
123315,2024-02-29,train
123315,2024-03-31,train
123315,2024-04-30,train
123315,2024-05-31,train
123315,2024-06-30,train
123315,2024-07-31,train
123315,2024-08-31,train
123316,2021-07-31,train
123316,2021-08-31,train
123316,2021-09-30,train
123316,2021-10-31,train
123316,2021-11-30,train
123316,2021-12-31,train
123316,2022-01-31,train
123316,2022-02-28,train
123316,2022-03-31,train
123316,2022-04-30,train
123316,2022-05-31,train
123316,2022-06-30,train
123316,2022-07-31,train
123316,2022-08-31,train
123316,2022-09-30,train
123316,2022-10-31,train
123316,2022-11-30,train
123316,2022-12-31,train
123316,2023-01-31,train
123317,2021-07-31,train
123317,2021-08-31,train
123317,2021-09-30,train
123317,2021-10-31,train
123317,2021-11-30,train
123317,2021-12-31,train
123317,2022-01-31,train
123317,2022-02-28,train
123317,2022-03-31,train
123317,2022-04-30,train
123317,2022-05-31,train
123317,2022-06-30,train
123317,2022-07-31,train
123317,2022-08-31,train
123317,2022-09-30,train
123317,2022-10-31,train
123317,2022-11-30,train
123317,2022-12-31,train
123317,2023-01-31,train
123317,2023-02-28,train
123317,2023-03-31,train
123317,2023-04-30,train
123317,2023-05-31,train
123317,2023-06-30,train
123317,2023-07-31,train
123317,2023-08-31,train
123317,2023-09-30,train
123317,2023-10-31,train
123317,2023-11-30,train
123317,2023-12-31,train
123317,2024-01-31,train
123317,2024-02-29,train
123317,2024-03-31,train
123317,2024-04-30,train
123317,2024-05-31,train
123317,2024-06-30,train
123317,2024-07-31,train
123317,2024-08-31,train
123320,2023-09-30,train
123320,2023-10-31,train
123320,2023-11-30,train
123320,2023-12-31,train
123320,2024-01-31,train
123320,2024-02-29,train
123320,2024-03-31,train
123320,2024-04-30,train
123320,2024-05-31,train
123320,2024-06-30,train
123320,2024-07-31,train
123320,2024-08-31,train
123321,2021-07-31,train
123321,2021-08-31,train
123321,2021-09-30,train
123321,2021-10-31,train
123321,2021-11-30,train
123321,2021-12-31,train
123321,2022-01-31,train
123321,2022-02-28,train
123321,2022-03-31,train
123321,2022-04-30,train
123321,2022-05-31,train
123321,2022-06-30,train
123321,2022-07-31,train
123321,2022-08-31,train
123321,2022-09-30,train
123321,2022-10-31,train
123321,2022-11-30,train
123321,2022-12-31,train
123321,2023-01-31,train
123321,2023-02-28,train
123321,2023-03-31,train
123321,2023-04-30,train
123321,2023-05-31,train
123321,2023-06-30,train
123321,2023-07-31,train
123321,2023-08-31,train
123321,2023-09-30,train
123321,2023-10-31,train
123321,2023-11-30,train
123321,2023-12-31,train
123321,2024-01-31,train
123321,2024-02-29,train
123321,2024-03-31,train
123321,2024-04-30,train
123321,2024-05-31,train
123321,2024-06-30,train
123321,2024-07-31,train
123321,2024-08-31,train
123322,2021-07-31,train
123322,2021-08-31,train
123322,2021-09-30,train
123322,2021-10-31,train
123322,2021-11-30,train
123322,2021-12-31,train
123322,2022-01-31,train
123322,2022-02-28,train
123322,2022-03-31,train
123322,2022-04-30,train
123322,2022-05-31,train
123322,2022-06-30,train
123322,2022-07-31,train
123322,2022-08-31,train
123322,2022-09-30,train
123322,2022-10-31,train
123322,2022-11-30,train
123322,2022-12-31,train
123322,2023-01-31,train
123322,2023-02-28,train
123322,2023-03-31,train
123322,2023-04-30,train
123322,2023-05-31,train
123324,2022-03-31,train
123324,2022-04-30,train
123324,2022-05-31,train
123324,2022-06-30,train
123324,2022-07-31,train
123324,2022-08-31,train
123324,2022-09-30,train
123324,2022-10-31,train
123324,2022-11-30,train
123324,2022-12-31,train
123324,2023-01-31,train
123324,2023-02-28,train
123324,2023-03-31,train
123324,2023-04-30,train
123324,2023-05-31,train
123324,2023-06-30,train
123324,2023-07-31,train
123324,2023-08-31,train
123324,2023-09-30,train
123324,2023-10-31,train
123324,2023-11-30,train
123324,2023-12-31,train
123324,2024-01-31,train
123324,2024-02-29,train
123324,2024-03-31,train
123324,2024-04-30,train
123324,2024-05-31,train
123324,2024-06-30,train
123324,2024-07-31,train
123324,2024-08-31,train
123325,2021-07-31,train
123325,2021-08-31,train
123325,2021-09-30,train
123325,2021-10-31,train
123325,2021-11-30,train
123325,2021-12-31,train
123325,2022-01-31,train
123325,2022-02-28,train
123325,2022-03-31,train
123325,2022-04-30,train
123325,2022-05-31,train
123325,2022-06-30,train
123325,2022-07-31,train
123325,2022-08-31,train
123325,2022-09-30,train
123325,2022-10-31,train
123325,2022-11-30,train
123325,2022-12-31,train
123325,2023-01-31,train
123325,2023-02-28,train
123325,2023-03-31,train
123325,2023-04-30,train
123325,2023-05-31,train
123325,2023-06-30,train
123325,2023-07-31,train
123325,2023-08-31,train
123325,2023-09-30,train
123325,2023-10-31,train
123325,2023-11-30,train
123325,2023-12-31,train
123325,2024-01-31,train
123325,2024-02-29,train
123325,2024-03-31,train
123325,2024-04-30,train
123325,2024-05-31,train
123325,2024-06-30,train
123325,2024-07-31,train
123325,2024-08-31,train
123333,2021-07-31,train
123333,2021-08-31,train
123333,2021-09-30,train
123333,2021-10-31,train
123333,2021-11-30,train
123333,2021-12-31,train
123333,2022-01-31,train
123333,2022-02-28,train
123333,2022-03-31,train
123333,2022-04-30,train
123333,2022-05-31,train
123333,2022-06-30,train
123333,2022-07-31,train
123333,2022-08-31,train
123333,2022-09-30,train
123333,2022-10-31,train
123333,2022-11-30,train
123333,2022-12-31,train
123333,2023-01-31,train
123333,2023-02-28,train
123333,2023-03-31,train
123333,2023-04-30,train
123333,2023-05-31,train
123333,2023-06-30,train
123333,2023-07-31,train
123333,2023-08-31,train
123333,2023-09-30,train
123333,2023-10-31,train
123333,2023-11-30,train
123333,2023-12-31,train
123333,2024-01-31,train
123333,2024-02-29,train
123333,2024-03-31,train
123333,2024-04-30,train
123333,2024-05-31,train
123333,2024-06-30,train
123333,2024-07-31,train
123333,2024-08-31,train
123334,2021-07-31,train
123334,2021-08-31,train
123334,2021-09-30,train
123334,2021-10-31,train
123334,2021-11-30,train
123334,2021-12-31,train
123334,2022-01-31,train
123334,2022-02-28,train
123334,2022-03-31,train
123334,2022-04-30,train
123334,2022-05-31,train
123334,2022-06-30,train
123334,2022-07-31,train
123334,2022-08-31,train
123334,2022-09-30,train
123334,2022-10-31,train
123334,2022-11-30,train
123334,2022-12-31,train
123334,2023-01-31,train
123334,2023-02-28,train
123334,2023-03-31,train
123334,2023-04-30,train
123334,2023-05-31,train
123334,2023-06-30,train
123334,2023-07-31,train
123334,2023-08-31,train
123334,2023-09-30,train
123334,2023-10-31,train
123334,2023-11-30,train
123334,2023-12-31,train
123334,2024-01-31,train
123334,2024-02-29,train
123334,2024-03-31,train
123334,2024-04-30,train
123334,2024-05-31,train
123334,2024-06-30,train
123334,2024-07-31,train
123334,2024-08-31,train
123335,2021-07-31,train
123335,2021-08-31,train
123335,2021-09-30,train
123335,2021-10-31,train
123335,2021-11-30,train
123335,2021-12-31,train
123335,2022-01-31,train
123335,2022-02-28,train
123335,2022-03-31,train
123335,2022-04-30,train
123335,2022-05-31,train
123335,2022-06-30,train
123335,2022-07-31,train
123335,2022-08-31,train
123335,2022-09-30,train
123335,2022-10-31,train
123335,2022-11-30,train
123335,2022-12-31,train
123335,2023-01-31,train
123335,2023-02-28,train
123335,2023-03-31,train
123335,2023-04-30,train
123335,2023-05-31,train
123335,2023-06-30,train
123335,2023-07-31,train
123335,2023-08-31,train
123335,2023-09-30,train
123335,2023-10-31,train
123335,2023-11-30,train
123335,2023-12-31,train
123335,2024-01-31,train
123335,2024-02-29,train
123335,2024-03-31,train
123337,2022-10-31,train
123337,2022-11-30,train
123337,2022-12-31,train
123337,2023-01-31,train
123337,2023-02-28,train
123337,2023-03-31,train
123337,2023-04-30,train
123337,2023-05-31,train
123337,2023-06-30,train
123337,2023-07-31,train
123337,2023-08-31,train
123337,2023-09-30,train
123337,2023-10-31,train
123337,2023-11-30,train
123337,2023-12-31,train
123337,2024-01-31,train
123337,2024-02-29,train
123337,2024-03-31,train
123337,2024-04-30,train
123337,2024-05-31,train
123337,2024-06-30,train
123337,2024-07-31,train
123337,2024-08-31,train
123339,2021-07-31,train
123339,2021-08-31,train
123339,2021-09-30,train
123339,2021-10-31,train
123339,2021-11-30,train
123339,2021-12-31,train
123339,2022-01-31,train
123339,2022-02-28,train
123339,2022-03-31,train
123339,2022-04-30,train
123339,2022-05-31,train
123339,2022-06-30,train
123339,2022-07-31,train
123339,2022-08-31,train
123339,2022-09-30,train
123339,2022-10-31,train
123339,2022-11-30,train
123339,2022-12-31,train
123339,2023-01-31,train
123339,2023-02-28,train
123339,2023-03-31,train
123339,2023-04-30,train
123339,2023-05-31,train
123339,2023-06-30,train
123339,2023-07-31,train
123339,2023-08-31,train
123339,2023-09-30,train
123339,2023-10-31,train
123339,2023-11-30,train
123339,2023-12-31,train
123339,2024-01-31,train
123339,2024-02-29,train
123339,2024-03-31,train
123339,2024-04-30,train
123339,2024-05-31,train
123339,2024-06-30,train
123339,2024-07-31,train
123339,2024-08-31,train
123340,2022-07-31,train
123340,2022-08-31,train
123340,2022-09-30,train
123340,2022-10-31,train
123340,2022-11-30,train
123340,2022-12-31,train
123340,2023-01-31,train
123340,2023-02-28,train
123340,2023-03-31,train
123340,2023-04-30,train
123340,2023-05-31,train
123340,2023-06-30,train
123340,2023-07-31,train
123340,2023-08-31,train
123340,2023-09-30,train
123340,2023-10-31,train
123340,2023-11-30,train
123340,2023-12-31,train
123340,2024-01-31,train
123340,2024-02-29,train
123340,2024-03-31,train
123340,2024-04-30,train
123340,2024-05-31,train
123340,2024-06-30,train
123340,2024-07-31,train
123340,2024-08-31,train
123341,2021-07-31,train
123341,2021-08-31,train
123341,2021-09-30,train
123341,2021-10-31,train
123341,2021-11-30,train
123341,2021-12-31,train
123341,2022-01-31,train
123341,2022-02-28,train
123341,2022-03-31,train
123341,2022-04-30,train
123341,2022-05-31,train
123341,2022-06-30,train
123341,2022-07-31,train
123341,2022-08-31,train
123341,2022-09-30,train
123341,2022-10-31,train
123341,2022-11-30,train
123341,2022-12-31,train
123341,2023-01-31,train
123341,2023-02-28,train
123341,2023-03-31,train
123341,2023-04-30,train
123341,2023-05-31,train
123341,2023-06-30,train
123341,2023-07-31,train
123341,2023-08-31,train
123341,2023-09-30,train
123341,2023-10-31,train
123341,2023-11-30,train
123341,2023-12-31,train
123341,2024-01-31,train
123341,2024-02-29,train
123341,2024-03-31,train
123341,2024-04-30,train
123341,2024-05-31,train
123341,2024-06-30,train
123341,2024-07-31,train
123341,2024-08-31,train
123342,2021-09-30,train
123342,2021-10-31,train
123342,2021-11-30,train
123342,2021-12-31,train
123342,2022-01-31,train
123342,2022-02-28,train
123342,2022-03-31,train
123342,2022-04-30,train
123342,2022-05-31,train
123342,2022-06-30,train
123342,2022-07-31,train
123342,2022-08-31,train
123342,2022-09-30,train
123342,2022-10-31,train
123342,2022-11-30,train
123342,2022-12-31,train
123342,2023-01-31,train
123342,2023-02-28,train
123342,2023-03-31,train
123342,2023-04-30,train
123342,2023-05-31,train
123342,2023-06-30,train
123342,2023-07-31,train
123342,2023-08-31,train
123342,2023-09-30,train
123342,2023-10-31,train
123342,2023-11-30,train
123342,2023-12-31,train
123342,2024-01-31,train
123342,2024-02-29,train
123342,2024-03-31,train
123342,2024-04-30,train
123342,2024-05-31,train
123342,2024-06-30,train
123342,2024-07-31,train
123342,2024-08-31,train
123343,2021-07-31,train
123343,2021-08-31,train
123343,2021-09-30,train
123343,2021-10-31,train
123343,2021-11-30,train
123343,2021-12-31,train
123343,2022-01-31,train
123343,2022-02-28,train
123343,2022-03-31,train
123343,2022-04-30,train
123343,2022-05-31,train
123343,2022-06-30,train
123343,2022-07-31,train
123343,2022-08-31,train
123343,2022-09-30,train
123343,2022-10-31,train
123343,2022-11-30,train
123343,2022-12-31,train
123343,2023-01-31,train
123343,2023-02-28,train
123343,2023-03-31,train
123343,2023-04-30,train
123343,2023-05-31,train
123343,2023-06-30,train
123343,2023-07-31,train
123343,2023-08-31,train
123343,2023-09-30,train
123343,2023-10-31,train
123343,2023-11-30,train
123343,2023-12-31,train
123343,2024-01-31,train
123343,2024-02-29,train
123343,2024-03-31,train
123343,2024-04-30,train
123343,2024-05-31,train
123343,2024-06-30,train
123343,2024-07-31,train
123343,2024-08-31,train
123344,2021-07-31,train
123344,2021-08-31,train
123344,2021-09-30,train
123344,2021-10-31,train
123344,2021-11-30,train
123344,2021-12-31,train
123344,2022-01-31,train
123344,2022-02-28,train
123344,2022-03-31,train
123344,2022-04-30,train
123344,2022-05-31,train
123344,2022-06-30,train
123344,2022-07-31,train
123344,2022-08-31,train
123344,2022-09-30,train
123344,2022-10-31,train
123344,2022-11-30,train
123344,2022-12-31,train
123344,2023-01-31,train
123344,2023-02-28,train
123344,2023-03-31,train
123344,2023-04-30,train
123344,2023-05-31,train
123344,2023-06-30,train
123344,2023-07-31,train
123344,2023-08-31,train
123344,2023-09-30,train
123344,2023-10-31,train
123344,2023-11-30,train
123344,2023-12-31,train
123344,2024-01-31,train
123344,2024-02-29,train
123344,2024-03-31,train
123344,2024-04-30,train
123344,2024-05-31,train
123344,2024-06-30,train
123344,2024-07-31,train
123344,2024-08-31,train
123345,2021-07-31,train
123345,2021-08-31,train
123345,2021-09-30,train
123345,2021-10-31,train
123345,2021-11-30,train
123345,2021-12-31,train
123345,2022-01-31,train
123345,2022-02-28,train
123345,2022-03-31,train
123345,2022-04-30,train
123345,2022-05-31,train
123345,2022-06-30,train
123345,2022-07-31,train
123345,2022-08-31,train
123345,2022-09-30,train
123345,2022-10-31,train
123345,2022-11-30,train
123345,2022-12-31,train
123345,2023-01-31,train
123345,2023-02-28,train
123345,2023-03-31,train
123345,2023-04-30,train
123345,2023-05-31,train
123345,2023-06-30,train
123345,2023-07-31,train
123345,2023-08-31,train
123345,2023-09-30,train
123345,2023-10-31,train
123345,2023-11-30,train
123345,2023-12-31,train
123345,2024-01-31,train
123345,2024-02-29,train
123345,2024-03-31,train
123345,2024-04-30,train
123345,2024-05-31,train
123345,2024-06-30,train
123345,2024-07-31,train
123345,2024-08-31,train
123346,2021-07-31,train
123346,2021-08-31,train
123346,2021-09-30,train
123346,2021-10-31,train
123346,2021-11-30,train
123346,2021-12-31,train
123346,2022-01-31,train
123346,2022-02-28,train
123346,2022-03-31,train
123346,2022-04-30,train
123346,2022-05-31,train
123346,2022-06-30,train
123346,2022-07-31,train
123346,2022-08-31,train
123346,2022-09-30,train
123346,2022-10-31,train
123346,2022-11-30,train
123346,2022-12-31,train
123346,2023-01-31,train
123346,2023-02-28,train
123346,2023-03-31,train
123346,2023-04-30,train
123346,2023-05-31,train
123346,2023-06-30,train
123346,2023-07-31,train
123346,2023-08-31,train
123346,2023-09-30,train
123346,2023-10-31,train
123346,2023-11-30,train
123346,2023-12-31,train
123346,2024-01-31,train
123346,2024-02-29,train
123346,2024-03-31,train
123346,2024-04-30,train
123346,2024-05-31,train
123346,2024-06-30,train
123346,2024-07-31,train
123346,2024-08-31,train
123347,2021-07-31,train
123347,2021-08-31,train
123347,2021-09-30,train
123347,2021-10-31,train
123347,2021-11-30,train
123347,2021-12-31,train
123347,2022-01-31,train
123347,2022-02-28,train
123347,2022-03-31,train
123347,2022-04-30,train
123347,2022-05-31,train
123347,2022-06-30,train
123347,2022-07-31,train
123347,2022-08-31,train
123347,2022-09-30,train
123347,2022-10-31,train
123347,2022-11-30,train
123347,2022-12-31,train
123347,2023-01-31,train
123347,2023-02-28,train
123347,2023-03-31,train
123347,2023-04-30,train
123347,2023-05-31,train
123347,2023-06-30,train
123347,2023-07-31,train
123347,2023-08-31,train
123347,2023-09-30,train
123347,2023-10-31,train
123347,2023-11-30,train
123347,2023-12-31,train
123347,2024-01-31,train
123347,2024-02-29,train
123347,2024-03-31,train
123347,2024-04-30,train
123347,2024-05-31,train
123347,2024-06-30,train
123347,2024-07-31,train
123347,2024-08-31,train
123349,2021-07-31,train
123349,2021-08-31,train
123349,2021-09-30,train
123349,2021-10-31,train
123349,2021-11-30,train
123349,2021-12-31,train
123349,2022-01-31,train
123349,2022-02-28,train
123349,2022-03-31,train
123349,2022-04-30,train
123349,2022-05-31,train
123349,2022-06-30,train
123349,2022-07-31,train
123349,2022-08-31,train
123349,2022-09-30,train
123349,2022-10-31,train
123349,2022-11-30,train
123349,2022-12-31,train
123349,2023-01-31,train
123349,2023-02-28,train
123349,2023-03-31,train
123349,2023-04-30,train
123349,2023-05-31,train
123349,2023-06-30,train
123373,2021-07-31,train
123373,2021-08-31,train
123373,2021-09-30,train
123373,2021-10-31,train
123373,2021-11-30,train
123373,2021-12-31,train
123373,2022-01-31,train
123373,2022-02-28,train
123373,2022-03-31,train
123373,2022-04-30,train
123373,2022-05-31,train
123373,2022-06-30,train
123373,2022-07-31,train
123373,2022-08-31,train
123373,2022-09-30,train
123373,2022-10-31,train
123373,2022-11-30,train
123373,2022-12-31,train
123373,2023-01-31,train
123373,2023-02-28,train
123373,2023-03-31,train
123373,2023-04-30,train
123373,2023-05-31,train
123373,2023-06-30,train
123373,2023-07-31,train
123373,2023-08-31,train
123373,2023-09-30,train
123373,2023-10-31,train
123373,2023-11-30,train
123373,2023-12-31,train
123373,2024-01-31,train
123373,2024-02-29,train
123373,2024-03-31,train
123373,2024-04-30,train
123373,2024-05-31,train
123373,2024-06-30,train
123373,2024-07-31,train
123373,2024-08-31,train
123374,2021-07-31,train
123374,2021-08-31,train
123374,2021-09-30,train
123374,2021-10-31,train
123374,2021-11-30,train
123374,2021-12-31,train
123374,2022-01-31,train
123374,2022-02-28,train
123374,2022-03-31,train
123374,2022-04-30,train
123374,2022-05-31,train
123374,2022-06-30,train
123374,2022-07-31,train
123374,2022-08-31,train
123374,2022-09-30,train
123374,2022-10-31,train
123374,2022-11-30,train
123374,2022-12-31,train
123374,2023-01-31,train
123374,2023-02-28,train
123374,2023-03-31,train
123374,2023-04-30,train
123374,2023-05-31,train
123374,2023-06-30,train
123374,2023-07-31,train
123374,2023-08-31,train
123374,2023-09-30,train
123374,2023-10-31,train
123374,2023-11-30,train
123374,2023-12-31,train
123374,2024-01-31,train
123374,2024-02-29,train
123374,2024-03-31,train
123374,2024-04-30,train
123374,2024-05-31,train
123374,2024-06-30,train
123374,2024-07-31,train
123374,2024-08-31,train
123377,2021-07-31,train
123377,2021-08-31,train
123377,2021-09-30,train
123377,2021-10-31,train
123377,2021-11-30,train
123377,2021-12-31,train
123377,2022-01-31,train
123377,2022-02-28,train
123377,2022-03-31,train
123377,2022-04-30,train
123377,2022-05-31,train
123377,2022-06-30,train
123377,2022-07-31,train
123377,2022-08-31,train
123377,2022-09-30,train
123377,2022-10-31,train
123377,2022-11-30,train
123377,2022-12-31,train
123377,2023-01-31,train
123377,2023-02-28,train
123377,2023-03-31,train
123377,2023-04-30,train
123377,2023-05-31,train
123377,2023-06-30,train
123377,2023-07-31,train
123377,2023-08-31,train
123377,2023-09-30,train
123377,2023-10-31,train
123377,2023-11-30,train
123377,2023-12-31,train
123377,2024-01-31,train
123377,2024-02-29,train
123377,2024-03-31,train
123377,2024-04-30,train
123377,2024-05-31,train
123377,2024-06-30,train
123377,2024-07-31,train
123377,2024-08-31,train
123378,2021-07-31,train
123378,2021-08-31,train
123378,2021-09-30,train
123378,2021-10-31,train
123378,2021-11-30,train
123378,2021-12-31,train
123378,2022-01-31,train
123378,2022-02-28,train
123378,2022-03-31,train
123378,2022-04-30,train
123378,2022-05-31,train
123378,2022-06-30,train
123378,2022-07-31,train
123378,2022-08-31,train
123378,2022-09-30,train
123378,2022-10-31,train
123378,2022-11-30,train
123378,2022-12-31,train
123378,2023-01-31,train
123378,2023-02-28,train
123378,2023-03-31,train
123378,2023-04-30,train
123378,2023-05-31,train
123378,2023-06-30,train
123378,2023-07-31,train
123378,2023-08-31,train
123378,2023-09-30,train
123378,2023-10-31,train
123378,2023-11-30,train
123378,2023-12-31,train
123378,2024-01-31,train
123378,2024-02-29,train
123378,2024-03-31,train
123378,2024-04-30,train
123378,2024-05-31,train
123378,2024-06-30,train
123378,2024-07-31,train
123378,2024-08-31,train
123384,2021-07-31,train
123384,2021-08-31,train
123384,2021-09-30,train
123384,2021-10-31,train
123384,2021-11-30,train
123384,2021-12-31,train
123384,2022-01-31,train
123384,2022-02-28,train
123384,2022-03-31,train
123384,2022-04-30,train
123384,2022-05-31,train
123384,2022-06-30,train
123384,2022-07-31,train
123384,2022-08-31,train
123384,2022-09-30,train
123384,2022-10-31,train
123384,2022-11-30,train
123384,2022-12-31,train
123384,2023-01-31,train
123384,2023-02-28,train
123384,2023-03-31,train
123384,2023-04-30,train
123384,2023-05-31,train
123384,2023-06-30,train
123384,2023-07-31,train
123384,2023-08-31,train
123384,2023-09-30,train
123384,2023-10-31,train
123384,2023-11-30,train
123384,2023-12-31,train
123384,2024-01-31,train
123384,2024-02-29,train
123384,2024-03-31,train
123384,2024-04-30,train
123384,2024-05-31,train
123384,2024-06-30,train
123384,2024-07-31,train
123384,2024-08-31,train
123390,2021-07-31,train
123390,2021-08-31,train
123390,2021-09-30,train
123390,2021-10-31,train
123390,2021-11-30,train
123390,2021-12-31,train
123390,2022-01-31,train
123390,2022-02-28,train
123390,2022-03-31,train
123390,2022-04-30,train
123390,2022-05-31,train
123390,2022-06-30,train
123390,2022-07-31,train
123390,2022-08-31,train
123390,2022-09-30,train
123390,2022-10-31,train
123390,2022-11-30,train
123390,2022-12-31,train
123390,2023-01-31,train
123390,2023-02-28,train
123390,2023-03-31,train
123390,2023-04-30,train
123390,2023-05-31,train
123390,2023-06-30,train
123390,2023-07-31,train
123390,2023-08-31,train
123390,2023-09-30,train
123390,2023-10-31,train
123390,2023-11-30,train
123390,2023-12-31,train
123390,2024-01-31,train
123390,2024-02-29,train
123390,2024-03-31,train
123390,2024-04-30,train
123390,2024-05-31,train
123390,2024-06-30,train
123390,2024-07-31,train
123390,2024-08-31,train
123391,2021-07-31,train
123391,2021-08-31,train
123391,2021-09-30,train
123391,2021-10-31,train
123391,2021-11-30,train
123391,2021-12-31,train
123391,2022-01-31,train
123391,2022-02-28,train
123391,2022-03-31,train
123391,2022-04-30,train
123391,2022-05-31,train
123391,2022-06-30,train
123391,2022-07-31,train
123391,2022-08-31,train
123391,2022-09-30,train
123391,2022-10-31,train
123391,2022-11-30,train
123391,2022-12-31,train
123391,2023-01-31,train
123391,2023-02-28,train
123391,2023-03-31,train
123391,2023-04-30,train
123391,2023-05-31,train
123391,2023-06-30,train
123391,2023-07-31,train
123391,2023-08-31,train
123391,2023-09-30,train
123391,2023-10-31,train
123391,2023-11-30,train
123391,2023-12-31,train
123391,2024-01-31,train
123391,2024-02-29,train
123391,2024-03-31,train
123391,2024-04-30,train
123391,2024-05-31,train
123391,2024-06-30,train
123391,2024-07-31,train
123391,2024-08-31,train
123392,2022-01-31,train
123392,2022-02-28,train
123392,2022-03-31,train
123392,2022-04-30,train
123392,2022-05-31,train
123392,2022-06-30,train
123392,2022-07-31,train
123392,2022-08-31,train
123392,2022-09-30,train
123392,2022-10-31,train
123392,2022-11-30,train
123392,2022-12-31,train
123392,2023-01-31,train
123392,2023-02-28,train
123392,2023-03-31,train
123392,2023-04-30,train
123392,2023-05-31,train
123392,2023-06-30,train
123392,2023-07-31,train
123392,2023-08-31,train
123392,2023-09-30,train
123392,2023-10-31,train
123392,2023-11-30,train
123392,2023-12-31,train
123392,2024-01-31,train
123392,2024-02-29,train
123392,2024-03-31,train
123392,2024-04-30,train
123392,2024-05-31,train
123392,2024-06-30,train
123392,2024-07-31,train
123392,2024-08-31,train
123393,2022-01-31,train
123393,2022-02-28,train
123393,2022-03-31,train
123393,2022-04-30,train
123393,2022-05-31,train
123393,2022-06-30,train
123393,2022-07-31,train
123393,2022-08-31,train
123393,2022-09-30,train
123393,2022-10-31,train
123393,2022-11-30,train
123393,2022-12-31,train
123393,2023-01-31,train
123393,2023-02-28,train
123393,2023-03-31,train
123393,2023-04-30,train
123393,2023-05-31,train
123393,2023-06-30,train
123393,2023-07-31,train
123393,2023-08-31,train
123393,2023-09-30,train
123393,2023-10-31,train
123393,2023-11-30,train
123393,2023-12-31,train
123393,2024-01-31,train
123393,2024-02-29,train
123393,2024-03-31,train
123393,2024-04-30,train
123393,2024-05-31,train
123393,2024-06-30,train
123393,2024-07-31,train
123393,2024-08-31,train
123403,2021-07-31,train
123403,2021-08-31,train
123403,2021-09-30,train
123403,2021-10-31,train
123403,2021-11-30,train
123403,2021-12-31,train
123403,2022-01-31,train
123403,2022-02-28,train
123403,2022-03-31,train
123403,2022-04-30,train
123403,2022-05-31,train
123403,2022-06-30,train
123403,2022-07-31,train
123403,2022-08-31,train
123403,2022-09-30,train
123403,2022-10-31,train
123403,2022-11-30,train
123403,2022-12-31,train
123403,2023-01-31,train
123403,2023-02-28,train
123403,2023-03-31,train
123403,2023-04-30,train
123403,2023-05-31,train
123403,2023-06-30,train
123403,2023-07-31,train
123403,2023-08-31,train
123403,2023-09-30,train
123403,2023-10-31,train
123403,2023-11-30,train
123403,2023-12-31,train
123403,2024-01-31,train
123403,2024-02-29,train
123403,2024-03-31,train
123403,2024-04-30,train
123403,2024-05-31,train
123403,2024-06-30,train
123403,2024-07-31,train
123403,2024-08-31,train
123405,2021-07-31,train
123405,2021-08-31,train
123405,2021-09-30,train
123405,2021-10-31,train
123405,2021-11-30,train
123405,2021-12-31,train
123405,2022-01-31,train
123405,2022-02-28,train
123405,2022-03-31,train
123405,2022-04-30,train
123405,2022-05-31,train
123405,2022-06-30,train
123405,2022-07-31,train
123405,2022-08-31,train
123405,2022-09-30,train
123405,2022-10-31,train
123405,2022-11-30,train
123405,2022-12-31,train
123405,2023-01-31,train
123405,2023-02-28,train
123405,2023-03-31,train
123405,2023-04-30,train
123405,2023-05-31,train
123405,2023-06-30,train
123405,2023-07-31,train
123405,2023-08-31,train
123405,2023-09-30,train
123405,2023-10-31,train
123405,2023-11-30,train
123405,2023-12-31,train
123405,2024-01-31,train
123405,2024-02-29,train
123405,2024-03-31,train
123405,2024-04-30,train
123405,2024-05-31,train
123405,2024-06-30,train
123405,2024-07-31,train
123405,2024-08-31,train
123411,2023-08-31,train
123411,2023-09-30,train
123411,2023-10-31,train
123411,2023-11-30,train
123411,2023-12-31,train
123411,2024-01-31,train
123411,2024-02-29,train
123411,2024-03-31,train
123411,2024-04-30,train
123411,2024-05-31,train
123411,2024-06-30,train
123411,2024-07-31,train
123411,2024-08-31,train
123415,2021-07-31,train
123415,2021-08-31,train
123415,2021-09-30,train
123415,2021-10-31,train
123415,2021-11-30,train
123415,2021-12-31,train
123415,2022-01-31,train
123415,2022-02-28,train
123415,2022-03-31,train
123415,2022-04-30,train
123415,2022-05-31,train
123415,2022-06-30,train
123415,2022-07-31,train
123415,2022-08-31,train
123415,2022-09-30,train
123415,2022-10-31,train
123415,2022-11-30,train
123415,2022-12-31,train
123415,2023-01-31,train
123415,2023-02-28,train
123415,2023-03-31,train
123415,2023-04-30,train
123415,2023-05-31,train
123415,2023-06-30,train
123415,2023-07-31,train
123415,2023-08-31,train
123415,2023-09-30,train
123415,2023-10-31,train
123416,2021-07-31,train
123416,2021-08-31,train
123416,2021-09-30,train
123416,2021-10-31,train
123416,2021-11-30,train
123416,2021-12-31,train
123416,2022-01-31,train
123416,2022-02-28,train
123416,2022-03-31,train
123416,2022-04-30,train
123416,2022-05-31,train
123416,2022-06-30,train
123416,2022-07-31,train
123416,2022-08-31,train
123416,2022-09-30,train
123416,2022-10-31,train
123416,2022-11-30,train
123416,2022-12-31,train
123416,2023-01-31,train
123416,2023-02-28,train
123416,2023-03-31,train
123416,2023-04-30,train
123416,2023-05-31,train
123416,2023-06-30,train
123416,2023-07-31,train
123416,2023-08-31,train
123416,2023-09-30,train
123416,2023-10-31,train
123421,2021-07-31,train
123421,2021-08-31,train
123421,2021-09-30,train
123421,2021-10-31,train
123421,2021-11-30,train
123421,2021-12-31,train
123421,2022-01-31,train
123421,2022-02-28,train
123421,2022-03-31,train
123421,2022-04-30,train
123421,2022-05-31,train
123421,2022-06-30,train
123421,2022-07-31,train
123421,2022-08-31,train
123421,2022-09-30,train
123421,2022-10-31,train
123421,2022-11-30,train
123421,2022-12-31,train
123421,2023-01-31,train
123421,2023-02-28,train
123421,2023-03-31,train
123421,2023-04-30,train
123421,2023-05-31,train
123421,2023-06-30,train
123421,2023-07-31,train
123421,2023-08-31,train
123421,2023-09-30,train
123421,2023-10-31,train
123421,2023-11-30,train
123421,2023-12-31,train
123421,2024-01-31,train
123421,2024-02-29,train
123421,2024-03-31,train
123421,2024-04-30,train
123421,2024-05-31,train
123421,2024-06-30,train
123421,2024-07-31,train
123421,2024-08-31,train
123424,2021-07-31,train
123424,2021-08-31,train
123424,2021-09-30,train
123424,2021-10-31,train
123424,2021-11-30,train
123424,2021-12-31,train
123424,2022-01-31,train
123424,2022-02-28,train
123424,2022-03-31,train
123424,2022-04-30,train
123424,2022-05-31,train
123424,2022-06-30,train
123424,2022-07-31,train
123424,2022-08-31,train
123424,2022-09-30,train
123424,2022-10-31,train
123424,2022-11-30,train
123424,2022-12-31,train
123424,2023-01-31,train
123424,2023-02-28,train
123424,2023-03-31,train
123424,2023-04-30,train
123424,2023-05-31,train
123424,2023-06-30,train
123424,2023-07-31,train
123425,2021-07-31,train
123425,2021-08-31,train
123425,2021-09-30,train
123425,2021-10-31,train
123425,2021-11-30,train
123425,2021-12-31,train
123425,2022-01-31,train
123425,2022-02-28,train
123425,2022-03-31,train
123425,2022-04-30,train
123425,2022-05-31,train
123425,2022-06-30,train
123425,2022-07-31,train
123425,2022-08-31,train
123425,2022-09-30,train
123425,2022-10-31,train
123425,2022-11-30,train
123425,2022-12-31,train
123425,2023-01-31,train
123425,2023-02-28,train
123425,2023-03-31,train
123425,2023-04-30,train
123425,2023-05-31,train
123425,2023-06-30,train
123425,2023-07-31,train
123425,2023-08-31,train
123425,2023-09-30,train
123425,2023-10-31,train
123425,2023-11-30,train
123425,2023-12-31,train
123425,2024-01-31,train
123425,2024-02-29,train
123425,2024-03-31,train
123425,2024-04-30,train
123425,2024-05-31,train
123425,2024-06-30,train
123425,2024-07-31,train
123425,2024-08-31,train
123426,2021-07-31,train
123426,2021-08-31,train
123426,2021-09-30,train
123426,2021-10-31,train
123426,2021-11-30,train
123426,2021-12-31,train
123426,2022-01-31,train
123426,2022-02-28,train
123426,2022-03-31,train
123426,2022-04-30,train
123426,2022-05-31,train
123426,2022-06-30,train
123426,2022-07-31,train
123426,2022-08-31,train
123426,2022-09-30,train
123426,2022-10-31,train
123426,2022-11-30,train
123426,2022-12-31,train
123426,2023-01-31,train
123426,2023-02-28,train
123426,2023-03-31,train
123426,2023-04-30,train
123426,2023-05-31,train
123426,2023-06-30,train
123426,2023-07-31,train
123426,2023-08-31,train
123426,2023-09-30,train
123426,2023-10-31,train
123426,2023-11-30,train
123426,2023-12-31,train
123426,2024-01-31,train
123426,2024-02-29,train
123426,2024-03-31,train
123426,2024-04-30,train
123426,2024-05-31,train
123426,2024-06-30,train
123426,2024-07-31,train
123426,2024-08-31,train
123427,2021-07-31,train
123427,2021-08-31,train
123427,2021-09-30,train
123427,2021-10-31,train
123427,2021-11-30,train
123427,2021-12-31,train
123427,2022-01-31,train
123427,2022-02-28,train
123427,2022-03-31,train
123427,2022-04-30,train
123427,2022-05-31,train
123427,2022-06-30,train
123427,2022-07-31,train
123427,2022-08-31,train
123427,2022-09-30,train
123427,2022-10-31,train
123427,2022-11-30,train
123427,2022-12-31,train
123427,2023-01-31,train
123427,2023-02-28,train
123427,2023-03-31,train
123427,2023-04-30,train
123427,2023-05-31,train
123427,2023-06-30,train
123427,2023-07-31,train
123427,2023-08-31,train
123427,2023-09-30,train
123427,2023-10-31,train
123427,2023-11-30,train
123427,2023-12-31,train
123427,2024-01-31,train
123427,2024-02-29,train
123427,2024-03-31,train
123427,2024-04-30,train
123427,2024-05-31,train
123427,2024-06-30,train
123427,2024-07-31,train
123427,2024-08-31,train
123428,2021-07-31,train
123428,2021-08-31,train
123428,2021-09-30,train
123428,2021-10-31,train
123428,2021-11-30,train
123428,2021-12-31,train
123428,2022-01-31,train
123428,2022-02-28,train
123428,2022-03-31,train
123428,2022-04-30,train
123428,2022-05-31,train
123428,2022-06-30,train
123428,2022-07-31,train
123428,2022-08-31,train
123428,2022-09-30,train
123428,2022-10-31,train
123428,2022-11-30,train
123428,2022-12-31,train
123428,2023-01-31,train
123428,2023-02-28,train
123428,2023-03-31,train
123428,2023-04-30,train
123428,2023-05-31,train
123428,2023-06-30,train
123428,2023-07-31,train
123428,2023-08-31,train
123428,2023-09-30,train
123428,2023-10-31,train
123428,2023-11-30,train
123428,2023-12-31,train
123428,2024-01-31,train
123428,2024-02-29,train
123428,2024-03-31,train
123428,2024-04-30,train
123428,2024-05-31,train
123428,2024-06-30,train
123428,2024-07-31,train
123428,2024-08-31,train
123429,2021-12-31,train
123429,2022-01-31,train
123429,2022-02-28,train
123429,2022-03-31,train
123429,2022-04-30,train
123429,2022-05-31,train
123429,2022-06-30,train
123429,2022-07-31,train
123429,2022-08-31,train
123429,2022-09-30,train
123429,2022-10-31,train
123429,2022-11-30,train
123429,2022-12-31,train
123429,2023-01-31,train
123433,2023-10-31,train
123433,2023-11-30,train
123433,2023-12-31,train
123433,2024-01-31,train
123433,2024-02-29,train
123433,2024-03-31,train
123433,2024-04-30,train
123433,2024-05-31,train
123433,2024-06-30,train
123433,2024-07-31,train
123433,2024-08-31,train
123435,2022-05-31,train
123435,2022-06-30,train
123435,2022-07-31,train
123435,2022-08-31,train
123435,2022-09-30,train
123435,2022-10-31,train
123435,2022-11-30,train
123435,2022-12-31,train
123435,2023-01-31,train
123435,2023-02-28,train
123435,2023-03-31,train
123435,2023-04-30,train
123435,2023-05-31,train
123435,2023-06-30,train
123437,2021-12-31,train
123437,2022-01-31,train
123437,2022-02-28,train
123437,2022-03-31,train
123437,2022-04-30,train
123437,2022-05-31,train
123437,2022-06-30,train
123437,2022-07-31,train
123437,2022-08-31,train
123437,2022-09-30,train
123437,2022-10-31,train
123437,2022-11-30,train
123437,2022-12-31,train
123437,2023-01-31,train
123437,2023-02-28,train
123437,2023-03-31,train
123437,2023-04-30,train
123437,2023-05-31,train
123437,2023-06-30,train
123437,2023-07-31,train
123437,2023-08-31,train
123437,2023-09-30,train
123438,2021-07-31,train
123438,2021-08-31,train
123438,2021-09-30,train
123438,2021-10-31,train
123438,2021-11-30,train
123438,2021-12-31,train
123438,2022-01-31,train
123438,2022-02-28,train
123438,2022-03-31,train
123438,2022-04-30,train
123438,2022-05-31,train
123438,2022-06-30,train
123438,2022-07-31,train
123438,2022-08-31,train
123438,2022-09-30,train
123438,2022-10-31,train
123438,2022-11-30,train
123438,2022-12-31,train
123440,2023-07-31,train
123440,2023-08-31,train
123440,2023-09-30,train
123440,2023-10-31,train
123440,2023-11-30,train
123440,2023-12-31,train
123440,2024-01-31,train
123440,2024-02-29,train
123440,2024-03-31,train
123440,2024-04-30,train
123440,2024-05-31,train
123440,2024-06-30,train
123440,2024-07-31,train
123440,2024-08-31,train
123447,2022-10-31,train
123447,2022-11-30,train
123447,2022-12-31,train
123447,2023-01-31,train
123447,2023-02-28,train
123447,2023-03-31,train
123447,2023-04-30,train
123447,2023-05-31,train
123447,2023-06-30,train
123447,2023-07-31,train
123447,2023-08-31,train
123447,2023-09-30,train
123447,2023-10-31,train
123447,2023-11-30,train
123447,2023-12-31,train
123447,2024-01-31,train
123447,2024-02-29,train
123447,2024-03-31,train
123447,2024-04-30,train
123447,2024-05-31,train
123447,2024-06-30,train
123447,2024-07-31,train
123447,2024-08-31,train
123454,2021-07-31,train
123454,2021-08-31,train
123454,2021-09-30,train
123454,2021-10-31,train
123454,2021-11-30,train
123454,2021-12-31,train
123454,2022-01-31,train
123454,2022-02-28,train
123454,2022-03-31,train
123454,2022-04-30,train
123454,2022-05-31,train
123454,2022-06-30,train
123454,2022-07-31,train
123454,2022-08-31,train
123454,2022-09-30,train
123454,2022-10-31,train
123454,2022-11-30,train
123454,2022-12-31,train
123454,2023-01-31,train
123454,2023-02-28,train
123454,2023-03-31,train
123454,2023-04-30,train
123454,2023-05-31,train
123454,2023-06-30,train
123454,2023-07-31,train
123454,2023-08-31,train
123454,2023-09-30,train
123454,2023-10-31,train
123454,2023-11-30,train
123454,2023-12-31,train
123454,2024-01-31,train
123454,2024-02-29,train
123454,2024-03-31,train
123454,2024-04-30,train
123454,2024-05-31,train
123454,2024-06-30,train
123454,2024-07-31,train
123455,2021-07-31,train
123455,2021-08-31,train
123455,2021-09-30,train
123455,2021-10-31,train
123455,2021-11-30,train
123455,2021-12-31,train
123455,2022-01-31,train
123455,2022-02-28,train
123455,2022-03-31,train
123455,2022-04-30,train
123455,2022-05-31,train
123455,2022-06-30,train
123455,2022-07-31,train
123455,2022-08-31,train
123455,2022-09-30,train
123455,2022-10-31,train
123455,2022-11-30,train
123455,2022-12-31,train
123455,2023-01-31,train
123455,2023-02-28,train
123455,2023-03-31,train
123455,2023-04-30,train
123455,2023-05-31,train
123455,2023-06-30,train
123455,2023-07-31,train
123455,2023-08-31,train
123455,2023-09-30,train
123455,2023-10-31,train
123455,2023-11-30,train
123455,2023-12-31,train
123455,2024-01-31,train
123455,2024-02-29,train
123455,2024-03-31,train
123455,2024-04-30,train
123455,2024-05-31,train
123458,2022-01-31,train
123458,2022-02-28,train
123458,2022-03-31,train
123458,2022-04-30,train
123458,2022-05-31,train
123458,2022-06-30,train
123458,2022-07-31,train
123458,2022-08-31,train
123458,2022-09-30,train
123458,2022-10-31,train
123458,2022-11-30,train
123458,2022-12-31,train
123458,2023-01-31,train
123458,2023-02-28,train
123458,2023-03-31,train
123458,2023-04-30,train
123458,2023-05-31,train
123458,2023-06-30,train
123458,2023-07-31,train
123458,2023-08-31,train
123458,2023-09-30,train
123458,2023-10-31,train
123458,2023-11-30,train
123458,2023-12-31,train
123458,2024-01-31,train
123458,2024-02-29,train
123458,2024-03-31,train
123458,2024-04-30,train
123458,2024-05-31,train
123458,2024-06-30,train
123458,2024-07-31,train
123458,2024-08-31,train
123461,2022-05-31,train
123461,2022-06-30,train
123461,2022-07-31,train
123461,2022-08-31,train
123461,2022-09-30,train
123461,2022-10-31,train
123461,2022-11-30,train
123461,2022-12-31,train
123461,2023-01-31,train
123461,2023-02-28,train
123461,2023-03-31,train
123461,2023-04-30,train
123461,2023-05-31,train
123461,2023-06-30,train
123462,2021-07-31,train
123462,2021-08-31,train
123462,2021-09-30,train
123462,2021-10-31,train
123462,2021-11-30,train
123462,2021-12-31,train
123462,2022-01-31,train
123462,2022-02-28,train
123462,2022-03-31,train
123462,2022-04-30,train
123462,2022-05-31,train
123462,2022-06-30,train
123462,2022-07-31,train
123462,2022-08-31,train
123462,2022-09-30,train
123462,2022-10-31,train
123462,2022-11-30,train
123462,2022-12-31,train
123462,2023-01-31,train
123462,2023-02-28,train
123462,2023-03-31,train
123462,2023-04-30,train
123462,2023-05-31,train
123462,2023-06-30,train
123462,2023-07-31,train
123462,2023-08-31,train
123462,2023-09-30,train
123462,2023-10-31,train
123462,2023-11-30,train
123462,2023-12-31,train
123462,2024-01-31,train
123462,2024-02-29,train
123462,2024-03-31,train
123462,2024-04-30,train
123462,2024-05-31,train
123462,2024-06-30,train
123462,2024-07-31,train
123462,2024-08-31,train
123463,2024-03-31,train
123463,2024-04-30,train
123463,2024-05-31,train
123463,2024-06-30,train
123463,2024-07-31,train
123463,2024-08-31,train
123466,2021-07-31,train
123466,2021-08-31,train
123466,2021-09-30,train
123466,2021-10-31,train
123466,2021-11-30,train
123466,2021-12-31,train
123466,2022-01-31,train
123466,2022-02-28,train
123466,2022-03-31,train
123466,2022-04-30,train
123466,2022-05-31,train
123466,2022-06-30,train
123466,2022-07-31,train
123466,2022-08-31,train
123466,2022-09-30,train
123466,2022-10-31,train
123466,2022-11-30,train
123466,2022-12-31,train
123466,2023-01-31,train
123466,2023-02-28,train
123466,2023-03-31,train
123466,2023-04-30,train
123466,2023-05-31,train
123466,2023-06-30,train
123466,2023-07-31,train
123466,2023-08-31,train
123466,2023-09-30,train
123466,2023-10-31,train
123466,2023-11-30,train
123466,2023-12-31,train
123466,2024-01-31,train
123466,2024-02-29,train
123466,2024-03-31,train
123466,2024-04-30,train
123466,2024-05-31,train
123466,2024-06-30,train
123466,2024-07-31,train
123466,2024-08-31,train
123467,2021-07-31,train
123467,2021-08-31,train
123467,2021-09-30,train
123467,2021-10-31,train
123467,2021-11-30,train
123467,2021-12-31,train
123467,2022-01-31,train
123467,2022-02-28,train
123467,2022-03-31,train
123467,2022-04-30,train
123467,2022-05-31,train
123467,2022-06-30,train
123467,2022-07-31,train
123467,2022-08-31,train
123467,2022-09-30,train
123467,2022-10-31,train
123467,2022-11-30,train
123467,2022-12-31,train
123467,2023-01-31,train
123467,2023-02-28,train
123467,2023-03-31,train
123467,2023-04-30,train
123467,2023-05-31,train
123467,2023-06-30,train
123467,2023-07-31,train
123467,2023-08-31,train
123467,2023-09-30,train
123467,2023-10-31,train
123467,2023-11-30,train
123467,2023-12-31,train
123467,2024-01-31,train
123467,2024-02-29,train
123467,2024-03-31,train
123467,2024-04-30,train
123467,2024-05-31,train
123467,2024-06-30,train
123467,2024-07-31,train
123467,2024-08-31,train
123468,2021-07-31,train
123468,2021-08-31,train
123468,2021-09-30,train
123468,2021-10-31,train
123468,2021-11-30,train
123468,2021-12-31,train
123468,2022-01-31,train
123468,2022-02-28,train
123468,2022-03-31,train
123468,2022-04-30,train
123468,2022-05-31,train
123468,2022-06-30,train
123468,2022-07-31,train
123468,2022-08-31,train
123468,2022-09-30,train
123468,2022-10-31,train
123468,2022-11-30,train
123468,2022-12-31,train
123468,2023-01-31,train
123468,2023-02-28,train
123468,2023-03-31,train
123468,2023-04-30,train
123468,2023-05-31,train
123470,2021-07-31,train
123470,2021-08-31,train
123470,2021-09-30,train
123470,2021-10-31,train
123470,2021-11-30,train
123470,2021-12-31,train
123470,2022-01-31,train
123470,2022-02-28,train
123470,2022-03-31,train
123470,2022-04-30,train
123470,2022-05-31,train
123470,2022-06-30,train
123470,2022-07-31,train
123470,2022-08-31,train
123470,2022-09-30,train
123470,2022-10-31,train
123470,2022-11-30,train
123470,2022-12-31,train
123470,2023-01-31,train
123470,2023-02-28,train
123470,2023-03-31,train
123470,2023-04-30,train
123470,2023-05-31,train
123470,2023-06-30,train
123470,2023-07-31,train
123470,2023-08-31,train
123470,2023-09-30,train
123470,2023-10-31,train
123470,2023-11-30,train
123470,2023-12-31,train
123470,2024-01-31,train
123470,2024-02-29,train
123470,2024-03-31,train
123470,2024-04-30,train
123470,2024-05-31,train
123470,2024-06-30,train
123470,2024-07-31,train
123470,2024-08-31,train
123471,2021-07-31,train
123471,2021-08-31,train
123471,2021-09-30,train
123471,2021-10-31,train
123471,2021-11-30,train
123471,2021-12-31,train
123471,2022-01-31,train
123471,2022-02-28,train
123471,2022-03-31,train
123471,2022-04-30,train
123471,2022-05-31,train
123471,2022-06-30,train
123471,2022-07-31,train
123471,2022-08-31,train
123471,2022-09-30,train
123471,2022-10-31,train
123471,2022-11-30,train
123471,2022-12-31,train
123471,2023-01-31,train
123471,2023-02-28,train
123471,2023-03-31,train
123471,2023-04-30,train
123471,2023-05-31,train
123471,2023-06-30,train
123471,2023-07-31,train
123471,2023-08-31,train
123471,2023-09-30,train
123471,2023-10-31,train
123471,2023-11-30,train
123471,2023-12-31,train
123471,2024-01-31,train
123471,2024-02-29,train
123471,2024-03-31,train
123471,2024-04-30,train
123471,2024-05-31,train
123471,2024-06-30,train
123471,2024-07-31,train
123471,2024-08-31,train
123474,2022-11-30,train
123474,2022-12-31,train
123474,2023-01-31,train
123474,2023-02-28,train
123474,2023-03-31,train
123474,2023-04-30,train
123474,2023-05-31,train
123474,2023-06-30,train
123474,2023-07-31,train
123474,2023-08-31,train
123474,2023-09-30,train
123474,2023-10-31,train
123474,2023-11-30,train
123474,2023-12-31,train
123477,2021-09-30,train
123477,2021-10-31,train
123477,2021-11-30,train
123477,2021-12-31,train
123477,2022-01-31,train
123477,2022-02-28,train
123477,2022-03-31,train
123477,2022-04-30,train
123477,2022-05-31,train
123477,2022-06-30,train
123477,2022-07-31,train
123477,2022-08-31,train
123477,2022-09-30,train
123477,2022-10-31,train
123477,2022-11-30,train
123477,2022-12-31,train
123477,2023-01-31,train
123477,2023-02-28,train
123477,2023-03-31,train
123477,2023-04-30,train
123477,2023-05-31,train
123477,2023-06-30,train
123477,2023-07-31,train
123477,2023-08-31,train
123477,2023-09-30,train
123477,2023-10-31,train
123477,2023-11-30,train
123477,2023-12-31,train
123477,2024-01-31,train
123477,2024-02-29,train
123477,2024-03-31,train
123477,2024-04-30,train
123477,2024-05-31,train
123477,2024-06-30,train
123477,2024-07-31,train
123477,2024-08-31,train
123478,2021-07-31,train
123478,2021-08-31,train
123478,2021-09-30,train
123478,2021-10-31,train
123478,2021-11-30,train
123478,2021-12-31,train
123478,2022-01-31,train
123478,2022-02-28,train
123478,2022-03-31,train
123478,2022-04-30,train
123478,2022-05-31,train
123478,2022-06-30,train
123478,2022-07-31,train
123478,2022-08-31,train
123478,2022-09-30,train
123478,2022-10-31,train
123478,2022-11-30,train
123478,2022-12-31,train
123478,2023-01-31,train
123478,2023-02-28,train
123478,2023-03-31,train
123478,2023-04-30,train
123478,2023-05-31,train
123478,2023-06-30,train
123478,2023-07-31,train
123478,2023-08-31,train
123478,2023-09-30,train
123478,2023-10-31,train
123478,2023-11-30,train
123478,2023-12-31,train
123478,2024-01-31,train
123478,2024-02-29,train
123478,2024-03-31,train
123478,2024-04-30,train
123478,2024-05-31,train
123478,2024-06-30,train
123478,2024-07-31,train
123478,2024-08-31,train
123479,2021-07-31,train
123479,2021-08-31,train
123479,2021-09-30,train
123479,2021-10-31,train
123479,2021-11-30,train
123479,2021-12-31,train
123479,2022-01-31,train
123479,2022-02-28,train
123479,2022-03-31,train
123479,2022-04-30,train
123479,2022-05-31,train
123479,2022-06-30,train
123479,2022-07-31,train
123479,2022-08-31,train
123479,2022-09-30,train
123479,2022-10-31,train
123479,2022-11-30,train
123479,2022-12-31,train
123479,2023-01-31,train
123479,2023-02-28,train
123479,2023-03-31,train
123479,2023-04-30,train
123479,2023-05-31,train
123479,2023-06-30,train
123479,2023-07-31,train
123479,2023-08-31,train
123479,2023-09-30,train
123479,2023-10-31,train
123479,2023-11-30,train
123479,2023-12-31,train
123479,2024-01-31,train
123479,2024-02-29,train
123479,2024-03-31,train
123479,2024-04-30,train
123479,2024-05-31,train
123479,2024-06-30,train
123479,2024-07-31,train
123479,2024-08-31,train
123480,2021-07-31,train
123480,2021-08-31,train
123480,2021-09-30,train
123480,2021-10-31,train
123480,2021-11-30,train
123480,2021-12-31,train
123480,2022-01-31,train
123480,2022-02-28,train
123480,2022-03-31,train
123480,2022-04-30,train
123480,2022-05-31,train
123480,2022-06-30,train
123480,2022-07-31,train
123480,2022-08-31,train
123480,2022-09-30,train
123480,2022-10-31,train
123480,2022-11-30,train
123480,2022-12-31,train
123480,2023-01-31,train
123480,2023-02-28,train
123480,2023-03-31,train
123480,2023-04-30,train
123480,2023-05-31,train
123480,2023-06-30,train
123480,2023-07-31,train
123480,2023-08-31,train
123480,2023-09-30,train
123480,2023-10-31,train
123480,2023-11-30,train
123480,2023-12-31,train
123480,2024-01-31,train
123480,2024-02-29,train
123480,2024-03-31,train
123480,2024-04-30,train
123480,2024-05-31,train
123480,2024-06-30,train
123480,2024-07-31,train
123480,2024-08-31,train
123483,2022-10-31,train
123483,2022-11-30,train
123483,2022-12-31,train
123483,2023-01-31,train
123483,2023-02-28,train
123483,2023-03-31,train
123483,2023-04-30,train
123483,2023-05-31,train
123483,2023-06-30,train
123483,2023-07-31,train
123483,2023-08-31,train
123483,2023-09-30,train
123483,2023-10-31,train
123483,2023-11-30,train
123483,2023-12-31,train
123483,2024-01-31,train
123483,2024-02-29,train
123483,2024-03-31,train
123483,2024-04-30,train
123483,2024-05-31,train
123483,2024-06-30,train
123483,2024-07-31,train
123483,2024-08-31,train
123484,2021-07-31,train
123484,2021-08-31,train
123484,2021-09-30,train
123484,2021-10-31,train
123484,2021-11-30,train
123484,2021-12-31,train
123484,2022-01-31,train
123484,2022-02-28,train
123484,2022-03-31,train
123484,2022-04-30,train
123484,2022-05-31,train
123484,2022-06-30,train
123484,2022-07-31,train
123484,2022-08-31,train
123484,2022-09-30,train
123484,2022-10-31,train
123484,2022-11-30,train
123484,2022-12-31,train
123484,2023-01-31,train
123484,2023-02-28,train
123484,2023-03-31,train
123484,2023-04-30,train
123484,2023-05-31,train
123484,2023-06-30,train
123484,2023-07-31,train
123484,2023-08-31,train
123484,2023-09-30,train
123484,2023-10-31,train
123484,2023-11-30,train
123484,2023-12-31,train
123484,2024-01-31,train
123484,2024-02-29,train
123484,2024-03-31,train
123484,2024-04-30,train
123484,2024-05-31,train
123484,2024-06-30,train
123484,2024-07-31,train
123484,2024-08-31,train
123495,2021-07-31,train
123495,2021-08-31,train
123495,2021-09-30,train
123495,2021-10-31,train
123495,2021-11-30,train
123495,2021-12-31,train
123495,2022-01-31,train
123495,2022-02-28,train
123495,2022-03-31,train
123495,2022-04-30,train
123495,2022-05-31,train
123495,2022-06-30,train
123495,2022-07-31,train
123495,2022-08-31,train
123495,2022-09-30,train
123495,2022-10-31,train
123495,2022-11-30,train
123495,2022-12-31,train
123495,2023-01-31,train
123495,2023-02-28,train
123495,2023-03-31,train
123495,2023-04-30,train
123495,2023-05-31,train
123495,2023-06-30,train
123495,2023-07-31,train
123495,2023-08-31,train
123495,2023-09-30,train
123495,2023-10-31,train
123495,2023-11-30,train
123495,2023-12-31,train
123495,2024-01-31,train
123495,2024-02-29,train
123495,2024-03-31,train
123495,2024-04-30,train
123495,2024-05-31,train
123495,2024-06-30,train
123495,2024-07-31,train
123495,2024-08-31,train
123498,2021-07-31,train
123498,2021-08-31,train
123498,2021-09-30,train
123498,2021-10-31,train
123498,2021-11-30,train
123498,2021-12-31,train
123498,2022-01-31,train
123498,2022-02-28,train
123498,2022-03-31,train
123498,2022-04-30,train
123498,2022-05-31,train
123498,2022-06-30,train
123498,2022-07-31,train
123498,2022-08-31,train
123498,2022-09-30,train
123498,2022-10-31,train
123498,2022-11-30,train
123498,2022-12-31,train
123498,2023-01-31,train
123498,2023-02-28,train
123498,2023-03-31,train
123498,2023-04-30,train
123498,2023-05-31,train
123498,2023-06-30,train
123498,2023-07-31,train
123498,2023-08-31,train
123498,2023-09-30,train
123498,2023-10-31,train
123498,2023-11-30,train
123498,2023-12-31,train
123498,2024-01-31,train
123498,2024-02-29,train
123498,2024-03-31,train
123498,2024-04-30,train
123498,2024-05-31,train
123498,2024-06-30,train
123498,2024-07-31,train
123498,2024-08-31,train
123502,2023-04-30,train
123502,2023-05-31,train
123502,2023-06-30,train
123502,2023-07-31,train
123502,2023-08-31,train
123502,2023-09-30,train
123502,2023-10-31,train
123502,2023-11-30,train
123502,2023-12-31,train
123502,2024-01-31,train
123502,2024-02-29,train
123502,2024-03-31,train
123502,2024-04-30,train
123502,2024-05-31,train
123502,2024-06-30,train
123502,2024-07-31,train
123502,2024-08-31,train
123504,2021-07-31,train
123504,2021-08-31,train
123504,2021-09-30,train
123504,2021-10-31,train
123504,2021-11-30,train
123504,2021-12-31,train
123504,2022-01-31,train
123504,2022-02-28,train
123504,2022-03-31,train
123504,2022-04-30,train
123504,2022-05-31,train
123504,2022-06-30,train
123504,2022-07-31,train
123504,2022-08-31,train
123504,2022-09-30,train
123504,2022-10-31,train
123504,2022-11-30,train
123504,2022-12-31,train
123504,2023-01-31,train
123504,2023-02-28,train
123504,2023-03-31,train
123504,2023-04-30,train
123504,2023-05-31,train
123504,2023-06-30,train
123504,2023-07-31,train
123504,2023-08-31,train
123504,2023-09-30,train
123504,2023-10-31,train
123504,2023-11-30,train
123504,2023-12-31,train
123504,2024-01-31,train
123504,2024-02-29,train
123504,2024-03-31,train
123504,2024-04-30,train
123504,2024-05-31,train
123504,2024-06-30,train
123504,2024-07-31,train
123504,2024-08-31,train
123505,2024-02-29,train
123505,2024-03-31,train
123505,2024-04-30,train
123505,2024-05-31,train
123505,2024-06-30,train
123505,2024-07-31,train
123505,2024-08-31,train
123511,2021-07-31,train
123511,2021-08-31,train
123511,2021-09-30,train
123511,2021-10-31,train
123511,2021-11-30,train
123511,2021-12-31,train
123511,2022-01-31,train
123511,2022-02-28,train
123511,2022-03-31,train
123511,2022-04-30,train
123511,2022-05-31,train
123511,2022-06-30,train
123511,2022-07-31,train
123511,2022-08-31,train
123511,2022-09-30,train
123511,2022-10-31,train
123511,2022-11-30,train
123511,2022-12-31,train
123511,2023-01-31,train
123511,2023-02-28,train
123511,2023-03-31,train
123511,2023-04-30,train
123511,2023-05-31,train
123511,2023-06-30,train
123511,2023-07-31,train
123511,2023-08-31,train
123511,2023-09-30,train
123511,2023-10-31,train
123511,2023-11-30,train
123511,2023-12-31,train
123511,2024-01-31,train
123511,2024-02-29,train
123511,2024-03-31,train
123511,2024-04-30,train
123511,2024-05-31,train
123511,2024-06-30,train
123511,2024-07-31,train
123511,2024-08-31,train
123512,2021-07-31,train
123512,2021-08-31,train
123512,2021-09-30,train
123512,2021-10-31,train
123512,2021-11-30,train
123512,2021-12-31,train
123512,2022-01-31,train
123512,2022-02-28,train
123512,2022-03-31,train
123512,2022-04-30,train
123512,2022-05-31,train
123512,2022-06-30,train
123512,2022-07-31,train
123512,2022-08-31,train
123512,2022-09-30,train
123512,2022-10-31,train
123512,2022-11-30,train
123512,2022-12-31,train
123512,2023-01-31,train
123512,2023-02-28,train
123512,2023-03-31,train
123512,2023-04-30,train
123512,2023-05-31,train
123512,2023-06-30,train
123512,2023-07-31,train
123512,2023-08-31,train
123512,2023-09-30,train
123512,2023-10-31,train
123512,2023-11-30,train
123512,2023-12-31,train
123512,2024-01-31,train
123512,2024-02-29,train
123512,2024-03-31,train
123512,2024-04-30,train
123512,2024-05-31,train
123512,2024-06-30,train
123512,2024-07-31,train
123512,2024-08-31,train
123516,2022-12-31,train
123516,2023-01-31,train
123516,2023-02-28,train
123516,2023-03-31,train
123516,2023-04-30,train
123516,2023-05-31,train
123516,2023-06-30,train
123516,2023-07-31,train
123516,2023-08-31,train
123516,2023-09-30,train
123516,2023-10-31,train
123516,2023-11-30,train
123516,2023-12-31,train
123516,2024-01-31,train
123516,2024-02-29,train
123516,2024-03-31,train
123516,2024-04-30,train
123516,2024-05-31,train
123516,2024-06-30,train
123516,2024-07-31,train
123516,2024-08-31,train
123519,2024-03-31,train
123519,2024-04-30,train
123519,2024-05-31,train
123519,2024-06-30,train
123519,2024-07-31,train
123519,2024-08-31,train
123528,2023-05-31,train
123528,2023-06-30,train
123528,2023-07-31,train
123528,2023-08-31,train
123528,2023-09-30,train
123528,2023-10-31,train
123528,2023-11-30,train
123528,2023-12-31,train
123528,2024-01-31,train
123528,2024-02-29,train
123528,2024-03-31,train
123528,2024-04-30,train
123528,2024-05-31,train
123528,2024-06-30,train
123528,2024-07-31,train
123528,2024-08-31,train
123529,2023-04-30,train
123529,2023-05-31,train
123529,2023-06-30,train
123529,2023-07-31,train
123529,2023-08-31,train
123529,2023-09-30,train
123529,2023-10-31,train
123529,2023-11-30,train
123529,2023-12-31,train
123529,2024-01-31,train
123529,2024-02-29,train
123529,2024-03-31,train
123529,2024-04-30,train
123529,2024-05-31,train
123529,2024-06-30,train
123529,2024-07-31,train
123529,2024-08-31,train
123538,2021-07-31,train
123538,2021-08-31,train
123538,2021-09-30,train
123538,2021-10-31,train
123538,2021-11-30,train
123538,2021-12-31,train
123538,2022-01-31,train
123538,2022-02-28,train
123538,2022-03-31,train
123538,2022-04-30,train
123538,2022-05-31,train
123538,2022-06-30,train
123538,2022-07-31,train
123538,2022-08-31,train
123538,2022-09-30,train
123538,2022-10-31,train
123538,2022-11-30,train
123538,2022-12-31,train
123538,2023-01-31,train
123538,2023-02-28,train
123538,2023-03-31,train
123538,2023-04-30,train
123538,2023-05-31,train
123538,2023-06-30,train
123538,2023-07-31,train
123538,2023-08-31,train
123538,2023-09-30,train
123538,2023-10-31,train
123538,2023-11-30,train
123538,2023-12-31,train
123538,2024-01-31,train
123538,2024-02-29,train
123538,2024-03-31,train
123538,2024-04-30,train
123538,2024-05-31,train
123538,2024-06-30,train
123538,2024-07-31,train
123538,2024-08-31,train
123563,2022-06-30,train
123563,2022-07-31,train
123563,2022-08-31,train
123563,2022-09-30,train
123563,2022-10-31,train
123563,2022-11-30,train
123563,2022-12-31,train
123563,2023-01-31,train
123563,2023-02-28,train
123563,2023-03-31,train
123563,2023-04-30,train
123563,2023-05-31,train
123563,2023-06-30,train
123563,2023-07-31,train
123563,2023-08-31,train
123563,2023-09-30,train
123563,2023-10-31,train
123563,2023-11-30,train
123563,2023-12-31,train
123563,2024-01-31,train
123563,2024-02-29,train
123563,2024-03-31,train
123563,2024-04-30,train
123563,2024-05-31,train
123563,2024-06-30,train
123563,2024-07-31,train
123563,2024-08-31,train
123574,2021-07-31,train
123574,2021-08-31,train
123574,2021-09-30,train
123574,2021-10-31,train
123574,2021-11-30,train
123574,2021-12-31,train
123574,2022-01-31,train
123574,2022-02-28,train
123574,2022-03-31,train
123574,2022-04-30,train
123574,2022-05-31,train
123574,2022-06-30,train
123574,2022-07-31,train
123574,2022-08-31,train
123574,2022-09-30,train
123574,2022-10-31,train
123574,2022-11-30,train
123574,2022-12-31,train
123574,2023-01-31,train
123574,2023-02-28,train
123574,2023-03-31,train
123574,2023-04-30,train
123574,2023-05-31,train
123574,2023-06-30,train
123574,2023-07-31,train
123574,2023-08-31,train
123574,2023-09-30,train
123574,2023-10-31,train
123574,2023-11-30,train
123574,2023-12-31,train
123574,2024-01-31,train
123574,2024-02-29,train
123574,2024-03-31,train
123574,2024-04-30,train
123574,2024-05-31,train
123574,2024-06-30,train
123574,2024-07-31,train
123574,2024-08-31,train
123586,2021-07-31,train
123586,2021-08-31,train
123586,2021-09-30,train
123586,2021-10-31,train
123586,2021-11-30,train
123586,2021-12-31,train
123586,2022-01-31,train
123586,2022-02-28,train
123586,2022-03-31,train
123586,2022-04-30,train
123586,2022-05-31,train
123586,2022-06-30,train
123586,2022-07-31,train
123586,2022-08-31,train
123586,2022-09-30,train
123586,2022-10-31,train
123587,2021-07-31,train
123587,2021-08-31,train
123587,2021-09-30,train
123587,2021-10-31,train
123587,2021-11-30,train
123587,2021-12-31,train
123587,2022-01-31,train
123587,2022-02-28,train
123587,2022-03-31,train
123587,2022-04-30,train
123587,2022-05-31,train
123587,2022-06-30,train
123587,2022-07-31,train
123587,2022-08-31,train
123587,2022-09-30,train
123587,2022-10-31,train
123587,2022-11-30,train
123587,2022-12-31,train
123587,2023-01-31,train
123587,2023-02-28,train
123587,2023-03-31,train
123587,2023-04-30,train
123587,2023-05-31,train
123587,2023-06-30,train
123587,2023-07-31,train
123587,2023-08-31,train
123587,2023-09-30,train
123587,2023-10-31,train
123587,2023-11-30,train
123587,2023-12-31,train
123587,2024-01-31,train
123587,2024-02-29,train
123587,2024-03-31,train
123587,2024-04-30,train
123587,2024-05-31,train
123587,2024-06-30,train
123587,2024-07-31,train
123587,2024-08-31,train
123612,2021-07-31,train
123612,2021-08-31,train
123612,2021-09-30,train
123612,2021-10-31,train
123612,2021-11-30,train
123612,2021-12-31,train
123612,2022-01-31,train
123612,2022-02-28,train
123612,2022-03-31,train
123612,2022-04-30,train
123612,2022-05-31,train
123612,2022-06-30,train
123612,2022-07-31,train
123612,2022-08-31,train
123612,2022-09-30,train
123612,2022-10-31,train
123612,2022-11-30,train
123612,2022-12-31,train
123612,2023-01-31,train
123612,2023-02-28,train
123612,2023-03-31,train
123612,2023-04-30,train
123612,2023-05-31,train
123612,2023-06-30,train
123612,2023-07-31,train
123612,2023-08-31,train
123612,2023-09-30,train
123612,2023-10-31,train
123612,2023-11-30,train
123612,2023-12-31,train
123612,2024-01-31,train
123612,2024-02-29,train
123612,2024-03-31,train
123612,2024-04-30,train
123612,2024-05-31,train
123612,2024-06-30,train
123612,2024-07-31,train
123612,2024-08-31,train
123620,2021-07-31,train
123620,2021-08-31,train
123620,2021-09-30,train
123620,2021-10-31,train
123620,2021-11-30,train
123620,2021-12-31,train
123620,2022-01-31,train
123620,2022-02-28,train
123620,2022-03-31,train
123620,2022-04-30,train
123620,2022-05-31,train
123620,2022-06-30,train
123620,2022-07-31,train
123620,2022-08-31,train
123620,2022-09-30,train
123620,2022-10-31,train
123620,2022-11-30,train
123620,2022-12-31,train
123620,2023-01-31,train
123620,2023-02-28,train
123620,2023-03-31,train
123620,2023-04-30,train
123620,2023-05-31,train
123620,2023-06-30,train
123620,2023-07-31,train
123620,2023-08-31,train
123620,2023-09-30,train
123620,2023-10-31,train
123620,2023-11-30,train
123620,2023-12-31,train
123620,2024-01-31,train
123620,2024-02-29,train
123620,2024-03-31,train
123620,2024-04-30,train
123620,2024-05-31,train
123620,2024-06-30,train
123620,2024-07-31,train
123620,2024-08-31,train
123621,2021-07-31,train
123621,2021-08-31,train
123621,2021-09-30,train
123621,2021-10-31,train
123621,2021-11-30,train
123621,2021-12-31,train
123621,2022-01-31,train
123621,2022-02-28,train
123621,2022-03-31,train
123621,2022-04-30,train
123621,2022-05-31,train
123621,2022-06-30,train
123621,2022-07-31,train
123621,2022-08-31,train
123621,2022-09-30,train
123621,2022-10-31,train
123621,2022-11-30,train
123621,2022-12-31,train
123621,2023-01-31,train
123621,2023-02-28,train
123621,2023-03-31,train
123621,2023-04-30,train
123621,2023-05-31,train
123621,2023-06-30,train
123621,2023-07-31,train
123621,2023-08-31,train
123621,2023-09-30,train
123621,2023-10-31,train
123621,2023-11-30,train
123621,2023-12-31,train
123621,2024-01-31,train
123621,2024-02-29,train
123621,2024-03-31,train
123621,2024-04-30,train
123621,2024-05-31,train
123621,2024-06-30,train
123621,2024-07-31,train
123621,2024-08-31,train
123623,2022-06-30,train
123623,2022-07-31,train
123623,2022-08-31,train
123623,2022-09-30,train
123623,2022-10-31,train
123623,2022-11-30,train
123623,2022-12-31,train
123623,2023-01-31,train
123623,2023-02-28,train
123623,2023-03-31,train
123623,2023-04-30,train
123623,2023-05-31,train
123623,2023-06-30,train
123623,2023-07-31,train
123623,2023-08-31,train
123623,2023-09-30,train
123623,2023-10-31,train
123623,2023-11-30,train
123623,2023-12-31,train
123623,2024-01-31,train
123623,2024-02-29,train
123623,2024-03-31,train
123623,2024-04-30,train
123623,2024-05-31,train
123623,2024-06-30,train
123623,2024-07-31,train
123623,2024-08-31,train
123691,2022-05-31,train
123691,2022-06-30,train
123691,2022-07-31,train
123691,2022-08-31,train
123691,2022-09-30,train
123691,2022-10-31,train
123691,2022-11-30,train
123691,2022-12-31,train
123691,2023-01-31,train
123691,2023-02-28,train
123691,2023-03-31,train
123691,2023-04-30,train
123691,2023-05-31,train
123691,2023-06-30,train
123691,2023-07-31,train
123691,2023-08-31,train
123691,2023-09-30,train
123691,2023-10-31,train
123691,2023-11-30,train
123691,2023-12-31,train
123691,2024-01-31,train
123691,2024-02-29,train
123691,2024-03-31,train
123691,2024-04-30,train
123692,2021-07-31,train
123692,2021-08-31,train
123692,2021-09-30,train
123692,2021-10-31,train
123692,2021-11-30,train
123692,2021-12-31,train
123692,2022-01-31,train
123692,2022-02-28,train
123692,2022-03-31,train
123692,2022-04-30,train
123692,2022-05-31,train
123692,2022-06-30,train
123692,2022-07-31,train
123692,2022-08-31,train
123692,2022-09-30,train
123692,2022-10-31,train
123692,2022-11-30,train
123692,2022-12-31,train
123692,2023-01-31,train
123692,2023-02-28,train
123692,2023-03-31,train
123692,2023-04-30,train
123692,2023-05-31,train
123692,2023-06-30,train
123692,2023-07-31,train
123692,2023-08-31,train
123692,2023-09-30,train
123692,2023-10-31,train
123692,2023-11-30,train
123692,2023-12-31,train
123692,2024-01-31,train
123714,2022-12-31,train
123714,2023-01-31,train
123714,2023-02-28,train
123714,2023-03-31,train
123714,2023-04-30,train
123714,2023-05-31,train
123714,2023-06-30,train
123714,2023-07-31,train
123714,2023-08-31,train
123714,2023-09-30,train
123714,2023-10-31,train
123714,2023-11-30,train
123714,2023-12-31,train
123714,2024-01-31,train
123714,2024-02-29,train
123714,2024-03-31,train
123714,2024-04-30,train
123714,2024-05-31,train
123714,2024-06-30,train
123714,2024-07-31,train
123714,2024-08-31,train
123738,2021-07-31,train
123738,2021-08-31,train
123738,2021-09-30,train
123738,2021-10-31,train
123738,2021-11-30,train
123738,2021-12-31,train
123738,2022-01-31,train
123738,2022-02-28,train
123738,2022-03-31,train
123738,2022-04-30,train
123738,2022-05-31,train
123738,2022-06-30,train
123738,2022-07-31,train
123738,2022-08-31,train
123738,2022-09-30,train
123738,2022-10-31,train
123738,2022-11-30,train
123738,2022-12-31,train
123738,2023-01-31,train
123738,2023-02-28,train
123738,2023-03-31,train
123738,2023-04-30,train
123738,2023-05-31,train
123738,2023-06-30,train
123738,2023-07-31,train
123738,2023-08-31,train
123738,2023-09-30,train
123738,2023-10-31,train
123738,2023-11-30,train
123738,2023-12-31,train
123738,2024-01-31,train
123738,2024-02-29,train
123738,2024-03-31,train
123738,2024-04-30,train
123738,2024-05-31,train
123738,2024-06-30,train
123738,2024-07-31,train
123738,2024-08-31,train
123741,2023-10-31,train
123741,2023-11-30,train
123741,2023-12-31,train
123741,2024-01-31,train
123741,2024-02-29,train
123741,2024-03-31,train
123741,2024-04-30,train
123741,2024-05-31,train
123741,2024-06-30,train
123741,2024-07-31,train
123741,2024-08-31,train
123776,2021-07-31,train
123776,2021-08-31,train
123776,2021-09-30,train
123776,2021-10-31,train
123776,2021-11-30,train
123776,2021-12-31,train
123776,2022-01-31,train
123776,2022-02-28,train
123776,2022-03-31,train
123776,2022-04-30,train
123776,2022-05-31,train
123776,2022-06-30,train
123776,2022-07-31,train
123776,2022-08-31,train
123776,2022-09-30,train
123776,2022-10-31,train
123776,2022-11-30,train
123776,2022-12-31,train
123776,2023-01-31,train
123776,2023-02-28,train
123776,2023-03-31,train
123776,2023-04-30,train
123776,2023-05-31,train
123776,2023-06-30,train
123776,2023-07-31,train
123776,2023-08-31,train
123776,2023-09-30,train
123776,2023-10-31,train
123776,2023-11-30,train
123776,2023-12-31,train
123776,2024-01-31,train
123776,2024-02-29,train
123776,2024-03-31,train
123776,2024-04-30,train
123776,2024-05-31,train
123776,2024-06-30,train
123776,2024-07-31,train
123776,2024-08-31,train
123778,2021-07-31,train
123778,2021-08-31,train
123778,2021-09-30,train
123778,2021-10-31,train
123778,2021-11-30,train
123778,2021-12-31,train
123778,2022-01-31,train
123778,2022-02-28,train
123778,2022-03-31,train
123778,2022-04-30,train
123778,2022-05-31,train
123778,2022-06-30,train
123778,2022-07-31,train
123778,2022-08-31,train
123778,2022-09-30,train
123778,2022-10-31,train
123778,2022-11-30,train
123778,2022-12-31,train
123778,2023-01-31,train
123778,2023-02-28,train
123778,2023-03-31,train
123778,2023-04-30,train
123778,2023-05-31,train
123778,2023-06-30,train
123778,2023-07-31,train
123778,2023-08-31,train
123778,2023-09-30,train
123778,2023-10-31,train
123778,2023-11-30,train
123778,2023-12-31,train
123778,2024-01-31,train
123778,2024-02-29,train
123778,2024-03-31,train
123778,2024-04-30,train
123778,2024-05-31,train
123778,2024-06-30,train
123778,2024-07-31,train
123778,2024-08-31,train
123783,2021-07-31,train
123783,2021-08-31,train
123783,2021-09-30,train
123783,2021-10-31,train
123783,2021-11-30,train
123783,2021-12-31,train
123783,2022-01-31,train
123783,2022-02-28,train
123783,2022-03-31,train
123783,2022-04-30,train
123783,2022-05-31,train
123783,2022-06-30,train
123783,2022-07-31,train
123783,2022-08-31,train
123783,2022-09-30,train
123783,2022-10-31,train
123783,2022-11-30,train
123783,2022-12-31,train
123783,2023-01-31,train
123783,2023-02-28,train
123783,2023-03-31,train
123783,2023-04-30,train
123783,2023-05-31,train
123783,2023-06-30,train
123783,2023-07-31,train
123783,2023-08-31,train
123783,2023-09-30,train
123783,2023-10-31,train
123783,2023-11-30,train
123783,2023-12-31,train
123783,2024-01-31,train
123783,2024-02-29,train
123783,2024-03-31,train
123783,2024-04-30,train
123783,2024-05-31,train
123805,2021-07-31,train
123805,2021-08-31,train
123805,2021-09-30,train
123805,2021-10-31,train
123805,2021-11-30,train
123805,2021-12-31,train
123805,2022-01-31,train
123805,2022-02-28,train
123805,2022-03-31,train
123805,2022-04-30,train
123805,2022-05-31,train
123805,2022-06-30,train
123805,2022-07-31,train
123805,2022-08-31,train
123805,2022-09-30,train
123805,2022-10-31,train
123805,2022-11-30,train
123805,2022-12-31,train
123805,2023-01-31,train
123805,2023-02-28,train
123805,2023-03-31,train
123805,2023-04-30,train
123805,2023-05-31,train
123805,2023-06-30,train
123805,2023-07-31,train
123805,2023-08-31,train
123805,2023-09-30,train
123805,2023-10-31,train
123805,2023-11-30,train
123805,2023-12-31,train
123805,2024-01-31,train
123805,2024-02-29,train
123805,2024-03-31,train
123805,2024-04-30,train
123805,2024-05-31,train
123805,2024-06-30,train
123805,2024-07-31,train
123805,2024-08-31,train
123806,2021-07-31,train
123806,2021-08-31,train
123806,2021-09-30,train
123806,2021-10-31,train
123806,2021-11-30,train
123806,2021-12-31,train
123806,2022-01-31,train
123806,2022-02-28,train
123806,2022-03-31,train
123806,2022-04-30,train
123806,2022-05-31,train
123806,2022-06-30,train
123806,2022-07-31,train
123806,2022-08-31,train
123806,2022-09-30,train
123806,2022-10-31,train
123806,2022-11-30,train
123806,2022-12-31,train
123838,2023-02-28,train
123838,2023-03-31,train
123838,2023-04-30,train
123838,2023-05-31,train
123838,2023-06-30,train
123838,2023-07-31,train
123838,2023-08-31,train
123838,2023-09-30,train
123838,2023-10-31,train
123838,2023-11-30,train
123838,2023-12-31,train
123838,2024-01-31,train
123838,2024-02-29,train
123838,2024-03-31,train
123838,2024-04-30,train
123841,2021-07-31,train
123841,2021-08-31,train
123841,2021-09-30,train
123841,2021-10-31,train
123841,2021-11-30,train
123841,2021-12-31,train
123841,2022-01-31,train
123841,2022-02-28,train
123841,2022-03-31,train
123841,2022-04-30,train
123841,2022-05-31,train
123841,2022-06-30,train
123841,2022-07-31,train
123841,2022-08-31,train
123841,2022-09-30,train
123841,2022-10-31,train
123841,2022-11-30,train
123841,2022-12-31,train
123841,2023-01-31,train
123841,2023-02-28,train
123841,2023-03-31,train
123841,2023-04-30,train
123841,2023-05-31,train
123841,2023-06-30,train
123841,2023-07-31,train
123841,2023-08-31,train
123841,2023-09-30,train
123841,2023-10-31,train
123841,2023-11-30,train
123841,2023-12-31,train
123841,2024-01-31,train
123841,2024-02-29,train
123841,2024-03-31,train
123841,2024-04-30,train
123841,2024-05-31,train
123841,2024-06-30,train
123841,2024-07-31,train
123841,2024-08-31,train
123842,2021-07-31,train
123842,2021-08-31,train
123842,2021-09-30,train
123842,2021-10-31,train
123842,2021-11-30,train
123842,2021-12-31,train
123842,2022-01-31,train
123842,2022-02-28,train
123842,2022-03-31,train
123842,2022-04-30,train
123842,2022-05-31,train
123842,2022-06-30,train
123842,2022-07-31,train
123842,2022-08-31,train
123842,2022-09-30,train
123842,2022-10-31,train
123842,2022-11-30,train
123842,2022-12-31,train
123842,2023-01-31,train
123842,2023-02-28,train
123842,2023-03-31,train
123842,2023-04-30,train
123842,2023-05-31,train
123842,2023-06-30,train
123842,2023-07-31,train
123842,2023-08-31,train
123842,2023-09-30,train
123842,2023-10-31,train
123842,2023-11-30,train
123842,2023-12-31,train
123842,2024-01-31,train
123842,2024-02-29,train
123842,2024-03-31,train
123842,2024-04-30,train
123842,2024-05-31,train
123842,2024-06-30,train
123842,2024-07-31,train
123842,2024-08-31,train
123847,2021-07-31,train
123847,2021-08-31,train
123847,2021-09-30,train
123847,2021-10-31,train
123847,2021-11-30,train
123847,2021-12-31,train
123847,2022-01-31,train
123847,2022-02-28,train
123847,2022-03-31,train
123847,2022-04-30,train
123847,2022-05-31,train
123847,2022-06-30,train
123847,2022-07-31,train
123847,2022-08-31,train
123847,2022-09-30,train
123847,2022-10-31,train
123847,2022-11-30,train
123847,2022-12-31,train
123847,2023-01-31,train
123847,2023-02-28,train
123847,2023-03-31,train
123847,2023-04-30,train
123847,2023-05-31,train
123847,2023-06-30,train
123847,2023-07-31,train
123847,2023-08-31,train
123847,2023-09-30,train
123847,2023-10-31,train
123847,2023-11-30,train
123847,2023-12-31,train
123847,2024-01-31,train
123847,2024-02-29,train
123847,2024-03-31,train
123847,2024-04-30,train
123847,2024-05-31,train
123847,2024-06-30,train
123847,2024-07-31,train
123847,2024-08-31,train
123848,2021-07-31,train
123848,2021-08-31,train
123848,2021-09-30,train
123848,2021-10-31,train
123848,2021-11-30,train
123848,2021-12-31,train
123848,2022-01-31,train
123848,2022-02-28,train
123848,2022-03-31,train
123848,2022-04-30,train
123848,2022-05-31,train
123848,2022-06-30,train
123848,2022-07-31,train
123848,2022-08-31,train
123848,2022-09-30,train
123848,2022-10-31,train
123848,2022-11-30,train
123848,2022-12-31,train
123848,2023-01-31,train
123848,2023-02-28,train
123848,2023-03-31,train
123848,2023-04-30,train
123848,2023-05-31,train
123848,2023-06-30,train
123848,2023-07-31,train
123848,2023-08-31,train
123848,2023-09-30,train
123848,2023-10-31,train
123848,2023-11-30,train
123848,2023-12-31,train
123848,2024-01-31,train
123848,2024-02-29,train
123848,2024-03-31,train
123848,2024-04-30,train
123848,2024-05-31,train
123848,2024-06-30,train
123848,2024-07-31,train
123848,2024-08-31,train
123849,2021-07-31,train
123849,2021-08-31,train
123849,2021-09-30,train
123849,2021-10-31,train
123849,2021-11-30,train
123849,2021-12-31,train
123849,2022-01-31,train
123849,2022-02-28,train
123849,2022-03-31,train
123849,2022-04-30,train
123849,2022-05-31,train
123849,2022-06-30,train
123849,2022-07-31,train
123849,2022-08-31,train
123849,2022-09-30,train
123849,2022-10-31,train
123849,2022-11-30,train
123849,2022-12-31,train
123849,2023-01-31,train
123849,2023-02-28,train
123849,2023-03-31,train
123849,2023-04-30,train
123849,2023-05-31,train
123849,2023-06-30,train
123849,2023-07-31,train
123849,2023-08-31,train
123849,2023-09-30,train
123849,2023-10-31,train
123849,2023-11-30,train
123849,2023-12-31,train
123849,2024-01-31,train
123849,2024-02-29,train
123853,2021-07-31,train
123853,2021-08-31,train
123853,2021-09-30,train
123853,2021-10-31,train
123853,2021-11-30,train
123853,2021-12-31,train
123853,2022-01-31,train
123853,2022-02-28,train
123853,2022-03-31,train
123853,2022-04-30,train
123853,2022-05-31,train
123853,2022-06-30,train
123853,2022-07-31,train
123853,2022-08-31,train
123853,2022-09-30,train
123853,2022-10-31,train
123853,2022-11-30,train
123853,2022-12-31,train
123853,2023-01-31,train
123854,2021-07-31,train
123854,2021-08-31,train
123854,2021-09-30,train
123854,2021-10-31,train
123854,2021-11-30,train
123854,2021-12-31,train
123854,2022-01-31,train
123854,2022-02-28,train
123854,2022-03-31,train
123854,2022-04-30,train
123854,2022-05-31,train
123854,2022-06-30,train
123854,2022-07-31,train
123854,2022-08-31,train
123854,2022-09-30,train
123854,2022-10-31,train
123854,2022-11-30,train
123854,2022-12-31,train
123854,2023-01-31,train
123854,2023-02-28,train
123854,2023-03-31,train
123854,2023-04-30,train
123854,2023-05-31,train
123854,2023-06-30,train
123854,2023-07-31,train
123854,2023-08-31,train
123854,2023-09-30,train
123854,2023-10-31,train
123854,2023-11-30,train
123854,2023-12-31,train
123854,2024-01-31,train
123854,2024-02-29,train
123854,2024-03-31,train
123854,2024-04-30,train
123854,2024-05-31,train
123854,2024-06-30,train
123854,2024-07-31,train
123854,2024-08-31,train
123872,2021-07-31,train
123872,2021-08-31,train
123872,2021-09-30,train
123872,2021-10-31,train
123872,2021-11-30,train
123872,2021-12-31,train
123872,2022-01-31,train
123872,2022-02-28,train
123872,2022-03-31,train
123872,2022-04-30,train
123872,2022-05-31,train
123872,2022-06-30,train
123872,2022-07-31,train
123872,2022-08-31,train
123872,2022-09-30,train
123872,2022-10-31,train
123872,2022-11-30,train
123872,2022-12-31,train
123872,2023-01-31,train
123872,2023-02-28,train
123872,2023-03-31,train
123872,2023-04-30,train
123872,2023-05-31,train
123872,2023-06-30,train
123872,2023-07-31,train
123872,2023-08-31,train
123872,2023-09-30,train
123872,2023-10-31,train
123872,2023-11-30,train
123872,2023-12-31,train
123872,2024-01-31,train
123872,2024-02-29,train
123872,2024-03-31,train
123872,2024-04-30,train
123872,2024-05-31,train
123872,2024-06-30,train
123872,2024-07-31,train
123872,2024-08-31,train
123873,2021-07-31,train
123873,2021-08-31,train
123873,2021-09-30,train
123873,2021-10-31,train
123873,2021-11-30,train
123873,2021-12-31,train
123873,2022-01-31,train
123873,2022-02-28,train
123873,2022-03-31,train
123873,2022-04-30,train
123873,2022-05-31,train
123873,2022-06-30,train
123873,2022-07-31,train
123873,2022-08-31,train
123873,2022-09-30,train
123873,2022-10-31,train
123873,2022-11-30,train
123873,2022-12-31,train
123873,2023-01-31,train
123873,2023-02-28,train
123873,2023-03-31,train
123873,2023-04-30,train
123873,2023-05-31,train
123873,2023-06-30,train
123873,2023-07-31,train
123873,2023-08-31,train
123873,2023-09-30,train
123873,2023-10-31,train
123873,2023-11-30,train
123873,2023-12-31,train
123873,2024-01-31,train
123873,2024-02-29,train
123873,2024-03-31,train
123873,2024-04-30,train
123873,2024-05-31,train
123873,2024-06-30,train
123873,2024-07-31,train
123873,2024-08-31,train
123875,2021-07-31,train
123875,2021-08-31,train
123875,2021-09-30,train
123875,2021-10-31,train
123875,2021-11-30,train
123875,2021-12-31,train
123875,2022-01-31,train
123875,2022-02-28,train
123875,2022-03-31,train
123875,2022-04-30,train
123875,2022-05-31,train
123875,2022-06-30,train
123875,2022-07-31,train
123875,2022-08-31,train
123875,2022-09-30,train
123875,2022-10-31,train
123875,2022-11-30,train
123875,2022-12-31,train
123875,2023-01-31,train
123875,2023-02-28,train
123875,2023-03-31,train
123875,2023-04-30,train
123875,2023-05-31,train
123875,2023-06-30,train
123875,2023-07-31,train
123875,2023-08-31,train
123875,2023-09-30,train
123875,2023-10-31,train
123875,2023-11-30,train
123875,2023-12-31,train
123875,2024-01-31,train
123875,2024-02-29,train
123875,2024-03-31,train
123875,2024-04-30,train
123875,2024-05-31,train
123875,2024-06-30,train
123875,2024-07-31,train
123875,2024-08-31,train
123876,2021-07-31,train
123876,2021-08-31,train
123876,2021-09-30,train
123876,2021-10-31,train
123876,2021-11-30,train
123876,2021-12-31,train
123876,2022-01-31,train
123876,2022-02-28,train
123876,2022-03-31,train
123876,2022-04-30,train
123876,2022-05-31,train
123876,2022-06-30,train
123876,2022-07-31,train
123876,2022-08-31,train
123876,2022-09-30,train
123876,2022-10-31,train
123876,2022-11-30,train
123876,2022-12-31,train
123876,2023-01-31,train
123876,2023-02-28,train
123876,2023-03-31,train
123876,2023-04-30,train
123876,2023-05-31,train
123876,2023-06-30,train
123876,2023-07-31,train
123876,2023-08-31,train
123876,2023-09-30,train
123876,2023-10-31,train
123876,2023-11-30,train
123876,2023-12-31,train
123876,2024-01-31,train
123876,2024-02-29,train
123876,2024-03-31,train
123876,2024-04-30,train
123876,2024-05-31,train
123876,2024-06-30,train
123876,2024-07-31,train
123876,2024-08-31,train
123877,2021-07-31,train
123877,2021-08-31,train
123877,2021-09-30,train
123877,2021-10-31,train
123877,2021-11-30,train
123877,2021-12-31,train
123877,2022-01-31,train
123877,2022-02-28,train
123877,2022-03-31,train
123877,2022-04-30,train
123877,2022-05-31,train
123877,2022-06-30,train
123877,2022-07-31,train
123877,2022-08-31,train
123877,2022-09-30,train
123877,2022-10-31,train
123877,2022-11-30,train
123877,2022-12-31,train
123877,2023-01-31,train
123877,2023-02-28,train
123877,2023-03-31,train
123877,2023-04-30,train
123877,2023-05-31,train
123877,2023-06-30,train
123877,2023-07-31,train
123877,2023-08-31,train
123877,2023-09-30,train
123877,2023-10-31,train
123877,2023-11-30,train
123877,2023-12-31,train
123877,2024-01-31,train
123877,2024-02-29,train
123877,2024-03-31,train
123877,2024-04-30,train
123877,2024-05-31,train
123877,2024-06-30,train
123877,2024-07-31,train
123877,2024-08-31,train
123878,2021-07-31,train
123878,2021-08-31,train
123878,2021-09-30,train
123878,2021-10-31,train
123878,2021-11-30,train
123878,2021-12-31,train
123878,2022-01-31,train
123878,2022-02-28,train
123878,2022-03-31,train
123878,2022-04-30,train
123878,2022-05-31,train
123878,2022-06-30,train
123878,2022-07-31,train
123878,2022-08-31,train
123878,2022-09-30,train
123878,2022-10-31,train
123878,2022-11-30,train
123878,2022-12-31,train
123878,2023-01-31,train
123878,2023-02-28,train
123878,2023-03-31,train
123878,2023-04-30,train
123878,2023-05-31,train
123878,2023-06-30,train
123878,2023-07-31,train
123878,2023-08-31,train
123878,2023-09-30,train
123878,2023-10-31,train
123878,2023-11-30,train
123878,2023-12-31,train
123878,2024-01-31,train
123878,2024-02-29,train
123878,2024-03-31,train
123878,2024-04-30,train
123878,2024-05-31,train
123878,2024-06-30,train
123878,2024-07-31,train
123878,2024-08-31,train
123879,2021-07-31,train
123879,2021-08-31,train
123879,2021-09-30,train
123879,2021-10-31,train
123879,2021-11-30,train
123879,2021-12-31,train
123879,2022-01-31,train
123879,2022-02-28,train
123879,2022-03-31,train
123879,2022-04-30,train
123879,2022-05-31,train
123879,2022-06-30,train
123879,2022-07-31,train
123879,2022-08-31,train
123879,2022-09-30,train
123879,2022-10-31,train
123879,2022-11-30,train
123879,2022-12-31,train
123879,2023-01-31,train
123879,2023-02-28,train
123879,2023-03-31,train
123879,2023-04-30,train
123879,2023-05-31,train
123879,2023-06-30,train
123879,2023-07-31,train
123879,2023-08-31,train
123879,2023-09-30,train
123879,2023-10-31,train
123879,2023-11-30,train
123879,2023-12-31,train
123879,2024-01-31,train
123879,2024-02-29,train
123879,2024-03-31,train
123879,2024-04-30,train
123879,2024-05-31,train
123879,2024-06-30,train
123879,2024-07-31,train
123879,2024-08-31,train
123880,2024-05-31,train
123880,2024-06-30,train
123880,2024-07-31,train
123880,2024-08-31,train
123881,2024-05-31,train
123881,2024-06-30,train
123881,2024-07-31,train
123881,2024-08-31,train
123884,2021-07-31,train
123884,2021-08-31,train
123884,2021-09-30,train
123884,2021-10-31,train
123884,2021-11-30,train
123884,2021-12-31,train
123884,2022-01-31,train
123884,2022-02-28,train
123884,2022-03-31,train
123884,2022-04-30,train
123884,2022-05-31,train
123884,2022-06-30,train
123884,2022-07-31,train
123884,2022-08-31,train
123884,2022-09-30,train
123884,2022-10-31,train
123884,2022-11-30,train
123884,2022-12-31,train
123884,2023-01-31,train
123884,2023-02-28,train
123884,2023-03-31,train
123884,2023-04-30,train
123884,2023-05-31,train
123884,2023-06-30,train
123884,2023-07-31,train
123884,2023-08-31,train
123884,2023-09-30,train
123884,2023-10-31,train
123884,2023-11-30,train
123884,2023-12-31,train
123884,2024-01-31,train
123884,2024-02-29,train
123884,2024-03-31,train
123884,2024-04-30,train
123884,2024-05-31,train
123884,2024-06-30,train
123884,2024-07-31,train
123884,2024-08-31,train
123885,2021-07-31,train
123885,2021-08-31,train
123885,2021-09-30,train
123885,2021-10-31,train
123885,2021-11-30,train
123885,2021-12-31,train
123885,2022-01-31,train
123885,2022-02-28,train
123885,2022-03-31,train
123885,2022-04-30,train
123885,2022-05-31,train
123885,2022-06-30,train
123885,2022-07-31,train
123885,2022-08-31,train
123885,2022-09-30,train
123885,2022-10-31,train
123885,2022-11-30,train
123885,2022-12-31,train
123885,2023-01-31,train
123885,2023-02-28,train
123885,2023-03-31,train
123885,2023-04-30,train
123885,2023-05-31,train
123885,2023-06-30,train
123885,2023-07-31,train
123885,2023-08-31,train
123885,2023-09-30,train
123885,2023-10-31,train
123885,2023-11-30,train
123885,2023-12-31,train
123885,2024-01-31,train
123885,2024-02-29,train
123885,2024-03-31,train
123885,2024-04-30,train
123885,2024-05-31,train
123885,2024-06-30,train
123885,2024-07-31,train
123885,2024-08-31,train
123894,2021-07-31,train
123894,2021-08-31,train
123894,2021-09-30,train
123894,2021-10-31,train
123894,2021-11-30,train
123894,2021-12-31,train
123894,2022-01-31,train
123894,2022-02-28,train
123894,2022-03-31,train
123894,2022-04-30,train
123894,2022-05-31,train
123894,2022-06-30,train
123894,2022-07-31,train
123894,2022-08-31,train
123894,2022-09-30,train
123894,2022-10-31,train
123894,2022-11-30,train
123894,2022-12-31,train
123894,2023-01-31,train
123894,2023-02-28,train
123894,2023-03-31,train
123895,2021-07-31,train
123895,2021-08-31,train
123895,2021-09-30,train
123895,2021-10-31,train
123895,2021-11-30,train
123895,2021-12-31,train
123895,2022-01-31,train
123895,2022-02-28,train
123895,2022-03-31,train
123895,2022-04-30,train
123895,2022-05-31,train
123895,2022-06-30,train
123895,2022-07-31,train
123895,2022-08-31,train
123895,2022-09-30,train
123895,2022-10-31,train
123895,2022-11-30,train
123895,2022-12-31,train
123895,2023-01-31,train
123895,2023-02-28,train
123895,2023-03-31,train
123895,2023-04-30,train
123895,2023-05-31,train
123895,2023-06-30,train
123895,2023-07-31,train
123895,2023-08-31,train
123895,2023-09-30,train
123895,2023-10-31,train
123895,2023-11-30,train
123895,2023-12-31,train
123895,2024-01-31,train
123895,2024-02-29,train
123895,2024-03-31,train
123895,2024-04-30,train
123895,2024-05-31,train
123895,2024-06-30,train
123895,2024-07-31,train
123895,2024-08-31,train
123896,2021-07-31,train
123896,2021-08-31,train
123896,2021-09-30,train
123896,2021-10-31,train
123896,2021-11-30,train
123896,2021-12-31,train
123896,2022-01-31,train
123896,2022-02-28,train
123896,2022-03-31,train
123896,2022-04-30,train
123896,2022-05-31,train
123896,2022-06-30,train
123896,2022-07-31,train
123896,2022-08-31,train
123896,2022-09-30,train
123896,2022-10-31,train
123896,2022-11-30,train
123896,2022-12-31,train
123896,2023-01-31,train
123896,2023-02-28,train
123896,2023-03-31,train
123896,2023-04-30,train
123896,2023-05-31,train
123896,2023-06-30,train
123896,2023-07-31,train
123896,2023-08-31,train
123896,2023-09-30,train
123896,2023-10-31,train
123896,2023-11-30,train
123896,2023-12-31,train
123896,2024-01-31,train
123896,2024-02-29,train
123896,2024-03-31,train
123896,2024-04-30,train
123896,2024-05-31,train
123896,2024-06-30,train
123896,2024-07-31,train
123896,2024-08-31,train
123898,2021-07-31,train
123898,2021-08-31,train
123898,2021-09-30,train
123898,2021-10-31,train
123898,2021-11-30,train
123898,2021-12-31,train
123898,2022-01-31,train
123898,2022-02-28,train
123898,2022-03-31,train
123898,2022-04-30,train
123898,2022-05-31,train
123898,2022-06-30,train
123898,2022-07-31,train
123898,2022-08-31,train
123899,2021-07-31,train
123899,2021-08-31,train
123899,2021-09-30,train
123899,2021-10-31,train
123899,2021-11-30,train
123899,2021-12-31,train
123899,2022-01-31,train
123899,2022-02-28,train
123899,2022-03-31,train
123899,2022-04-30,train
123899,2022-05-31,train
123899,2022-06-30,train
123899,2022-07-31,train
123899,2022-08-31,train
123902,2021-07-31,train
123902,2021-08-31,train
123902,2021-09-30,train
123902,2021-10-31,train
123902,2021-11-30,train
123902,2021-12-31,train
123902,2022-01-31,train
123902,2022-02-28,train
123902,2022-03-31,train
123902,2022-04-30,train
123902,2022-05-31,train
123902,2022-06-30,train
123902,2022-07-31,train
123902,2022-08-31,train
123902,2022-09-30,train
123902,2022-10-31,train
123902,2022-11-30,train
123902,2022-12-31,train
123902,2023-01-31,train
123902,2023-02-28,train
123902,2023-03-31,train
123902,2023-04-30,train
123902,2023-05-31,train
123902,2023-06-30,train
123902,2023-07-31,train
123902,2023-08-31,train
123902,2023-09-30,train
123902,2023-10-31,train
123902,2023-11-30,train
123902,2023-12-31,train
123902,2024-01-31,train
123902,2024-02-29,train
123902,2024-03-31,train
123902,2024-04-30,train
123902,2024-05-31,train
123902,2024-06-30,train
123902,2024-07-31,train
123902,2024-08-31,train
123909,2021-07-31,train
123909,2021-08-31,train
123909,2021-09-30,train
123909,2021-10-31,train
123909,2021-11-30,train
123909,2021-12-31,train
123909,2022-01-31,train
123909,2022-02-28,train
123909,2022-03-31,train
123909,2022-04-30,train
123909,2022-05-31,train
123909,2022-06-30,train
123909,2022-07-31,train
123909,2022-08-31,train
123909,2022-09-30,train
123909,2022-10-31,train
123909,2022-11-30,train
123909,2022-12-31,train
123909,2023-01-31,train
123909,2023-02-28,train
123909,2023-03-31,train
123909,2023-04-30,train
123909,2023-05-31,train
123909,2023-06-30,train
123909,2023-07-31,train
123909,2023-08-31,train
123909,2023-09-30,train
123909,2023-10-31,train
123909,2023-11-30,train
123909,2023-12-31,train
123909,2024-01-31,train
123909,2024-02-29,train
123909,2024-03-31,train
123909,2024-04-30,train
123909,2024-05-31,train
123909,2024-06-30,train
123909,2024-07-31,train
123909,2024-08-31,train
123917,2022-08-31,train
123917,2022-09-30,train
123917,2022-10-31,train
123917,2022-11-30,train
123917,2022-12-31,train
123917,2023-01-31,train
123917,2023-02-28,train
123917,2023-03-31,train
123917,2023-04-30,train
123917,2023-05-31,train
123917,2023-06-30,train
123917,2023-07-31,train
123917,2023-08-31,train
123917,2023-09-30,train
123917,2023-10-31,train
123917,2023-11-30,train
123917,2023-12-31,train
123917,2024-01-31,train
123917,2024-02-29,train
123917,2024-03-31,train
123917,2024-04-30,train
123917,2024-05-31,train
123917,2024-06-30,train
123917,2024-07-31,train
123917,2024-08-31,train
123920,2021-07-31,train
123920,2021-08-31,train
123920,2021-09-30,train
123920,2021-10-31,train
123920,2021-11-30,train
123920,2021-12-31,train
123920,2022-01-31,train
123920,2022-02-28,train
123920,2022-03-31,train
123920,2022-04-30,train
123920,2022-05-31,train
123920,2022-06-30,train
123920,2022-07-31,train
123920,2022-08-31,train
123920,2022-09-30,train
123920,2022-10-31,train
123920,2022-11-30,train
123920,2022-12-31,train
123920,2023-01-31,train
123920,2023-02-28,train
123920,2023-03-31,train
123920,2023-04-30,train
123920,2023-05-31,train
123920,2023-06-30,train
123920,2023-07-31,train
123921,2021-07-31,train
123921,2021-08-31,train
123921,2021-09-30,train
123921,2021-10-31,train
123921,2021-11-30,train
123921,2021-12-31,train
123921,2022-01-31,train
123921,2022-02-28,train
123921,2022-03-31,train
123921,2022-04-30,train
123921,2022-05-31,train
123921,2022-06-30,train
123921,2022-07-31,train
123921,2022-08-31,train
123921,2022-09-30,train
123921,2022-10-31,train
123921,2022-11-30,train
123921,2022-12-31,train
123921,2023-01-31,train
123921,2023-02-28,train
123921,2023-03-31,train
123921,2023-04-30,train
123921,2023-05-31,train
123921,2023-06-30,train
123921,2023-07-31,train
123927,2021-07-31,train
123927,2021-08-31,train
123927,2021-09-30,train
123927,2021-10-31,train
123927,2021-11-30,train
123927,2021-12-31,train
123927,2022-01-31,train
123927,2022-02-28,train
123927,2022-03-31,train
123927,2022-04-30,train
123927,2022-05-31,train
123927,2022-06-30,train
123927,2022-07-31,train
123927,2022-08-31,train
123927,2022-09-30,train
123927,2022-10-31,train
123927,2022-11-30,train
123927,2022-12-31,train
123927,2023-01-31,train
123927,2023-02-28,train
123927,2023-03-31,train
123927,2023-04-30,train
123927,2023-05-31,train
123927,2023-06-30,train
123927,2023-07-31,train
123927,2023-08-31,train
123927,2023-09-30,train
123927,2023-10-31,train
123927,2023-11-30,train
123927,2023-12-31,train
123927,2024-01-31,train
123927,2024-02-29,train
123927,2024-03-31,train
123927,2024-04-30,train
123927,2024-05-31,train
123927,2024-06-30,train
123927,2024-07-31,train
123927,2024-08-31,train
123935,2024-06-30,train
123935,2024-07-31,train
123935,2024-08-31,train
123948,2023-09-30,train
123948,2023-10-31,train
123948,2023-11-30,train
123948,2023-12-31,train
123948,2024-01-31,train
123948,2024-02-29,train
123948,2024-03-31,train
123948,2024-04-30,train
123948,2024-05-31,train
123948,2024-06-30,train
123948,2024-07-31,train
123948,2024-08-31,train
123953,2021-07-31,train
123953,2021-08-31,train
123953,2021-09-30,train
123953,2021-10-31,train
123953,2021-11-30,train
123953,2021-12-31,train
123953,2022-01-31,train
123953,2022-02-28,train
123953,2022-03-31,train
123953,2022-04-30,train
123953,2022-05-31,train
123953,2022-06-30,train
123953,2022-07-31,train
123953,2022-08-31,train
123953,2022-09-30,train
123953,2022-10-31,train
123953,2022-11-30,train
123953,2022-12-31,train
123953,2023-01-31,train
123953,2023-02-28,train
123953,2023-03-31,train
123953,2023-04-30,train
123953,2023-05-31,train
123953,2023-06-30,train
123953,2023-07-31,train
123953,2023-08-31,train
123953,2023-09-30,train
123953,2023-10-31,train
123953,2023-11-30,train
123953,2023-12-31,train
123953,2024-01-31,train
123953,2024-02-29,train
123953,2024-03-31,train
123953,2024-04-30,train
123953,2024-05-31,train
123953,2024-06-30,train
123953,2024-07-31,train
123953,2024-08-31,train
123954,2021-07-31,train
123954,2021-08-31,train
123954,2021-09-30,train
123954,2021-10-31,train
123954,2021-11-30,train
123954,2021-12-31,train
123954,2022-01-31,train
123954,2022-02-28,train
123954,2022-03-31,train
123954,2022-04-30,train
123954,2022-05-31,train
123954,2022-06-30,train
123954,2022-07-31,train
123954,2022-08-31,train
123954,2022-09-30,train
123954,2022-10-31,train
123954,2022-11-30,train
123954,2022-12-31,train
123954,2023-01-31,train
123954,2023-02-28,train
123954,2023-03-31,train
123954,2023-04-30,train
123954,2023-05-31,train
123954,2023-06-30,train
123954,2023-07-31,train
123954,2023-08-31,train
123954,2023-09-30,train
123954,2023-10-31,train
123954,2023-11-30,train
123954,2023-12-31,train
123954,2024-01-31,train
123954,2024-02-29,train
123954,2024-03-31,train
123954,2024-04-30,train
123954,2024-05-31,train
123954,2024-06-30,train
123954,2024-07-31,train
123954,2024-08-31,train
123955,2021-07-31,train
123955,2021-08-31,train
123955,2021-09-30,train
123955,2021-10-31,train
123955,2021-11-30,train
123955,2021-12-31,train
123955,2022-01-31,train
123955,2022-02-28,train
123955,2022-03-31,train
123955,2022-04-30,train
123955,2022-05-31,train
123955,2022-06-30,train
123955,2022-07-31,train
123955,2022-08-31,train
123955,2022-09-30,train
123955,2022-10-31,train
123955,2022-11-30,train
123955,2022-12-31,train
123955,2023-01-31,train
123955,2023-02-28,train
123955,2023-03-31,train
123955,2023-04-30,train
123955,2023-05-31,train
123955,2023-06-30,train
123955,2023-07-31,train
123955,2023-08-31,train
123955,2023-09-30,train
123955,2023-10-31,train
123955,2023-11-30,train
123955,2023-12-31,train
123955,2024-01-31,train
123955,2024-02-29,train
123955,2024-03-31,train
123955,2024-04-30,train
123955,2024-05-31,train
123955,2024-06-30,train
123955,2024-07-31,train
123955,2024-08-31,train
123963,2024-06-30,train
123963,2024-07-31,train
123963,2024-08-31,train
123964,2024-06-30,train
123964,2024-07-31,train
123964,2024-08-31,train
123965,2021-07-31,train
123965,2021-08-31,train
123965,2021-09-30,train
123965,2021-10-31,train
123965,2021-11-30,train
123965,2021-12-31,train
123965,2022-01-31,train
123965,2022-02-28,train
123965,2022-03-31,train
123965,2022-04-30,train
123965,2022-05-31,train
123965,2022-06-30,train
123965,2022-07-31,train
123965,2022-08-31,train
123965,2022-09-30,train
123965,2022-10-31,train
123965,2022-11-30,train
123965,2022-12-31,train
123965,2023-01-31,train
123965,2023-02-28,train
123965,2023-03-31,train
123965,2023-04-30,train
123965,2023-05-31,train
123965,2023-06-30,train
123965,2023-07-31,train
123965,2023-08-31,train
123965,2023-09-30,train
123965,2023-10-31,train
123965,2023-11-30,train
123965,2023-12-31,train
123965,2024-01-31,train
123965,2024-02-29,train
123965,2024-03-31,train
123965,2024-04-30,train
123965,2024-05-31,train
123965,2024-06-30,train
123965,2024-07-31,train
123965,2024-08-31,train
123966,2021-07-31,train
123966,2021-08-31,train
123966,2021-09-30,train
123966,2021-10-31,train
123966,2021-11-30,train
123966,2021-12-31,train
123966,2022-01-31,train
123966,2022-02-28,train
123966,2022-03-31,train
123966,2022-04-30,train
123966,2022-05-31,train
123966,2022-06-30,train
123966,2022-07-31,train
123966,2022-08-31,train
123966,2022-09-30,train
123966,2022-10-31,train
123966,2022-11-30,train
123966,2022-12-31,train
123966,2023-01-31,train
123966,2023-02-28,train
123966,2023-03-31,train
123966,2023-04-30,train
123966,2023-05-31,train
123966,2023-06-30,train
123966,2023-07-31,train
123966,2023-08-31,train
123966,2023-09-30,train
123966,2023-10-31,train
123966,2023-11-30,train
123966,2023-12-31,train
123966,2024-01-31,train
123966,2024-02-29,train
123966,2024-03-31,train
123966,2024-04-30,train
123966,2024-05-31,train
123966,2024-06-30,train
123966,2024-07-31,train
123966,2024-08-31,train
123968,2021-07-31,train
123968,2021-08-31,train
123968,2021-09-30,train
123968,2021-10-31,train
123968,2021-11-30,train
123968,2021-12-31,train
123968,2022-01-31,train
123968,2022-02-28,train
123968,2022-03-31,train
123968,2022-04-30,train
123968,2022-05-31,train
123968,2022-06-30,train
123968,2022-07-31,train
123968,2022-08-31,train
123968,2022-09-30,train
123968,2022-10-31,train
123968,2022-11-30,train
123968,2022-12-31,train
123968,2023-01-31,train
123968,2023-02-28,train
123968,2023-03-31,train
123968,2023-04-30,train
123968,2023-05-31,train
123968,2023-06-30,train
123968,2023-07-31,train
123968,2023-08-31,train
123968,2023-09-30,train
123968,2023-10-31,train
123968,2023-11-30,train
123968,2023-12-31,train
123968,2024-01-31,train
123968,2024-02-29,train
123968,2024-03-31,train
123968,2024-04-30,train
123968,2024-05-31,train
123968,2024-06-30,train
123968,2024-07-31,train
123968,2024-08-31,train
123985,2021-07-31,train
123985,2021-08-31,train
123985,2021-09-30,train
123985,2021-10-31,train
123985,2021-11-30,train
123985,2021-12-31,train
123985,2022-01-31,train
123985,2022-02-28,train
123985,2022-03-31,train
123985,2022-04-30,train
123985,2022-05-31,train
123985,2022-06-30,train
123985,2022-07-31,train
123985,2022-08-31,train
123985,2022-09-30,train
123985,2022-10-31,train
123985,2022-11-30,train
123985,2022-12-31,train
123985,2023-01-31,train
123985,2023-02-28,train
123985,2023-03-31,train
123985,2023-04-30,train
123985,2023-05-31,train
123985,2023-06-30,train
123985,2023-07-31,train
123985,2023-08-31,train
123985,2023-09-30,train
123985,2023-10-31,train
123985,2023-11-30,train
123985,2023-12-31,train
123985,2024-01-31,train
123985,2024-02-29,train
123985,2024-03-31,train
123985,2024-04-30,train
123985,2024-05-31,train
123985,2024-06-30,train
123985,2024-07-31,train
123985,2024-08-31,train
123986,2021-07-31,train
123986,2021-08-31,train
123986,2021-09-30,train
123986,2021-10-31,train
123986,2021-11-30,train
123986,2021-12-31,train
123986,2022-01-31,train
123986,2022-02-28,train
123986,2022-03-31,train
123986,2022-04-30,train
123986,2022-05-31,train
123986,2022-06-30,train
123986,2022-07-31,train
123986,2022-08-31,train
123986,2022-09-30,train
123986,2022-10-31,train
123986,2022-11-30,train
123986,2022-12-31,train
123986,2023-01-31,train
123986,2023-02-28,train
123986,2023-03-31,train
123986,2023-04-30,train
123986,2023-05-31,train
123986,2023-06-30,train
123986,2023-07-31,train
123986,2023-08-31,train
123986,2023-09-30,train
123986,2023-10-31,train
123986,2023-11-30,train
123986,2023-12-31,train
123986,2024-01-31,train
123986,2024-02-29,train
123986,2024-03-31,train
123986,2024-04-30,train
123986,2024-05-31,train
123986,2024-06-30,train
123986,2024-07-31,train
123986,2024-08-31,train
123988,2021-07-31,train
123988,2021-08-31,train
123988,2021-09-30,train
123988,2021-10-31,train
123988,2021-11-30,train
123988,2021-12-31,train
123988,2022-01-31,train
123988,2022-02-28,train
123988,2022-03-31,train
123988,2022-04-30,train
123988,2022-05-31,train
123988,2022-06-30,train
123988,2022-07-31,train
123988,2022-08-31,train
123988,2022-09-30,train
123988,2022-10-31,train
123988,2022-11-30,train
123988,2022-12-31,train
123988,2023-01-31,train
123988,2023-02-28,train
123988,2023-03-31,train
123988,2023-04-30,train
123988,2023-05-31,train
123988,2023-06-30,train
123988,2023-07-31,train
123988,2023-08-31,train
123988,2023-09-30,train
123988,2023-10-31,train
123988,2023-11-30,train
123988,2023-12-31,train
123988,2024-01-31,train
123991,2021-07-31,train
123991,2021-08-31,train
123991,2021-09-30,train
123991,2021-10-31,train
123991,2021-11-30,train
123991,2021-12-31,train
123991,2022-01-31,train
123991,2022-02-28,train
123991,2022-03-31,train
123991,2022-04-30,train
123991,2022-05-31,train
123991,2022-06-30,train
123991,2022-07-31,train
123991,2022-08-31,train
123991,2022-09-30,train
123991,2022-10-31,train
123991,2022-11-30,train
123991,2022-12-31,train
123991,2023-01-31,train
123991,2023-02-28,train
123991,2023-03-31,train
123991,2023-04-30,train
123991,2023-05-31,train
123991,2023-06-30,train
123991,2023-07-31,train
123991,2023-08-31,train
123991,2023-09-30,train
123991,2023-10-31,train
123991,2023-11-30,train
123991,2023-12-31,train
123991,2024-01-31,train
123991,2024-02-29,train
123991,2024-03-31,train
123991,2024-04-30,train
123991,2024-05-31,train
123991,2024-06-30,train
123991,2024-07-31,train
123991,2024-08-31,train
123992,2021-07-31,train
123992,2021-08-31,train
123992,2021-09-30,train
123992,2021-10-31,train
123992,2021-11-30,train
123992,2021-12-31,train
123992,2022-01-31,train
123992,2022-02-28,train
123992,2022-03-31,train
123992,2022-04-30,train
123992,2022-05-31,train
123992,2022-06-30,train
123992,2022-07-31,train
123992,2022-08-31,train
123992,2022-09-30,train
123992,2022-10-31,train
123992,2022-11-30,train
123992,2022-12-31,train
123992,2023-01-31,train
123992,2023-02-28,train
123992,2023-03-31,train
123992,2023-04-30,train
123992,2023-05-31,train
123996,2021-07-31,train
123996,2021-08-31,train
123996,2021-09-30,train
123996,2021-10-31,train
123996,2021-11-30,train
123996,2021-12-31,train
123996,2022-01-31,train
123996,2022-02-28,train
123996,2022-03-31,train
123996,2022-04-30,train
123996,2022-05-31,train
123996,2022-06-30,train
123996,2022-07-31,train
123996,2022-08-31,train
123996,2022-09-30,train
123996,2022-10-31,train
123996,2022-11-30,train
123996,2022-12-31,train
123996,2023-01-31,train
123996,2023-02-28,train
123996,2023-03-31,train
123996,2023-04-30,train
123996,2023-05-31,train
123996,2023-06-30,train
123996,2023-07-31,train
123996,2023-08-31,train
123996,2023-09-30,train
123996,2023-10-31,train
123996,2023-11-30,train
123996,2023-12-31,train
123996,2024-01-31,train
123996,2024-02-29,train
123996,2024-03-31,train
123996,2024-04-30,train
123996,2024-05-31,train
123996,2024-06-30,train
123996,2024-07-31,train
123996,2024-08-31,train
123997,2021-07-31,train
123997,2021-08-31,train
123997,2021-09-30,train
123997,2021-10-31,train
123997,2021-11-30,train
123997,2021-12-31,train
123997,2022-01-31,train
123997,2022-02-28,train
123997,2022-03-31,train
123997,2022-04-30,train
123997,2022-05-31,train
123997,2022-06-30,train
123997,2022-07-31,train
123997,2022-08-31,train
123997,2022-09-30,train
123997,2022-10-31,train
123997,2022-11-30,train
123997,2022-12-31,train
123997,2023-01-31,train
123997,2023-02-28,train
123997,2023-03-31,train
123997,2023-04-30,train
123997,2023-05-31,train
123997,2023-06-30,train
123997,2023-07-31,train
123997,2023-08-31,train
123997,2023-09-30,train
123997,2023-10-31,train
123997,2023-11-30,train
123997,2023-12-31,train
123997,2024-01-31,train
123997,2024-02-29,train
123997,2024-03-31,train
123997,2024-04-30,train
123997,2024-05-31,train
123997,2024-06-30,train
123997,2024-07-31,train
123997,2024-08-31,train
123999,2022-12-31,train
123999,2023-01-31,train
123999,2023-02-28,train
123999,2023-03-31,train
123999,2023-04-30,train
123999,2023-05-31,train
123999,2023-06-30,train
123999,2023-07-31,train
123999,2023-08-31,train
123999,2023-09-30,train
123999,2023-10-31,train
123999,2023-11-30,train
123999,2023-12-31,train
123999,2024-01-31,train
123999,2024-02-29,train
123999,2024-03-31,train
123999,2024-04-30,train
123999,2024-05-31,train
123999,2024-06-30,train
123999,2024-07-31,train
123999,2024-08-31,train
124006,2021-07-31,train
124006,2021-08-31,train
124006,2021-09-30,train
124006,2021-10-31,train
124006,2021-11-30,train
124006,2021-12-31,train
124006,2022-01-31,train
124006,2022-02-28,train
124006,2022-03-31,train
124006,2022-04-30,train
124006,2022-05-31,train
124006,2022-06-30,train
124006,2022-07-31,train
124006,2022-08-31,train
124006,2022-09-30,train
124006,2022-10-31,train
124006,2022-11-30,train
124006,2022-12-31,train
124006,2023-01-31,train
124006,2023-02-28,train
124006,2023-03-31,train
124006,2023-04-30,train
124006,2023-05-31,train
124006,2023-06-30,train
124006,2023-07-31,train
124006,2023-08-31,train
124006,2023-09-30,train
124006,2023-10-31,train
124006,2023-11-30,train
124006,2023-12-31,train
124006,2024-01-31,train
124006,2024-02-29,train
124006,2024-03-31,train
124006,2024-04-30,train
124006,2024-05-31,train
124006,2024-06-30,train
124006,2024-07-31,train
124006,2024-08-31,train
124009,2021-07-31,train
124009,2021-08-31,train
124009,2021-09-30,train
124009,2021-10-31,train
124009,2021-11-30,train
124009,2021-12-31,train
124009,2022-01-31,train
124009,2022-02-28,train
124009,2022-03-31,train
124009,2022-04-30,train
124009,2022-05-31,train
124009,2022-06-30,train
124009,2022-07-31,train
124009,2022-08-31,train
124009,2022-09-30,train
124009,2022-10-31,train
124009,2022-11-30,train
124009,2022-12-31,train
124009,2023-01-31,train
124009,2023-02-28,train
124009,2023-03-31,train
124009,2023-04-30,train
124009,2023-05-31,train
124009,2023-06-30,train
124009,2023-07-31,train
124009,2023-08-31,train
124009,2023-09-30,train
124009,2023-10-31,train
124009,2023-11-30,train
124009,2023-12-31,train
124009,2024-01-31,train
124009,2024-02-29,train
124009,2024-03-31,train
124009,2024-04-30,train
124009,2024-05-31,train
124009,2024-06-30,train
124009,2024-07-31,train
124009,2024-08-31,train
124018,2021-07-31,train
124018,2021-08-31,train
124018,2021-09-30,train
124018,2021-10-31,train
124018,2021-11-30,train
124018,2021-12-31,train
124018,2022-01-31,train
124018,2022-02-28,train
124018,2022-03-31,train
124018,2022-04-30,train
124018,2022-05-31,train
124018,2022-06-30,train
124018,2022-07-31,train
124018,2022-08-31,train
124018,2022-09-30,train
124018,2022-10-31,train
124018,2022-11-30,train
124018,2022-12-31,train
124018,2023-01-31,train
124018,2023-02-28,train
124018,2023-03-31,train
124018,2023-04-30,train
124018,2023-05-31,train
124018,2023-06-30,train
124018,2023-07-31,train
124018,2023-08-31,train
124018,2023-09-30,train
124018,2023-10-31,train
124018,2023-11-30,train
124018,2023-12-31,train
124018,2024-01-31,train
124018,2024-02-29,train
124018,2024-03-31,train
124018,2024-04-30,train
124018,2024-05-31,train
124018,2024-06-30,train
124018,2024-07-31,train
124018,2024-08-31,train
124025,2021-07-31,train
124025,2021-08-31,train
124025,2021-09-30,train
124025,2021-10-31,train
124025,2021-11-30,train
124025,2021-12-31,train
124025,2022-01-31,train
124025,2022-02-28,train
124025,2022-03-31,train
124025,2022-04-30,train
124025,2022-05-31,train
124025,2022-06-30,train
124025,2022-07-31,train
124025,2022-08-31,train
124025,2022-09-30,train
124025,2022-10-31,train
124025,2022-11-30,train
124025,2022-12-31,train
124025,2023-01-31,train
124025,2023-02-28,train
124026,2021-07-31,train
124026,2021-08-31,train
124026,2021-09-30,train
124026,2021-10-31,train
124026,2021-11-30,train
124026,2021-12-31,train
124026,2022-01-31,train
124026,2022-02-28,train
124026,2022-03-31,train
124026,2022-04-30,train
124026,2022-05-31,train
124026,2022-06-30,train
124026,2022-07-31,train
124026,2022-08-31,train
124026,2022-09-30,train
124026,2022-10-31,train
124026,2022-11-30,train
124026,2022-12-31,train
124026,2023-01-31,train
124026,2023-02-28,train
124029,2021-07-31,train
124029,2021-08-31,train
124029,2021-09-30,train
124029,2021-10-31,train
124029,2021-11-30,train
124029,2021-12-31,train
124029,2022-01-31,train
124029,2022-02-28,train
124029,2022-03-31,train
124029,2022-04-30,train
124029,2022-05-31,train
124029,2022-06-30,train
124029,2022-07-31,train
124029,2022-08-31,train
124029,2022-09-30,train
124029,2022-10-31,train
124029,2022-11-30,train
124029,2022-12-31,train
124029,2023-01-31,train
124029,2023-02-28,train
124029,2023-03-31,train
124029,2023-04-30,train
124029,2023-05-31,train
124029,2023-06-30,train
124029,2023-07-31,train
124029,2023-08-31,train
124029,2023-09-30,train
124029,2023-10-31,train
124029,2023-11-30,train
124029,2023-12-31,train
124029,2024-01-31,train
124029,2024-02-29,train
124029,2024-03-31,train
124029,2024-04-30,train
124029,2024-05-31,train
124029,2024-06-30,train
124029,2024-07-31,train
124029,2024-08-31,train
124030,2021-07-31,train
124030,2021-08-31,train
124030,2021-09-30,train
124030,2021-10-31,train
124030,2021-11-30,train
124030,2021-12-31,train
124030,2022-01-31,train
124030,2022-02-28,train
124030,2022-03-31,train
124030,2022-04-30,train
124030,2022-05-31,train
124030,2022-06-30,train
124030,2022-07-31,train
124030,2022-08-31,train
124030,2022-09-30,train
124030,2022-10-31,train
124030,2022-11-30,train
124030,2022-12-31,train
124030,2023-01-31,train
124030,2023-02-28,train
124030,2023-03-31,train
124030,2023-04-30,train
124030,2023-05-31,train
124030,2023-06-30,train
124030,2023-07-31,train
124030,2023-08-31,train
124030,2023-09-30,train
124030,2023-10-31,train
124030,2023-11-30,train
124030,2023-12-31,train
124030,2024-01-31,train
124030,2024-02-29,train
124030,2024-03-31,train
124030,2024-04-30,train
124030,2024-05-31,train
124030,2024-06-30,train
124030,2024-07-31,train
124030,2024-08-31,train
124031,2021-07-31,train
124031,2021-08-31,train
124031,2021-09-30,train
124031,2021-10-31,train
124031,2021-11-30,train
124031,2021-12-31,train
124031,2022-01-31,train
124031,2022-02-28,train
124031,2022-03-31,train
124031,2022-04-30,train
124031,2022-05-31,train
124031,2022-06-30,train
124031,2022-07-31,train
124031,2022-08-31,train
124031,2022-09-30,train
124031,2022-10-31,train
124031,2022-11-30,train
124031,2022-12-31,train
124031,2023-01-31,train
124031,2023-02-28,train
124031,2023-03-31,train
124031,2023-04-30,train
124031,2023-05-31,train
124031,2023-06-30,train
124031,2023-07-31,train
124031,2023-08-31,train
124031,2023-09-30,train
124031,2023-10-31,train
124031,2023-11-30,train
124031,2023-12-31,train
124031,2024-01-31,train
124031,2024-02-29,train
124031,2024-03-31,train
124031,2024-04-30,train
124031,2024-05-31,train
124031,2024-06-30,train
124031,2024-07-31,train
124031,2024-08-31,train
124056,2021-07-31,train
124056,2021-08-31,train
124056,2021-09-30,train
124056,2021-10-31,train
124056,2021-11-30,train
124056,2021-12-31,train
124056,2022-01-31,train
124056,2022-02-28,train
124056,2022-03-31,train
124056,2022-04-30,train
124056,2022-05-31,train
124056,2022-06-30,train
124056,2022-07-31,train
124056,2022-08-31,train
124056,2022-09-30,train
124056,2022-10-31,train
124056,2022-11-30,train
124056,2022-12-31,train
124056,2023-01-31,train
124056,2023-02-28,train
124056,2023-03-31,train
124056,2023-04-30,train
124056,2023-05-31,train
124056,2023-06-30,train
124056,2023-07-31,train
124056,2023-08-31,train
124056,2023-09-30,train
124056,2023-10-31,train
124056,2023-11-30,train
124056,2023-12-31,train
124056,2024-01-31,train
124056,2024-02-29,train
124056,2024-03-31,train
124056,2024-04-30,train
124056,2024-05-31,train
124056,2024-06-30,train
124056,2024-07-31,train
124056,2024-08-31,train
124058,2023-07-31,train
124058,2023-08-31,train
124058,2023-09-30,train
124058,2023-10-31,train
124058,2023-11-30,train
124058,2023-12-31,train
124058,2024-01-31,train
124058,2024-02-29,train
124058,2024-03-31,train
124058,2024-04-30,train
124058,2024-05-31,train
124058,2024-06-30,train
124058,2024-07-31,train
124058,2024-08-31,train
124060,2024-04-30,train
124060,2024-05-31,train
124060,2024-06-30,train
124060,2024-07-31,train
124060,2024-08-31,train
124067,2022-01-31,train
124067,2022-02-28,train
124067,2022-03-31,train
124067,2022-04-30,train
124067,2022-05-31,train
124067,2022-06-30,train
124067,2022-07-31,train
124067,2022-08-31,train
124067,2022-09-30,train
124067,2022-10-31,train
124067,2022-11-30,train
124067,2022-12-31,train
124067,2023-01-31,train
124067,2023-02-28,train
124067,2023-03-31,train
124067,2023-04-30,train
124067,2023-05-31,train
124067,2023-06-30,train
124067,2023-07-31,train
124067,2023-08-31,train
124067,2023-09-30,train
124067,2023-10-31,train
124067,2023-11-30,train
124067,2023-12-31,train
124067,2024-01-31,train
124067,2024-02-29,train
124067,2024-03-31,train
124067,2024-04-30,train
124067,2024-05-31,train
124067,2024-06-30,train
124067,2024-07-31,train
124067,2024-08-31,train
124071,2021-07-31,train
124071,2021-08-31,train
124071,2021-09-30,train
124071,2021-10-31,train
124071,2021-11-30,train
124071,2021-12-31,train
124071,2022-01-31,train
124071,2022-02-28,train
124071,2022-03-31,train
124071,2022-04-30,train
124071,2022-05-31,train
124071,2022-06-30,train
124071,2022-07-31,train
124071,2022-08-31,train
124071,2022-09-30,train
124071,2022-10-31,train
124071,2022-11-30,train
124071,2022-12-31,train
124071,2023-01-31,train
124071,2023-02-28,train
124071,2023-03-31,train
124071,2023-04-30,train
124071,2023-05-31,train
124071,2023-06-30,train
124071,2023-07-31,train
124071,2023-08-31,train
124071,2023-09-30,train
124071,2023-10-31,train
124071,2023-11-30,train
124071,2023-12-31,train
124071,2024-01-31,train
124071,2024-02-29,train
124071,2024-03-31,train
124071,2024-04-30,train
124071,2024-05-31,train
124071,2024-06-30,train
124071,2024-07-31,train
124071,2024-08-31,train
124072,2021-07-31,train
124072,2021-08-31,train
124072,2021-09-30,train
124072,2021-10-31,train
124072,2021-11-30,train
124072,2021-12-31,train
124072,2022-01-31,train
124072,2022-02-28,train
124072,2022-03-31,train
124072,2022-04-30,train
124072,2022-05-31,train
124072,2022-06-30,train
124072,2022-07-31,train
124072,2022-08-31,train
124072,2022-09-30,train
124072,2022-10-31,train
124072,2022-11-30,train
124072,2022-12-31,train
124072,2023-01-31,train
124072,2023-02-28,train
124072,2023-03-31,train
124072,2023-04-30,train
124072,2023-05-31,train
124072,2023-06-30,train
124072,2023-07-31,train
124072,2023-08-31,train
124072,2023-09-30,train
124072,2023-10-31,train
124072,2023-11-30,train
124072,2023-12-31,train
124072,2024-01-31,train
124072,2024-02-29,train
124072,2024-03-31,train
124072,2024-04-30,train
124072,2024-05-31,train
124072,2024-06-30,train
124072,2024-07-31,train
124072,2024-08-31,train
124074,2021-07-31,train
124074,2021-08-31,train
124074,2021-09-30,train
124074,2021-10-31,train
124074,2021-11-30,train
124074,2021-12-31,train
124074,2022-01-31,train
124074,2022-02-28,train
124074,2022-03-31,train
124074,2022-04-30,train
124074,2022-05-31,train
124074,2022-06-30,train
124074,2022-07-31,train
124074,2022-08-31,train
124074,2022-09-30,train
124074,2022-10-31,train
124074,2022-11-30,train
124074,2022-12-31,train
124074,2023-01-31,train
124074,2023-02-28,train
124074,2023-03-31,train
124074,2023-04-30,train
124074,2023-05-31,train
124074,2023-06-30,train
124074,2023-07-31,train
124074,2023-08-31,train
124074,2023-09-30,train
124074,2023-10-31,train
124074,2023-11-30,train
124074,2023-12-31,train
124074,2024-01-31,train
124074,2024-02-29,train
124074,2024-03-31,train
124074,2024-04-30,train
124074,2024-05-31,train
124074,2024-06-30,train
124074,2024-07-31,train
124074,2024-08-31,train
124090,2021-07-31,train
124090,2021-08-31,train
124090,2021-09-30,train
124090,2021-10-31,train
124090,2021-11-30,train
124090,2021-12-31,train
124090,2022-01-31,train
124090,2022-02-28,train
124090,2022-03-31,train
124090,2022-04-30,train
124090,2022-05-31,train
124090,2022-06-30,train
124090,2022-07-31,train
124090,2022-08-31,train
124090,2022-09-30,train
124090,2022-10-31,train
124090,2022-11-30,train
124090,2022-12-31,train
124090,2023-01-31,train
124090,2023-02-28,train
124090,2023-03-31,train
124090,2023-04-30,train
124090,2023-05-31,train
124090,2023-06-30,train
124090,2023-07-31,train
124090,2023-08-31,train
124090,2023-09-30,train
124090,2023-10-31,train
124090,2023-11-30,train
124090,2023-12-31,train
124090,2024-01-31,train
124090,2024-02-29,train
124090,2024-03-31,train
124090,2024-04-30,train
124090,2024-05-31,train
124090,2024-06-30,train
124090,2024-07-31,train
124090,2024-08-31,train
124091,2021-07-31,train
124091,2021-08-31,train
124091,2021-09-30,train
124091,2021-10-31,train
124091,2021-11-30,train
124091,2021-12-31,train
124091,2022-01-31,train
124091,2022-02-28,train
124091,2022-03-31,train
124091,2022-04-30,train
124091,2022-05-31,train
124091,2022-06-30,train
124091,2022-07-31,train
124091,2022-08-31,train
124091,2022-09-30,train
124091,2022-10-31,train
124091,2022-11-30,train
124091,2022-12-31,train
124091,2023-01-31,train
124091,2023-02-28,train
124091,2023-03-31,train
124091,2023-04-30,train
124091,2023-05-31,train
124091,2023-06-30,train
124091,2023-07-31,train
124091,2023-08-31,train
124091,2023-09-30,train
124091,2023-10-31,train
124091,2023-11-30,train
124091,2023-12-31,train
124091,2024-01-31,train
124091,2024-02-29,train
124091,2024-03-31,train
124091,2024-04-30,train
124091,2024-05-31,train
124091,2024-06-30,train
124091,2024-07-31,train
124091,2024-08-31,train
124094,2021-07-31,train
124094,2021-08-31,train
124094,2021-09-30,train
124094,2021-10-31,train
124094,2021-11-30,train
124094,2021-12-31,train
124094,2022-01-31,train
124094,2022-02-28,train
124094,2022-03-31,train
124094,2022-04-30,train
124094,2022-05-31,train
124094,2022-06-30,train
124094,2022-07-31,train
124094,2022-08-31,train
124094,2022-09-30,train
124094,2022-10-31,train
124094,2022-11-30,train
124094,2022-12-31,train
124094,2023-01-31,train
124094,2023-02-28,train
124094,2023-03-31,train
124094,2023-04-30,train
124094,2023-05-31,train
124094,2023-06-30,train
124094,2023-07-31,train
124094,2023-08-31,train
124094,2023-09-30,train
124094,2023-10-31,train
124094,2023-11-30,train
124094,2023-12-31,train
124094,2024-01-31,train
124094,2024-02-29,train
124094,2024-03-31,train
124094,2024-04-30,train
124094,2024-05-31,train
124094,2024-06-30,train
124094,2024-07-31,train
124094,2024-08-31,train
124106,2023-11-30,train
124106,2023-12-31,train
124106,2024-01-31,train
124106,2024-02-29,train
124106,2024-03-31,train
124106,2024-04-30,train
124106,2024-05-31,train
124106,2024-06-30,train
124106,2024-07-31,train
124106,2024-08-31,train
124107,2023-11-30,train
124107,2023-12-31,train
124107,2024-01-31,train
124107,2024-02-29,train
124107,2024-03-31,train
124107,2024-04-30,train
124107,2024-05-31,train
124107,2024-06-30,train
124107,2024-07-31,train
124107,2024-08-31,train
124115,2021-07-31,train
124115,2021-08-31,train
124115,2021-09-30,train
124115,2021-10-31,train
124115,2021-11-30,train
124115,2021-12-31,train
124115,2022-01-31,train
124115,2022-02-28,train
124115,2022-03-31,train
124115,2022-04-30,train
124115,2022-05-31,train
124115,2022-06-30,train
124115,2022-07-31,train
124115,2022-08-31,train
124115,2022-09-30,train
124115,2022-10-31,train
124115,2022-11-30,train
124115,2022-12-31,train
124115,2023-01-31,train
124115,2023-02-28,train
124115,2023-03-31,train
124115,2023-04-30,train
124115,2023-05-31,train
124115,2023-06-30,train
124115,2023-07-31,train
124115,2023-08-31,train
124115,2023-09-30,train
124115,2023-10-31,train
124115,2023-11-30,train
124115,2023-12-31,train
124115,2024-01-31,train
124115,2024-02-29,train
124115,2024-03-31,train
124115,2024-04-30,train
124115,2024-05-31,train
124115,2024-06-30,train
124115,2024-07-31,train
124115,2024-08-31,train
124116,2021-07-31,train
124116,2021-08-31,train
124116,2021-09-30,train
124116,2021-10-31,train
124116,2021-11-30,train
124116,2021-12-31,train
124116,2022-01-31,train
124116,2022-02-28,train
124116,2022-03-31,train
124116,2022-04-30,train
124116,2022-05-31,train
124116,2022-06-30,train
124116,2022-07-31,train
124116,2022-08-31,train
124116,2022-09-30,train
124116,2022-10-31,train
124116,2022-11-30,train
124116,2022-12-31,train
124116,2023-01-31,train
124116,2023-02-28,train
124116,2023-03-31,train
124116,2023-04-30,train
124116,2023-05-31,train
124116,2023-06-30,train
124116,2023-07-31,train
124116,2023-08-31,train
124116,2023-09-30,train
124116,2023-10-31,train
124116,2023-11-30,train
124116,2023-12-31,train
124116,2024-01-31,train
124116,2024-02-29,train
124116,2024-03-31,train
124116,2024-04-30,train
124116,2024-05-31,train
124116,2024-06-30,train
124116,2024-07-31,train
124116,2024-08-31,train
124122,2023-07-31,train
124122,2023-08-31,train
124122,2023-09-30,train
124122,2023-10-31,train
124122,2023-11-30,train
124122,2023-12-31,train
124122,2024-01-31,train
124122,2024-02-29,train
124122,2024-03-31,train
124122,2024-04-30,train
124122,2024-05-31,train
124122,2024-06-30,train
124122,2024-07-31,train
124122,2024-08-31,train
124123,2023-07-31,train
124123,2023-08-31,train
124123,2023-09-30,train
124123,2023-10-31,train
124123,2023-11-30,train
124123,2023-12-31,train
124123,2024-01-31,train
124123,2024-02-29,train
124123,2024-03-31,train
124123,2024-04-30,train
124123,2024-05-31,train
124123,2024-06-30,train
124123,2024-07-31,train
124123,2024-08-31,train
124130,2021-07-31,train
124130,2021-08-31,train
124130,2021-09-30,train
124130,2021-10-31,train
124130,2021-11-30,train
124130,2021-12-31,train
124130,2022-01-31,train
124130,2022-02-28,train
124130,2022-03-31,train
124130,2022-04-30,train
124130,2022-05-31,train
124130,2022-06-30,train
124130,2022-07-31,train
124130,2022-08-31,train
124130,2022-09-30,train
124130,2022-10-31,train
124130,2022-11-30,train
124130,2022-12-31,train
124130,2023-01-31,train
124130,2023-02-28,train
124130,2023-03-31,train
124130,2023-04-30,train
124130,2023-05-31,train
124130,2023-06-30,train
124130,2023-07-31,train
124130,2023-08-31,train
124130,2023-09-30,train
124130,2023-10-31,train
124130,2023-11-30,train
124130,2023-12-31,train
124130,2024-01-31,train
124130,2024-02-29,train
124130,2024-03-31,train
124130,2024-04-30,train
124130,2024-05-31,train
124130,2024-06-30,train
124130,2024-07-31,train
124130,2024-08-31,train
124131,2021-07-31,train
124131,2021-08-31,train
124131,2021-09-30,train
124131,2021-10-31,train
124131,2021-11-30,train
124131,2021-12-31,train
124131,2022-01-31,train
124131,2022-02-28,train
124131,2022-03-31,train
124131,2022-04-30,train
124131,2022-05-31,train
124131,2022-06-30,train
124131,2022-07-31,train
124131,2022-08-31,train
124131,2022-09-30,train
124131,2022-10-31,train
124131,2022-11-30,train
124131,2022-12-31,train
124131,2023-01-31,train
124131,2023-02-28,train
124131,2023-03-31,train
124131,2023-04-30,train
124131,2023-05-31,train
124131,2023-06-30,train
124131,2023-07-31,train
124131,2023-08-31,train
124131,2023-09-30,train
124131,2023-10-31,train
124131,2023-11-30,train
124131,2023-12-31,train
124131,2024-01-31,train
124131,2024-02-29,train
124131,2024-03-31,train
124131,2024-04-30,train
124131,2024-05-31,train
124131,2024-06-30,train
124131,2024-07-31,train
124131,2024-08-31,train
124141,2021-07-31,train
124141,2021-08-31,train
124141,2021-09-30,train
124141,2021-10-31,train
124141,2021-11-30,train
124141,2021-12-31,train
124141,2022-01-31,train
124141,2022-02-28,train
124141,2022-03-31,train
124141,2022-04-30,train
124141,2022-05-31,train
124141,2022-06-30,train
124141,2022-07-31,train
124141,2022-08-31,train
124141,2022-09-30,train
124141,2022-10-31,train
124141,2022-11-30,train
124141,2022-12-31,train
124141,2023-01-31,train
124141,2023-02-28,train
124141,2023-03-31,train
124141,2023-04-30,train
124141,2023-05-31,train
124141,2023-06-30,train
124141,2023-07-31,train
124141,2023-08-31,train
124141,2023-09-30,train
124141,2023-10-31,train
124141,2023-11-30,train
124141,2023-12-31,train
124141,2024-01-31,train
124141,2024-02-29,train
124158,2021-11-30,train
124158,2021-12-31,train
124158,2022-01-31,train
124158,2022-02-28,train
124158,2022-03-31,train
124158,2022-04-30,train
124158,2022-05-31,train
124158,2022-06-30,train
124158,2022-07-31,train
124158,2022-08-31,train
124158,2022-09-30,train
124158,2022-10-31,train
124158,2022-11-30,train
124158,2022-12-31,train
124158,2023-01-31,train
124158,2023-02-28,train
124158,2023-03-31,train
124158,2023-04-30,train
124158,2023-05-31,train
124158,2023-06-30,train
124158,2023-07-31,train
124158,2023-08-31,train
124158,2023-09-30,train
124158,2023-10-31,train
124158,2023-11-30,train
124158,2023-12-31,train
124158,2024-01-31,train
124158,2024-02-29,train
124158,2024-03-31,train
124158,2024-04-30,train
124158,2024-05-31,train
124158,2024-06-30,train
124158,2024-07-31,train
124158,2024-08-31,train
124162,2023-08-31,train
124162,2023-09-30,train
124162,2023-10-31,train
124162,2023-11-30,train
124162,2023-12-31,train
124162,2024-01-31,train
124162,2024-02-29,train
124162,2024-03-31,train
124162,2024-04-30,train
124162,2024-05-31,train
124162,2024-06-30,train
124162,2024-07-31,train
124162,2024-08-31,train
124177,2023-08-31,train
124177,2023-09-30,train
124177,2023-10-31,train
124177,2023-11-30,train
124177,2023-12-31,train
124177,2024-01-31,train
124177,2024-02-29,train
124177,2024-03-31,train
124177,2024-04-30,train
124177,2024-05-31,train
124177,2024-06-30,train
124177,2024-07-31,train
124177,2024-08-31,train
124178,2023-08-31,train
124178,2023-09-30,train
124178,2023-10-31,train
124178,2023-11-30,train
124178,2023-12-31,train
124178,2024-01-31,train
124178,2024-02-29,train
124178,2024-03-31,train
124178,2024-04-30,train
124178,2024-05-31,train
124178,2024-06-30,train
124178,2024-07-31,train
124178,2024-08-31,train
124207,2021-07-31,train
124207,2021-08-31,train
124207,2021-09-30,train
124207,2021-10-31,train
124207,2021-11-30,train
124207,2021-12-31,train
124207,2022-01-31,train
124207,2022-02-28,train
124207,2022-03-31,train
124207,2022-04-30,train
124207,2022-05-31,train
124207,2022-06-30,train
124207,2022-07-31,train
124207,2022-08-31,train
124207,2022-09-30,train
124207,2022-10-31,train
124207,2022-11-30,train
124207,2022-12-31,train
124207,2023-01-31,train
124207,2023-02-28,train
124207,2023-03-31,train
124207,2023-04-30,train
124207,2023-05-31,train
124207,2023-06-30,train
124207,2023-07-31,train
124207,2023-08-31,train
124207,2023-09-30,train
124207,2023-10-31,train
124207,2023-11-30,train
124207,2023-12-31,train
124207,2024-01-31,train
124207,2024-02-29,train
124207,2024-03-31,train
124207,2024-04-30,train
124207,2024-05-31,train
124207,2024-06-30,train
124207,2024-07-31,train
124207,2024-08-31,train
124211,2021-07-31,train
124211,2021-08-31,train
124211,2021-09-30,train
124211,2021-10-31,train
124211,2021-11-30,train
124211,2021-12-31,train
124211,2022-01-31,train
124211,2022-02-28,train
124211,2022-03-31,train
124211,2022-04-30,train
124211,2022-05-31,train
124211,2022-06-30,train
124211,2022-07-31,train
124211,2022-08-31,train
124211,2022-09-30,train
124211,2022-10-31,train
124211,2022-11-30,train
124211,2022-12-31,train
124211,2023-01-31,train
124211,2023-02-28,train
124211,2023-03-31,train
124211,2023-04-30,train
124211,2023-05-31,train
124211,2023-06-30,train
124211,2023-07-31,train
124211,2023-08-31,train
124211,2023-09-30,train
124211,2023-10-31,train
124211,2023-11-30,train
124211,2023-12-31,train
124211,2024-01-31,train
124211,2024-02-29,train
124211,2024-03-31,train
124211,2024-04-30,train
124211,2024-05-31,train
124211,2024-06-30,train
124211,2024-07-31,train
124211,2024-08-31,train
124212,2021-07-31,train
124212,2021-08-31,train
124212,2021-09-30,train
124212,2021-10-31,train
124212,2021-11-30,train
124212,2021-12-31,train
124212,2022-01-31,train
124212,2022-02-28,train
124212,2022-03-31,train
124212,2022-04-30,train
124212,2022-05-31,train
124212,2022-06-30,train
124212,2022-07-31,train
124212,2022-08-31,train
124212,2022-09-30,train
124212,2022-10-31,train
124212,2022-11-30,train
124212,2022-12-31,train
124212,2023-01-31,train
124212,2023-02-28,train
124212,2023-03-31,train
124212,2023-04-30,train
124212,2023-05-31,train
124212,2023-06-30,train
124212,2023-07-31,train
124212,2023-08-31,train
124212,2023-09-30,train
124212,2023-10-31,train
124212,2023-11-30,train
124212,2023-12-31,train
124212,2024-01-31,train
124212,2024-02-29,train
124212,2024-03-31,train
124212,2024-04-30,train
124212,2024-05-31,train
124212,2024-06-30,train
124212,2024-07-31,train
124212,2024-08-31,train
124218,2021-07-31,train
124218,2021-08-31,train
124218,2021-09-30,train
124218,2021-10-31,train
124218,2021-11-30,train
124218,2021-12-31,train
124218,2022-01-31,train
124218,2022-02-28,train
124218,2022-03-31,train
124218,2022-04-30,train
124218,2022-05-31,train
124218,2022-06-30,train
124218,2022-07-31,train
124218,2022-08-31,train
124218,2022-09-30,train
124218,2022-10-31,train
124218,2022-11-30,train
124218,2022-12-31,train
124218,2023-01-31,train
124218,2023-02-28,train
124218,2023-03-31,train
124218,2023-04-30,train
124218,2023-05-31,train
124218,2023-06-30,train
124218,2023-07-31,train
124218,2023-08-31,train
124218,2023-09-30,train
124218,2023-10-31,train
124218,2023-11-30,train
124218,2023-12-31,train
124218,2024-01-31,train
124218,2024-02-29,train
124218,2024-03-31,train
124218,2024-04-30,train
124218,2024-05-31,train
124218,2024-06-30,train
124218,2024-07-31,train
124218,2024-08-31,train
124219,2021-07-31,train
124219,2021-08-31,train
124219,2021-09-30,train
124219,2021-10-31,train
124219,2021-11-30,train
124219,2021-12-31,train
124219,2022-01-31,train
124219,2022-02-28,train
124219,2022-03-31,train
124219,2022-04-30,train
124219,2022-05-31,train
124219,2022-06-30,train
124219,2022-07-31,train
124219,2022-08-31,train
124219,2022-09-30,train
124219,2022-10-31,train
124219,2022-11-30,train
124219,2022-12-31,train
124219,2023-01-31,train
124219,2023-02-28,train
124219,2023-03-31,train
124219,2023-04-30,train
124219,2023-05-31,train
124219,2023-06-30,train
124219,2023-07-31,train
124219,2023-08-31,train
124219,2023-09-30,train
124219,2023-10-31,train
124219,2023-11-30,train
124219,2023-12-31,train
124219,2024-01-31,train
124219,2024-02-29,train
124219,2024-03-31,train
124219,2024-04-30,train
124219,2024-05-31,train
124219,2024-06-30,train
124219,2024-07-31,train
124219,2024-08-31,train
124229,2021-08-31,train
124229,2021-09-30,train
124229,2021-10-31,train
124229,2021-11-30,train
124229,2021-12-31,train
124229,2022-01-31,train
124229,2022-02-28,train
124229,2022-03-31,train
124229,2022-04-30,train
124229,2022-05-31,train
124229,2022-06-30,train
124229,2022-07-31,train
124229,2022-08-31,train
124229,2022-09-30,train
124229,2022-10-31,train
124229,2022-11-30,train
124229,2022-12-31,train
124229,2023-01-31,train
124229,2023-02-28,train
124229,2023-03-31,train
124229,2023-04-30,train
124229,2023-05-31,train
124229,2023-06-30,train
124229,2023-07-31,train
124229,2023-08-31,train
124229,2023-09-30,train
124229,2023-10-31,train
124229,2023-11-30,train
124229,2023-12-31,train
124229,2024-01-31,train
124229,2024-02-29,train
124229,2024-03-31,train
124229,2024-04-30,train
124229,2024-05-31,train
124229,2024-06-30,train
124229,2024-07-31,train
124229,2024-08-31,train
124230,2021-07-31,train
124230,2021-08-31,train
124230,2021-09-30,train
124230,2021-10-31,train
124230,2021-11-30,train
124230,2021-12-31,train
124230,2022-01-31,train
124230,2022-02-28,train
124230,2022-03-31,train
124230,2022-04-30,train
124230,2022-05-31,train
124230,2022-06-30,train
124230,2022-07-31,train
124230,2022-08-31,train
124230,2022-09-30,train
124230,2022-10-31,train
124230,2022-11-30,train
124230,2022-12-31,train
124230,2023-01-31,train
124230,2023-02-28,train
124230,2023-03-31,train
124230,2023-04-30,train
124230,2023-05-31,train
124230,2023-06-30,train
124230,2023-07-31,train
124230,2023-08-31,train
124230,2023-09-30,train
124230,2023-10-31,train
124230,2023-11-30,train
124230,2023-12-31,train
124230,2024-01-31,train
124230,2024-02-29,train
124230,2024-03-31,train
124230,2024-04-30,train
124230,2024-05-31,train
124230,2024-06-30,train
124230,2024-07-31,train
124230,2024-08-31,train
124235,2021-07-31,train
124235,2021-08-31,train
124235,2021-09-30,train
124235,2021-10-31,train
124235,2021-11-30,train
124235,2021-12-31,train
124235,2022-01-31,train
124235,2022-02-28,train
124235,2022-03-31,train
124235,2022-04-30,train
124235,2022-05-31,train
124235,2022-06-30,train
124235,2022-07-31,train
124235,2022-08-31,train
124235,2022-09-30,train
124235,2022-10-31,train
124235,2022-11-30,train
124235,2022-12-31,train
124235,2023-01-31,train
124235,2023-02-28,train
124235,2023-03-31,train
124235,2023-04-30,train
124235,2023-05-31,train
124235,2023-06-30,train
124235,2023-07-31,train
124235,2023-08-31,train
124236,2021-07-31,train
124236,2021-08-31,train
124236,2021-09-30,train
124236,2021-10-31,train
124236,2021-11-30,train
124236,2021-12-31,train
124236,2022-01-31,train
124236,2022-02-28,train
124236,2022-03-31,train
124236,2022-04-30,train
124236,2022-05-31,train
124236,2022-06-30,train
124236,2022-07-31,train
124236,2022-08-31,train
124236,2022-09-30,train
124236,2022-10-31,train
124236,2022-11-30,train
124236,2022-12-31,train
124236,2023-01-31,train
124236,2023-02-28,train
124236,2023-03-31,train
124236,2023-04-30,train
124236,2023-05-31,train
124236,2023-06-30,train
124236,2023-07-31,train
124236,2023-08-31,train
124236,2023-09-30,train
124236,2023-10-31,train
124236,2023-11-30,train
124236,2023-12-31,train
124236,2024-01-31,train
124236,2024-02-29,train
124236,2024-03-31,train
124236,2024-04-30,train
124236,2024-05-31,train
124236,2024-06-30,train
124236,2024-07-31,train
124236,2024-08-31,train
124237,2021-07-31,train
124237,2021-08-31,train
124237,2021-09-30,train
124237,2021-10-31,train
124237,2021-11-30,train
124237,2021-12-31,train
124237,2022-01-31,train
124237,2022-02-28,train
124237,2022-03-31,train
124237,2022-04-30,train
124237,2022-05-31,train
124237,2022-06-30,train
124237,2022-07-31,train
124237,2022-08-31,train
124237,2022-09-30,train
124237,2022-10-31,train
124237,2022-11-30,train
124237,2022-12-31,train
124237,2023-01-31,train
124237,2023-02-28,train
124237,2023-03-31,train
124237,2023-04-30,train
124237,2023-05-31,train
124237,2023-06-30,train
124237,2023-07-31,train
124237,2023-08-31,train
124237,2023-09-30,train
124237,2023-10-31,train
124237,2023-11-30,train
124237,2023-12-31,train
124237,2024-01-31,train
124237,2024-02-29,train
124237,2024-03-31,train
124237,2024-04-30,train
124237,2024-05-31,train
124237,2024-06-30,train
124237,2024-07-31,train
124237,2024-08-31,train
124238,2021-07-31,train
124238,2021-08-31,train
124238,2021-09-30,train
124238,2021-10-31,train
124238,2021-11-30,train
124238,2021-12-31,train
124238,2022-01-31,train
124238,2022-02-28,train
124238,2022-03-31,train
124238,2022-04-30,train
124238,2022-05-31,train
124238,2022-06-30,train
124238,2022-07-31,train
124238,2022-08-31,train
124238,2022-09-30,train
124238,2022-10-31,train
124238,2022-11-30,train
124238,2022-12-31,train
124238,2023-01-31,train
124238,2023-02-28,train
124238,2023-03-31,train
124238,2023-04-30,train
124238,2023-05-31,train
124238,2023-06-30,train
124238,2023-07-31,train
124238,2023-08-31,train
124238,2023-09-30,train
124238,2023-10-31,train
124238,2023-11-30,train
124238,2023-12-31,train
124238,2024-01-31,train
124238,2024-02-29,train
124238,2024-03-31,train
124238,2024-04-30,train
124238,2024-05-31,train
124238,2024-06-30,train
124238,2024-07-31,train
124238,2024-08-31,train
124240,2021-07-31,train
124240,2021-08-31,train
124240,2021-09-30,train
124240,2021-10-31,train
124240,2021-11-30,train
124240,2021-12-31,train
124240,2022-01-31,train
124240,2022-02-28,train
124240,2022-03-31,train
124240,2022-04-30,train
124240,2022-05-31,train
124240,2022-06-30,train
124240,2022-07-31,train
124240,2022-08-31,train
124240,2022-09-30,train
124240,2022-10-31,train
124240,2022-11-30,train
124240,2022-12-31,train
124240,2023-01-31,train
124240,2023-02-28,train
124240,2023-03-31,train
124240,2023-04-30,train
124240,2023-05-31,train
124240,2023-06-30,train
124240,2023-07-31,train
124240,2023-08-31,train
124240,2023-09-30,train
124240,2023-10-31,train
124240,2023-11-30,train
124240,2023-12-31,train
124240,2024-01-31,train
124240,2024-02-29,train
124240,2024-03-31,train
124240,2024-04-30,train
124240,2024-05-31,train
124240,2024-06-30,train
124240,2024-07-31,train
124240,2024-08-31,train
124277,2021-07-31,train
124277,2021-08-31,train
124277,2021-09-30,train
124277,2021-10-31,train
124277,2021-11-30,train
124277,2021-12-31,train
124277,2022-01-31,train
124277,2022-02-28,train
124277,2022-03-31,train
124277,2022-04-30,train
124277,2022-05-31,train
124277,2022-06-30,train
124277,2022-07-31,train
124277,2022-08-31,train
124277,2022-09-30,train
124277,2022-10-31,train
124277,2022-11-30,train
124277,2022-12-31,train
124277,2023-01-31,train
124277,2023-02-28,train
124277,2023-03-31,train
124277,2023-04-30,train
124277,2023-05-31,train
124277,2023-06-30,train
124277,2023-07-31,train
124277,2023-08-31,train
124277,2023-09-30,train
124277,2023-10-31,train
124277,2023-11-30,train
124277,2023-12-31,train
124277,2024-01-31,train
124277,2024-02-29,train
124277,2024-03-31,train
124277,2024-04-30,train
124277,2024-05-31,train
124277,2024-06-30,train
124277,2024-07-31,train
124277,2024-08-31,train
124280,2024-01-31,train
124280,2024-02-29,train
124280,2024-03-31,train
124280,2024-04-30,train
124280,2024-05-31,train
124280,2024-06-30,train
124280,2024-07-31,train
124280,2024-08-31,train
124282,2021-11-30,train
124282,2021-12-31,train
124282,2022-01-31,train
124282,2022-02-28,train
124282,2022-03-31,train
124282,2022-04-30,train
124282,2022-05-31,train
124282,2022-06-30,train
124282,2022-07-31,train
124282,2022-08-31,train
124282,2022-09-30,train
124282,2022-10-31,train
124282,2022-11-30,train
124282,2022-12-31,train
124282,2023-01-31,train
124282,2023-02-28,train
124282,2023-03-31,train
124286,2021-07-31,train
124286,2021-08-31,train
124286,2021-09-30,train
124286,2021-10-31,train
124286,2021-11-30,train
124286,2021-12-31,train
124286,2022-01-31,train
124286,2022-02-28,train
124286,2022-03-31,train
124286,2022-04-30,train
124286,2022-05-31,train
124286,2022-06-30,train
124286,2022-07-31,train
124286,2022-08-31,train
124286,2022-09-30,train
124286,2022-10-31,train
124286,2022-11-30,train
124286,2022-12-31,train
124286,2023-01-31,train
124286,2023-02-28,train
124286,2023-03-31,train
124286,2023-04-30,train
124286,2023-05-31,train
124286,2023-06-30,train
124286,2023-07-31,train
124286,2023-08-31,train
124286,2023-09-30,train
124286,2023-10-31,train
124286,2023-11-30,train
124286,2023-12-31,train
124286,2024-01-31,train
124286,2024-02-29,train
124286,2024-03-31,train
124286,2024-04-30,train
124286,2024-05-31,train
124286,2024-06-30,train
124286,2024-07-31,train
124286,2024-08-31,train
124291,2021-07-31,train
124291,2021-08-31,train
124291,2021-09-30,train
124291,2021-10-31,train
124291,2021-11-30,train
124291,2021-12-31,train
124291,2022-01-31,train
124291,2022-02-28,train
124291,2022-03-31,train
124291,2022-04-30,train
124291,2022-05-31,train
124291,2022-06-30,train
124291,2022-07-31,train
124291,2022-08-31,train
124291,2022-09-30,train
124291,2022-10-31,train
124291,2022-11-30,train
124291,2022-12-31,train
124291,2023-01-31,train
124291,2023-02-28,train
124291,2023-03-31,train
124291,2023-04-30,train
124291,2023-05-31,train
124291,2023-06-30,train
124291,2023-07-31,train
124291,2023-08-31,train
124291,2023-09-30,train
124291,2023-10-31,train
124291,2023-11-30,train
124291,2023-12-31,train
124291,2024-01-31,train
124291,2024-02-29,train
124291,2024-03-31,train
124291,2024-04-30,train
124291,2024-05-31,train
124291,2024-06-30,train
124291,2024-07-31,train
124291,2024-08-31,train
124300,2021-07-31,train
124300,2021-08-31,train
124300,2021-09-30,train
124300,2021-10-31,train
124300,2021-11-30,train
124300,2021-12-31,train
124300,2022-01-31,train
124300,2022-02-28,train
124300,2022-03-31,train
124300,2022-04-30,train
124300,2022-05-31,train
124300,2022-06-30,train
124300,2022-07-31,train
124300,2022-08-31,train
124300,2022-09-30,train
124300,2022-10-31,train
124300,2022-11-30,train
124300,2022-12-31,train
124300,2023-01-31,train
124300,2023-02-28,train
124300,2023-03-31,train
124300,2023-04-30,train
124300,2023-05-31,train
124300,2023-06-30,train
124300,2023-07-31,train
124300,2023-08-31,train
124300,2023-09-30,train
124300,2023-10-31,train
124300,2023-11-30,train
124300,2023-12-31,train
124300,2024-01-31,train
124300,2024-02-29,train
124300,2024-03-31,train
124300,2024-04-30,train
124300,2024-05-31,train
124300,2024-06-30,train
124300,2024-07-31,train
124300,2024-08-31,train
124303,2022-02-28,train
124303,2022-03-31,train
124303,2022-04-30,train
124303,2022-05-31,train
124303,2022-06-30,train
124303,2022-07-31,train
124303,2022-08-31,train
124303,2022-09-30,train
124303,2022-10-31,train
124303,2022-11-30,train
124303,2022-12-31,train
124303,2023-01-31,train
124303,2023-02-28,train
124303,2023-03-31,train
124303,2023-04-30,train
124303,2023-05-31,train
124303,2023-06-30,train
124303,2023-07-31,train
124303,2023-08-31,train
124303,2023-09-30,train
124303,2023-10-31,train
124303,2023-11-30,train
124303,2023-12-31,train
124303,2024-01-31,train
124303,2024-02-29,train
124303,2024-03-31,train
124303,2024-04-30,train
124303,2024-05-31,train
124303,2024-06-30,train
124303,2024-07-31,train
124303,2024-08-31,train
124306,2021-07-31,train
124306,2021-08-31,train
124306,2021-09-30,train
124306,2021-10-31,train
124306,2021-11-30,train
124306,2021-12-31,train
124306,2022-01-31,train
124306,2022-02-28,train
124306,2022-03-31,train
124306,2022-04-30,train
124306,2022-05-31,train
124306,2022-06-30,train
124306,2022-07-31,train
124306,2022-08-31,train
124306,2022-09-30,train
124306,2022-10-31,train
124306,2022-11-30,train
124306,2022-12-31,train
124306,2023-01-31,train
124306,2023-02-28,train
124306,2023-03-31,train
124306,2023-04-30,train
124306,2023-05-31,train
124306,2023-06-30,train
124306,2023-07-31,train
124306,2023-08-31,train
124308,2021-07-31,train
124308,2021-08-31,train
124308,2021-09-30,train
124308,2021-10-31,train
124308,2021-11-30,train
124308,2021-12-31,train
124308,2022-01-31,train
124308,2022-02-28,train
124308,2022-03-31,train
124308,2022-04-30,train
124308,2022-05-31,train
124308,2022-06-30,train
124308,2022-07-31,train
124308,2022-08-31,train
124308,2022-09-30,train
124308,2022-10-31,train
124308,2022-11-30,train
124308,2022-12-31,train
124308,2023-01-31,train
124308,2023-02-28,train
124308,2023-03-31,train
124308,2023-04-30,train
124308,2023-05-31,train
124308,2023-06-30,train
124308,2023-07-31,train
124308,2023-08-31,train
124308,2023-09-30,train
124323,2022-09-30,train
124323,2022-10-31,train
124323,2022-11-30,train
124323,2022-12-31,train
124323,2023-01-31,train
124323,2023-02-28,train
124323,2023-03-31,train
124323,2023-04-30,train
124323,2023-05-31,train
124323,2023-06-30,train
124323,2023-07-31,train
124323,2023-08-31,train
124323,2023-09-30,train
124323,2023-10-31,train
124323,2023-11-30,train
124323,2023-12-31,train
124323,2024-01-31,train
124323,2024-02-29,train
124323,2024-03-31,train
124323,2024-04-30,train
124323,2024-05-31,train
124323,2024-06-30,train
124323,2024-07-31,train
124323,2024-08-31,train
124330,2024-04-30,train
124330,2024-05-31,train
124330,2024-06-30,train
124330,2024-07-31,train
124330,2024-08-31,train
124338,2021-07-31,train
124338,2021-08-31,train
124338,2021-09-30,train
124338,2021-10-31,train
124338,2021-11-30,train
124338,2021-12-31,train
124338,2022-01-31,train
124338,2022-02-28,train
124338,2022-03-31,train
124338,2022-04-30,train
124338,2022-05-31,train
124338,2022-06-30,train
124338,2022-07-31,train
124338,2022-08-31,train
124338,2022-09-30,train
124338,2022-10-31,train
124338,2022-11-30,train
124338,2022-12-31,train
124338,2023-01-31,train
124338,2023-02-28,train
124338,2023-03-31,train
124338,2023-04-30,train
124338,2023-05-31,train
124338,2023-06-30,train
124338,2023-07-31,train
124338,2023-08-31,train
124338,2023-09-30,train
124338,2023-10-31,train
124338,2023-11-30,train
124338,2023-12-31,train
124338,2024-01-31,train
124338,2024-02-29,train
124338,2024-03-31,train
124338,2024-04-30,train
124338,2024-05-31,train
124338,2024-06-30,train
124338,2024-07-31,train
124338,2024-08-31,train
124339,2021-07-31,train
124339,2021-08-31,train
124339,2021-09-30,train
124339,2021-10-31,train
124339,2021-11-30,train
124339,2021-12-31,train
124339,2022-01-31,train
124339,2022-02-28,train
124339,2022-03-31,train
124339,2022-04-30,train
124339,2022-05-31,train
124339,2022-06-30,train
124339,2022-07-31,train
124339,2022-08-31,train
124339,2022-09-30,train
124339,2022-10-31,train
124339,2022-11-30,train
124339,2022-12-31,train
124339,2023-01-31,train
124339,2023-02-28,train
124339,2023-03-31,train
124339,2023-04-30,train
124339,2023-05-31,train
124339,2023-06-30,train
124339,2023-07-31,train
124339,2023-08-31,train
124339,2023-09-30,train
124339,2023-10-31,train
124339,2023-11-30,train
124339,2023-12-31,train
124339,2024-01-31,train
124339,2024-02-29,train
124339,2024-03-31,train
124339,2024-04-30,train
124339,2024-05-31,train
124339,2024-06-30,train
124339,2024-07-31,train
124339,2024-08-31,train
124340,2021-07-31,train
124340,2021-08-31,train
124340,2021-09-30,train
124340,2021-10-31,train
124340,2021-11-30,train
124340,2021-12-31,train
124340,2022-01-31,train
124340,2022-02-28,train
124340,2022-03-31,train
124340,2022-04-30,train
124340,2022-05-31,train
124340,2022-06-30,train
124340,2022-07-31,train
124340,2022-08-31,train
124340,2022-09-30,train
124340,2022-10-31,train
124340,2022-11-30,train
124340,2022-12-31,train
124340,2023-01-31,train
124340,2023-02-28,train
124340,2023-03-31,train
124340,2023-04-30,train
124340,2023-05-31,train
124340,2023-06-30,train
124340,2023-07-31,train
124340,2023-08-31,train
124340,2023-09-30,train
124340,2023-10-31,train
124340,2023-11-30,train
124340,2023-12-31,train
124340,2024-01-31,train
124340,2024-02-29,train
124340,2024-03-31,train
124340,2024-04-30,train
124340,2024-05-31,train
124340,2024-06-30,train
124340,2024-07-31,train
124340,2024-08-31,train
124341,2021-07-31,train
124341,2021-08-31,train
124341,2021-09-30,train
124341,2021-10-31,train
124341,2021-11-30,train
124341,2021-12-31,train
124341,2022-01-31,train
124341,2022-02-28,train
124341,2022-03-31,train
124341,2022-04-30,train
124341,2022-05-31,train
124341,2022-06-30,train
124341,2022-07-31,train
124341,2022-08-31,train
124341,2022-09-30,train
124341,2022-10-31,train
124341,2022-11-30,train
124341,2022-12-31,train
124341,2023-01-31,train
124341,2023-02-28,train
124341,2023-03-31,train
124341,2023-04-30,train
124341,2023-05-31,train
124341,2023-06-30,train
124341,2023-07-31,train
124341,2023-08-31,train
124341,2023-09-30,train
124341,2023-10-31,train
124341,2023-11-30,train
124341,2023-12-31,train
124341,2024-01-31,train
124341,2024-02-29,train
124341,2024-03-31,train
124341,2024-04-30,train
124341,2024-05-31,train
124341,2024-06-30,train
124341,2024-07-31,train
124341,2024-08-31,train
124346,2021-07-31,train
124346,2021-08-31,train
124346,2021-09-30,train
124346,2021-10-31,train
124346,2021-11-30,train
124346,2021-12-31,train
124346,2022-01-31,train
124346,2022-02-28,train
124346,2022-03-31,train
124346,2022-04-30,train
124346,2022-05-31,train
124346,2022-06-30,train
124346,2022-07-31,train
124346,2022-08-31,train
124346,2022-09-30,train
124346,2022-10-31,train
124346,2022-11-30,train
124346,2022-12-31,train
124346,2023-01-31,train
124346,2023-02-28,train
124346,2023-03-31,train
124346,2023-04-30,train
124346,2023-05-31,train
124346,2023-06-30,train
124346,2023-07-31,train
124346,2023-08-31,train
124346,2023-09-30,train
124346,2023-10-31,train
124346,2023-11-30,train
124346,2023-12-31,train
124346,2024-01-31,train
124346,2024-02-29,train
124346,2024-03-31,train
124346,2024-04-30,train
124346,2024-05-31,train
124346,2024-06-30,train
124346,2024-07-31,train
124346,2024-08-31,train
124347,2021-07-31,train
124347,2021-08-31,train
124347,2021-09-30,train
124347,2021-10-31,train
124347,2021-11-30,train
124347,2021-12-31,train
124347,2022-01-31,train
124347,2022-02-28,train
124347,2022-03-31,train
124347,2022-04-30,train
124347,2022-05-31,train
124347,2022-06-30,train
124347,2022-07-31,train
124347,2022-08-31,train
124347,2022-09-30,train
124347,2022-10-31,train
124347,2022-11-30,train
124347,2022-12-31,train
124347,2023-01-31,train
124347,2023-02-28,train
124347,2023-03-31,train
124347,2023-04-30,train
124347,2023-05-31,train
124347,2023-06-30,train
124347,2023-07-31,train
124347,2023-08-31,train
124347,2023-09-30,train
124347,2023-10-31,train
124347,2023-11-30,train
124347,2023-12-31,train
124347,2024-01-31,train
124347,2024-02-29,train
124347,2024-03-31,train
124347,2024-04-30,train
124347,2024-05-31,train
124347,2024-06-30,train
124347,2024-07-31,train
124347,2024-08-31,train
124353,2021-07-31,train
124353,2021-08-31,train
124353,2021-09-30,train
124353,2021-10-31,train
124353,2021-11-30,train
124353,2021-12-31,train
124353,2022-01-31,train
124353,2022-02-28,train
124353,2022-03-31,train
124353,2022-04-30,train
124353,2022-05-31,train
124353,2022-06-30,train
124353,2022-07-31,train
124353,2022-08-31,train
124353,2022-09-30,train
124353,2022-10-31,train
124353,2022-11-30,train
124353,2022-12-31,train
124353,2023-01-31,train
124353,2023-02-28,train
124353,2023-03-31,train
124353,2023-04-30,train
124353,2023-05-31,train
124353,2023-06-30,train
124353,2023-07-31,train
124353,2023-08-31,train
124353,2023-09-30,train
124353,2023-10-31,train
124353,2023-11-30,train
124353,2023-12-31,train
124353,2024-01-31,train
124353,2024-02-29,train
124353,2024-03-31,train
124353,2024-04-30,train
124353,2024-05-31,train
124353,2024-06-30,train
124353,2024-07-31,train
124353,2024-08-31,train
124354,2021-07-31,train
124354,2021-08-31,train
124354,2021-09-30,train
124354,2021-10-31,train
124354,2021-11-30,train
124354,2021-12-31,train
124354,2022-01-31,train
124354,2022-02-28,train
124354,2022-03-31,train
124354,2022-04-30,train
124354,2022-05-31,train
124354,2022-06-30,train
124354,2022-07-31,train
124354,2022-08-31,train
124354,2022-09-30,train
124354,2022-10-31,train
124354,2022-11-30,train
124354,2022-12-31,train
124354,2023-01-31,train
124354,2023-02-28,train
124354,2023-03-31,train
124354,2023-04-30,train
124354,2023-05-31,train
124354,2023-06-30,train
124354,2023-07-31,train
124354,2023-08-31,train
124354,2023-09-30,train
124354,2023-10-31,train
124354,2023-11-30,train
124354,2023-12-31,train
124354,2024-01-31,train
124354,2024-02-29,train
124354,2024-03-31,train
124354,2024-04-30,train
124354,2024-05-31,train
124354,2024-06-30,train
124354,2024-07-31,train
124354,2024-08-31,train
124361,2021-07-31,train
124361,2021-08-31,train
124361,2021-09-30,train
124361,2021-10-31,train
124361,2021-11-30,train
124361,2021-12-31,train
124361,2022-01-31,train
124361,2022-02-28,train
124361,2022-03-31,train
124361,2022-04-30,train
124361,2022-05-31,train
124361,2022-06-30,train
124361,2022-07-31,train
124361,2022-08-31,train
124361,2022-09-30,train
124361,2022-10-31,train
124361,2022-11-30,train
124361,2022-12-31,train
124361,2023-01-31,train
124361,2023-02-28,train
124361,2023-03-31,train
124361,2023-04-30,train
124361,2023-05-31,train
124361,2023-06-30,train
124361,2023-07-31,train
124361,2023-08-31,train
124361,2023-09-30,train
124361,2023-10-31,train
124361,2023-11-30,train
124361,2023-12-31,train
124361,2024-01-31,train
124361,2024-02-29,train
124361,2024-03-31,train
124361,2024-04-30,train
124361,2024-05-31,train
124361,2024-06-30,train
124361,2024-07-31,train
124361,2024-08-31,train
124365,2022-05-31,train
124365,2022-06-30,train
124365,2022-07-31,train
124365,2022-08-31,train
124365,2022-09-30,train
124365,2022-10-31,train
124365,2022-11-30,train
124365,2022-12-31,train
124365,2023-01-31,train
124365,2023-02-28,train
124365,2023-03-31,train
124365,2023-04-30,train
124365,2023-05-31,train
124365,2023-06-30,train
124365,2023-07-31,train
124365,2023-08-31,train
124365,2023-09-30,train
124365,2023-10-31,train
124365,2023-11-30,train
124365,2023-12-31,train
124365,2024-01-31,train
124366,2022-05-31,train
124366,2022-06-30,train
124366,2022-07-31,train
124366,2022-08-31,train
124366,2022-09-30,train
124366,2022-10-31,train
124366,2022-11-30,train
124366,2022-12-31,train
124366,2023-01-31,train
124366,2023-02-28,train
124366,2023-03-31,train
124366,2023-04-30,train
124366,2023-05-31,train
124366,2023-06-30,train
124366,2023-07-31,train
124366,2023-08-31,train
124366,2023-09-30,train
124366,2023-10-31,train
124366,2023-11-30,train
124366,2023-12-31,train
124366,2024-01-31,train
124367,2021-07-31,train
124367,2021-08-31,train
124367,2021-09-30,train
124367,2021-10-31,train
124367,2021-11-30,train
124367,2021-12-31,train
124367,2022-01-31,train
124367,2022-02-28,train
124367,2022-03-31,train
124367,2022-04-30,train
124367,2022-05-31,train
124367,2022-06-30,train
124367,2022-07-31,train
124367,2022-08-31,train
124367,2022-09-30,train
124367,2022-10-31,train
124367,2022-11-30,train
124367,2022-12-31,train
124367,2023-01-31,train
124367,2023-02-28,train
124367,2023-03-31,train
124367,2023-04-30,train
124367,2023-05-31,train
124367,2023-06-30,train
124367,2023-07-31,train
124367,2023-08-31,train
124367,2023-09-30,train
124367,2023-10-31,train
124367,2023-11-30,train
124367,2023-12-31,train
124367,2024-01-31,train
124367,2024-02-29,train
124367,2024-03-31,train
124367,2024-04-30,train
124367,2024-05-31,train
124367,2024-06-30,train
124367,2024-07-31,train
124367,2024-08-31,train
124371,2021-07-31,train
124371,2021-08-31,train
124371,2021-09-30,train
124371,2021-10-31,train
124371,2021-11-30,train
124371,2021-12-31,train
124371,2022-01-31,train
124371,2022-02-28,train
124371,2022-03-31,train
124371,2022-04-30,train
124371,2022-05-31,train
124371,2022-06-30,train
124371,2022-07-31,train
124371,2022-08-31,train
124371,2022-09-30,train
124371,2022-10-31,train
124371,2022-11-30,train
124371,2022-12-31,train
124371,2023-01-31,train
124371,2023-02-28,train
124371,2023-03-31,train
124371,2023-04-30,train
124371,2023-05-31,train
124371,2023-06-30,train
124371,2023-07-31,train
124371,2023-08-31,train
124371,2023-09-30,train
124371,2023-10-31,train
124371,2023-11-30,train
124371,2023-12-31,train
124371,2024-01-31,train
124371,2024-02-29,train
124371,2024-03-31,train
124371,2024-04-30,train
124371,2024-05-31,train
124371,2024-06-30,train
124371,2024-07-31,train
124371,2024-08-31,train
124380,2021-07-31,train
124380,2021-08-31,train
124380,2021-09-30,train
124380,2021-10-31,train
124380,2021-11-30,train
124380,2021-12-31,train
124380,2022-01-31,train
124380,2022-02-28,train
124380,2022-03-31,train
124380,2022-04-30,train
124380,2022-05-31,train
124380,2022-06-30,train
124380,2022-07-31,train
124380,2022-08-31,train
124380,2022-09-30,train
124380,2022-10-31,train
124380,2022-11-30,train
124380,2022-12-31,train
124380,2023-01-31,train
124380,2023-02-28,train
124380,2023-03-31,train
124380,2023-04-30,train
124380,2023-05-31,train
124380,2023-06-30,train
124380,2023-07-31,train
124380,2023-08-31,train
124380,2023-09-30,train
124380,2023-10-31,train
124380,2023-11-30,train
124380,2023-12-31,train
124380,2024-01-31,train
124380,2024-02-29,train
124380,2024-03-31,train
124380,2024-04-30,train
124380,2024-05-31,train
124380,2024-06-30,train
124380,2024-07-31,train
124380,2024-08-31,train
124389,2021-07-31,train
124389,2021-08-31,train
124389,2021-09-30,train
124389,2021-10-31,train
124389,2021-11-30,train
124389,2021-12-31,train
124389,2022-01-31,train
124389,2022-02-28,train
124389,2022-03-31,train
124389,2022-04-30,train
124389,2022-05-31,train
124389,2022-06-30,train
124389,2022-07-31,train
124389,2022-08-31,train
124389,2022-09-30,train
124389,2022-10-31,train
124389,2022-11-30,train
124389,2022-12-31,train
124389,2023-01-31,train
124389,2023-02-28,train
124389,2023-03-31,train
124389,2023-04-30,train
124389,2023-05-31,train
124391,2021-07-31,train
124391,2021-08-31,train
124391,2021-09-30,train
124391,2021-10-31,train
124391,2021-11-30,train
124391,2021-12-31,train
124391,2022-01-31,train
124391,2022-02-28,train
124391,2022-03-31,train
124391,2022-04-30,train
124391,2022-05-31,train
124391,2022-06-30,train
124391,2022-07-31,train
124391,2022-08-31,train
124391,2022-09-30,train
124391,2022-10-31,train
124391,2022-11-30,train
124391,2022-12-31,train
124391,2023-01-31,train
124391,2023-02-28,train
124399,2021-07-31,train
124399,2021-08-31,train
124399,2021-09-30,train
124399,2021-10-31,train
124399,2021-11-30,train
124399,2021-12-31,train
124399,2022-01-31,train
124399,2022-02-28,train
124399,2022-03-31,train
124399,2022-04-30,train
124399,2022-05-31,train
124399,2022-06-30,train
124399,2022-07-31,train
124399,2022-08-31,train
124399,2022-09-30,train
124399,2022-10-31,train
124399,2022-11-30,train
124399,2022-12-31,train
124399,2023-01-31,train
124399,2023-02-28,train
124399,2023-03-31,train
124399,2023-04-30,train
124399,2023-05-31,train
124399,2023-06-30,train
124399,2023-07-31,train
124399,2023-08-31,train
124399,2023-09-30,train
124399,2023-10-31,train
124399,2023-11-30,train
124399,2023-12-31,train
124399,2024-01-31,train
124399,2024-02-29,train
124399,2024-03-31,train
124399,2024-04-30,train
124399,2024-05-31,train
124399,2024-06-30,train
124399,2024-07-31,train
124399,2024-08-31,train
124400,2021-07-31,train
124400,2021-08-31,train
124400,2021-09-30,train
124400,2021-10-31,train
124400,2021-11-30,train
124400,2021-12-31,train
124400,2022-01-31,train
124400,2022-02-28,train
124400,2022-03-31,train
124400,2022-04-30,train
124400,2022-05-31,train
124400,2022-06-30,train
124400,2022-07-31,train
124400,2022-08-31,train
124400,2022-09-30,train
124400,2022-10-31,train
124400,2022-11-30,train
124400,2022-12-31,train
124400,2023-01-31,train
124400,2023-02-28,train
124400,2023-03-31,train
124400,2023-04-30,train
124400,2023-05-31,train
124401,2021-07-31,train
124401,2021-08-31,train
124401,2021-09-30,train
124401,2021-10-31,train
124401,2021-11-30,train
124401,2021-12-31,train
124401,2022-01-31,train
124401,2022-02-28,train
124401,2022-03-31,train
124401,2022-04-30,train
124401,2022-05-31,train
124401,2022-06-30,train
124401,2022-07-31,train
124401,2022-08-31,train
124401,2022-09-30,train
124401,2022-10-31,train
124401,2022-11-30,train
124401,2022-12-31,train
124401,2023-01-31,train
124401,2023-02-28,train
124401,2023-03-31,train
124401,2023-04-30,train
124401,2023-05-31,train
124402,2021-07-31,train
124402,2021-08-31,train
124402,2021-09-30,train
124402,2021-10-31,train
124402,2021-11-30,train
124402,2021-12-31,train
124402,2022-01-31,train
124402,2022-02-28,train
124402,2022-03-31,train
124402,2022-04-30,train
124402,2022-05-31,train
124402,2022-06-30,train
124402,2022-07-31,train
124402,2022-08-31,train
124402,2022-09-30,train
124402,2022-10-31,train
124402,2022-11-30,train
124402,2022-12-31,train
124402,2023-01-31,train
124402,2023-02-28,train
124402,2023-03-31,train
124402,2023-04-30,train
124402,2023-05-31,train
124402,2023-06-30,train
124402,2023-07-31,train
124402,2023-08-31,train
124402,2023-09-30,train
124402,2023-10-31,train
124402,2023-11-30,train
124402,2023-12-31,train
124402,2024-01-31,train
124402,2024-02-29,train
124402,2024-03-31,train
124402,2024-04-30,train
124402,2024-05-31,train
124402,2024-06-30,train
124402,2024-07-31,train
124402,2024-08-31,train
124407,2021-07-31,train
124407,2021-08-31,train
124407,2021-09-30,train
124407,2021-10-31,train
124407,2021-11-30,train
124407,2021-12-31,train
124407,2022-01-31,train
124407,2022-02-28,train
124407,2022-03-31,train
124407,2022-04-30,train
124407,2022-05-31,train
124407,2022-06-30,train
124407,2022-07-31,train
124407,2022-08-31,train
124407,2022-09-30,train
124407,2022-10-31,train
124407,2022-11-30,train
124407,2022-12-31,train
124407,2023-01-31,train
124407,2023-02-28,train
124407,2023-03-31,train
124407,2023-04-30,train
124407,2023-05-31,train
124407,2023-06-30,train
124407,2023-07-31,train
124407,2023-08-31,train
124407,2023-09-30,train
124407,2023-10-31,train
124407,2023-11-30,train
124407,2023-12-31,train
124407,2024-01-31,train
124407,2024-02-29,train
124407,2024-03-31,train
124407,2024-04-30,train
124407,2024-05-31,train
124407,2024-06-30,train
124407,2024-07-31,train
124407,2024-08-31,train
124420,2021-07-31,train
124420,2021-08-31,train
124420,2021-09-30,train
124420,2021-10-31,train
124420,2021-11-30,train
124420,2021-12-31,train
124420,2022-01-31,train
124420,2022-02-28,train
124420,2022-03-31,train
124420,2022-04-30,train
124420,2022-05-31,train
124420,2022-06-30,train
124420,2022-07-31,train
124420,2022-08-31,train
124420,2022-09-30,train
124420,2022-10-31,train
124420,2022-11-30,train
124420,2022-12-31,train
124420,2023-01-31,train
124420,2023-02-28,train
124420,2023-03-31,train
124420,2023-04-30,train
124420,2023-05-31,train
124420,2023-06-30,train
124420,2023-07-31,train
124420,2023-08-31,train
124420,2023-09-30,train
124420,2023-10-31,train
124420,2023-11-30,train
124420,2023-12-31,train
124420,2024-01-31,train
124420,2024-02-29,train
124420,2024-03-31,train
124420,2024-04-30,train
124420,2024-05-31,train
124420,2024-06-30,train
124420,2024-07-31,train
124420,2024-08-31,train
124424,2021-07-31,train
124424,2021-08-31,train
124424,2021-09-30,train
124424,2021-10-31,train
124424,2021-11-30,train
124424,2021-12-31,train
124424,2022-01-31,train
124424,2022-02-28,train
124424,2022-03-31,train
124424,2022-04-30,train
124424,2022-05-31,train
124424,2022-06-30,train
124424,2022-07-31,train
124424,2022-08-31,train
124424,2022-09-30,train
124424,2022-10-31,train
124424,2022-11-30,train
124424,2022-12-31,train
124424,2023-01-31,train
124424,2023-02-28,train
124424,2023-03-31,train
124424,2023-04-30,train
124424,2023-05-31,train
124424,2023-06-30,train
124424,2023-07-31,train
124424,2023-08-31,train
124424,2023-09-30,train
124424,2023-10-31,train
124424,2023-11-30,train
124424,2023-12-31,train
124424,2024-01-31,train
124424,2024-02-29,train
124424,2024-03-31,train
124424,2024-04-30,train
124424,2024-05-31,train
124424,2024-06-30,train
124424,2024-07-31,train
124424,2024-08-31,train
124438,2022-12-31,train
124438,2023-01-31,train
124438,2023-02-28,train
124438,2023-03-31,train
124438,2023-04-30,train
124438,2023-05-31,train
124438,2023-06-30,train
124438,2023-07-31,train
124438,2023-08-31,train
124438,2023-09-30,train
124438,2023-10-31,train
124438,2023-11-30,train
124438,2023-12-31,train
124438,2024-01-31,train
124438,2024-02-29,train
124438,2024-03-31,train
124438,2024-04-30,train
124438,2024-05-31,train
124438,2024-06-30,train
124438,2024-07-31,train
124438,2024-08-31,train
124458,2022-11-30,train
124458,2022-12-31,train
124458,2023-01-31,train
124458,2023-02-28,train
124458,2023-03-31,train
124458,2023-04-30,train
124458,2023-05-31,train
124458,2023-06-30,train
124458,2023-07-31,train
124458,2023-08-31,train
124458,2023-09-30,train
124458,2023-10-31,train
124458,2023-11-30,train
124458,2023-12-31,train
124458,2024-01-31,train
124458,2024-02-29,train
124458,2024-03-31,train
124458,2024-04-30,train
124458,2024-05-31,train
124458,2024-06-30,train
124458,2024-07-31,train
124458,2024-08-31,train
124459,2021-07-31,train
124459,2021-08-31,train
124459,2021-09-30,train
124459,2021-10-31,train
124459,2021-11-30,train
124459,2021-12-31,train
124459,2022-01-31,train
124459,2022-02-28,train
124459,2022-03-31,train
124459,2022-04-30,train
124459,2022-05-31,train
124459,2022-06-30,train
124459,2022-07-31,train
124459,2022-08-31,train
124459,2022-09-30,train
124459,2022-10-31,train
124459,2022-11-30,train
124459,2022-12-31,train
124459,2023-01-31,train
124459,2023-02-28,train
124459,2023-03-31,train
124459,2023-04-30,train
124459,2023-05-31,train
124459,2023-06-30,train
124459,2023-07-31,train
124459,2023-08-31,train
124459,2023-09-30,train
124459,2023-10-31,train
124459,2023-11-30,train
124459,2023-12-31,train
124459,2024-01-31,train
124459,2024-02-29,train
124459,2024-03-31,train
124459,2024-04-30,train
124459,2024-05-31,train
124459,2024-06-30,train
124459,2024-07-31,train
124459,2024-08-31,train
124473,2021-07-31,train
124473,2021-08-31,train
124473,2021-09-30,train
124473,2021-10-31,train
124473,2021-11-30,train
124473,2021-12-31,train
124473,2022-01-31,train
124473,2022-02-28,train
124473,2022-03-31,train
124473,2022-04-30,train
124473,2022-05-31,train
124473,2022-06-30,train
124473,2022-07-31,train
124473,2022-08-31,train
124473,2022-09-30,train
124473,2022-10-31,train
124473,2022-11-30,train
124473,2022-12-31,train
124473,2023-01-31,train
124473,2023-02-28,train
124473,2023-03-31,train
124473,2023-04-30,train
124473,2023-05-31,train
124473,2023-06-30,train
124473,2023-07-31,train
124473,2023-08-31,train
124473,2023-09-30,train
124473,2023-10-31,train
124473,2023-11-30,train
124473,2023-12-31,train
124473,2024-01-31,train
124473,2024-02-29,train
124473,2024-03-31,train
124473,2024-04-30,train
124473,2024-05-31,train
124473,2024-06-30,train
124473,2024-07-31,train
124473,2024-08-31,train
124474,2021-07-31,train
124474,2021-08-31,train
124474,2021-09-30,train
124474,2021-10-31,train
124474,2021-11-30,train
124474,2021-12-31,train
124474,2022-01-31,train
124474,2022-02-28,train
124474,2022-03-31,train
124474,2022-04-30,train
124474,2022-05-31,train
124474,2022-06-30,train
124474,2022-07-31,train
124474,2022-08-31,train
124474,2022-09-30,train
124474,2022-10-31,train
124474,2022-11-30,train
124474,2022-12-31,train
124474,2023-01-31,train
124474,2023-02-28,train
124474,2023-03-31,train
124474,2023-04-30,train
124474,2023-05-31,train
124474,2023-06-30,train
124474,2023-07-31,train
124474,2023-08-31,train
124474,2023-09-30,train
124474,2023-10-31,train
124474,2023-11-30,train
124474,2023-12-31,train
124474,2024-01-31,train
124474,2024-02-29,train
124474,2024-03-31,train
124474,2024-04-30,train
124474,2024-05-31,train
124474,2024-06-30,train
124474,2024-07-31,train
124474,2024-08-31,train
124476,2021-07-31,train
124476,2021-08-31,train
124476,2021-09-30,train
124476,2021-10-31,train
124476,2021-11-30,train
124476,2021-12-31,train
124476,2022-01-31,train
124476,2022-02-28,train
124476,2022-03-31,train
124476,2022-04-30,train
124476,2022-05-31,train
124476,2022-06-30,train
124476,2022-07-31,train
124476,2022-08-31,train
124476,2022-09-30,train
124476,2022-10-31,train
124476,2022-11-30,train
124476,2022-12-31,train
124476,2023-01-31,train
124476,2023-02-28,train
124476,2023-03-31,train
124476,2023-04-30,train
124476,2023-05-31,train
124476,2023-06-30,train
124476,2023-07-31,train
124476,2023-08-31,train
124476,2023-09-30,train
124476,2023-10-31,train
124476,2023-11-30,train
124476,2023-12-31,train
124476,2024-01-31,train
124476,2024-02-29,train
124476,2024-03-31,train
124476,2024-04-30,train
124476,2024-05-31,train
124476,2024-06-30,train
124476,2024-07-31,train
124476,2024-08-31,train
124477,2021-07-31,train
124477,2021-08-31,train
124477,2021-09-30,train
124477,2021-10-31,train
124477,2021-11-30,train
124477,2021-12-31,train
124477,2022-01-31,train
124477,2022-02-28,train
124477,2022-03-31,train
124477,2022-04-30,train
124477,2022-05-31,train
124477,2022-06-30,train
124477,2022-07-31,train
124477,2022-08-31,train
124477,2022-09-30,train
124477,2022-10-31,train
124477,2022-11-30,train
124477,2022-12-31,train
124477,2023-01-31,train
124477,2023-02-28,train
124477,2023-03-31,train
124477,2023-04-30,train
124477,2023-05-31,train
124477,2023-06-30,train
124477,2023-07-31,train
124477,2023-08-31,train
124477,2023-09-30,train
124477,2023-10-31,train
124477,2023-11-30,train
124477,2023-12-31,train
124477,2024-01-31,train
124477,2024-02-29,train
124477,2024-03-31,train
124477,2024-04-30,train
124477,2024-05-31,train
124477,2024-06-30,train
124477,2024-07-31,train
124477,2024-08-31,train
124480,2021-07-31,train
124480,2021-08-31,train
124480,2021-09-30,train
124480,2021-10-31,train
124480,2021-11-30,train
124480,2021-12-31,train
124480,2022-01-31,train
124480,2022-02-28,train
124480,2022-03-31,train
124480,2022-04-30,train
124480,2022-05-31,train
124480,2022-06-30,train
124480,2022-07-31,train
124480,2022-08-31,train
124480,2022-09-30,train
124480,2022-10-31,train
124480,2022-11-30,train
124480,2022-12-31,train
124480,2023-01-31,train
124480,2023-02-28,train
124480,2023-03-31,train
124480,2023-04-30,train
124480,2023-05-31,train
124480,2023-06-30,train
124480,2023-07-31,train
124480,2023-08-31,train
124480,2023-09-30,train
124480,2023-10-31,train
124480,2023-11-30,train
124480,2023-12-31,train
124480,2024-01-31,train
124480,2024-02-29,train
124480,2024-03-31,train
124480,2024-04-30,train
124480,2024-05-31,train
124480,2024-06-30,train
124480,2024-07-31,train
124480,2024-08-31,train
124499,2021-07-31,train
124499,2021-08-31,train
124499,2021-09-30,train
124499,2021-10-31,train
124499,2021-11-30,train
124499,2021-12-31,train
124499,2022-01-31,train
124499,2022-02-28,train
124499,2022-03-31,train
124499,2022-04-30,train
124499,2022-05-31,train
124499,2022-06-30,train
124499,2022-07-31,train
124499,2022-08-31,train
124499,2022-09-30,train
124499,2022-10-31,train
124499,2022-11-30,train
124499,2022-12-31,train
124499,2023-01-31,train
124499,2023-02-28,train
124499,2023-03-31,train
124499,2023-04-30,train
124499,2023-05-31,train
124499,2023-06-30,train
124499,2023-07-31,train
124499,2023-08-31,train
124499,2023-09-30,train
124499,2023-10-31,train
124499,2023-11-30,train
124499,2023-12-31,train
124499,2024-01-31,train
124499,2024-02-29,train
124499,2024-03-31,train
124499,2024-04-30,train
124499,2024-05-31,train
124499,2024-06-30,train
124499,2024-07-31,train
124499,2024-08-31,train
124500,2021-07-31,train
124500,2021-08-31,train
124500,2021-09-30,train
124500,2021-10-31,train
124500,2021-11-30,train
124500,2021-12-31,train
124500,2022-01-31,train
124500,2022-02-28,train
124500,2022-03-31,train
124500,2022-04-30,train
124500,2022-05-31,train
124500,2022-06-30,train
124500,2022-07-31,train
124500,2022-08-31,train
124500,2022-09-30,train
124500,2022-10-31,train
124500,2022-11-30,train
124500,2022-12-31,train
124500,2023-01-31,train
124500,2023-02-28,train
124500,2023-03-31,train
124500,2023-04-30,train
124500,2023-05-31,train
124500,2023-06-30,train
124500,2023-07-31,train
124500,2023-08-31,train
124500,2023-09-30,train
124500,2023-10-31,train
124500,2023-11-30,train
124500,2023-12-31,train
124500,2024-01-31,train
124500,2024-02-29,train
124500,2024-03-31,train
124500,2024-04-30,train
124500,2024-05-31,train
124500,2024-06-30,train
124500,2024-07-31,train
124500,2024-08-31,train
124524,2021-07-31,train
124524,2021-08-31,train
124524,2021-09-30,train
124524,2021-10-31,train
124524,2021-11-30,train
124524,2021-12-31,train
124524,2022-01-31,train
124524,2022-02-28,train
124524,2022-03-31,train
124524,2022-04-30,train
124524,2022-05-31,train
124524,2022-06-30,train
124524,2022-07-31,train
124524,2022-08-31,train
124524,2022-09-30,train
124524,2022-10-31,train
124524,2022-11-30,train
124524,2022-12-31,train
124524,2023-01-31,train
124524,2023-02-28,train
124524,2023-03-31,train
124524,2023-04-30,train
124524,2023-05-31,train
124524,2023-06-30,train
124524,2023-07-31,train
124524,2023-08-31,train
124524,2023-09-30,train
124524,2023-10-31,train
124524,2023-11-30,train
124524,2023-12-31,train
124524,2024-01-31,train
124524,2024-02-29,train
124524,2024-03-31,train
124524,2024-04-30,train
124524,2024-05-31,train
124524,2024-06-30,train
124524,2024-07-31,train
124524,2024-08-31,train
124526,2021-07-31,train
124526,2021-08-31,train
124526,2021-09-30,train
124526,2021-10-31,train
124526,2021-11-30,train
124526,2021-12-31,train
124526,2022-01-31,train
124526,2022-02-28,train
124526,2022-03-31,train
124526,2022-04-30,train
124526,2022-05-31,train
124526,2022-06-30,train
124526,2022-07-31,train
124526,2022-08-31,train
124526,2022-09-30,train
124526,2022-10-31,train
124526,2022-11-30,train
124526,2022-12-31,train
124526,2023-01-31,train
124526,2023-02-28,train
124537,2021-07-31,train
124537,2021-08-31,train
124537,2021-09-30,train
124537,2021-10-31,train
124537,2021-11-30,train
124537,2021-12-31,train
124537,2022-01-31,train
124537,2022-02-28,train
124537,2022-03-31,train
124537,2022-04-30,train
124537,2022-05-31,train
124537,2022-06-30,train
124537,2022-07-31,train
124537,2022-08-31,train
124537,2022-09-30,train
124537,2022-10-31,train
124537,2022-11-30,train
124537,2022-12-31,train
124537,2023-01-31,train
124537,2023-02-28,train
124537,2023-03-31,train
124537,2023-04-30,train
124537,2023-05-31,train
124537,2023-06-30,train
124537,2023-07-31,train
124537,2023-08-31,train
124537,2023-09-30,train
124537,2023-10-31,train
124537,2023-11-30,train
124537,2023-12-31,train
124537,2024-01-31,train
124537,2024-02-29,train
124537,2024-03-31,train
124537,2024-04-30,train
124537,2024-05-31,train
124537,2024-06-30,train
124537,2024-07-31,train
124537,2024-08-31,train
124545,2024-01-31,train
124545,2024-02-29,train
124545,2024-03-31,train
124545,2024-04-30,train
124545,2024-05-31,train
124545,2024-06-30,train
124545,2024-07-31,train
124545,2024-08-31,train
124549,2021-07-31,train
124549,2021-08-31,train
124549,2021-09-30,train
124549,2021-10-31,train
124549,2021-11-30,train
124549,2021-12-31,train
124549,2022-01-31,train
124549,2022-02-28,train
124549,2022-03-31,train
124549,2022-04-30,train
124549,2022-05-31,train
124549,2022-06-30,train
124549,2022-07-31,train
124549,2022-08-31,train
124549,2022-09-30,train
124549,2022-10-31,train
124549,2022-11-30,train
124549,2022-12-31,train
124549,2023-01-31,train
124549,2023-02-28,train
124549,2023-03-31,train
124549,2023-04-30,train
124549,2023-05-31,train
124549,2023-06-30,train
124549,2023-07-31,train
124549,2023-08-31,train
124549,2023-09-30,train
124549,2023-10-31,train
124549,2023-11-30,train
124549,2023-12-31,train
124549,2024-01-31,train
124549,2024-02-29,train
124549,2024-03-31,train
124549,2024-04-30,train
124549,2024-05-31,train
124549,2024-06-30,train
124549,2024-07-31,train
124549,2024-08-31,train
124551,2021-07-31,train
124551,2021-08-31,train
124551,2021-09-30,train
124551,2021-10-31,train
124551,2021-11-30,train
124551,2021-12-31,train
124551,2022-01-31,train
124551,2022-02-28,train
124551,2022-03-31,train
124551,2022-04-30,train
124551,2022-05-31,train
124551,2022-06-30,train
124551,2022-07-31,train
124551,2022-08-31,train
124551,2022-09-30,train
124551,2022-10-31,train
124551,2022-11-30,train
124551,2022-12-31,train
124551,2023-01-31,train
124551,2023-02-28,train
124551,2023-03-31,train
124551,2023-04-30,train
124551,2023-05-31,train
124551,2023-06-30,train
124551,2023-07-31,train
124551,2023-08-31,train
124551,2023-09-30,train
124551,2023-10-31,train
124551,2023-11-30,train
124551,2023-12-31,train
124551,2024-01-31,train
124551,2024-02-29,train
124551,2024-03-31,train
124551,2024-04-30,train
124551,2024-05-31,train
124551,2024-06-30,train
124551,2024-07-31,train
124551,2024-08-31,train
124553,2021-07-31,train
124553,2021-08-31,train
124553,2021-09-30,train
124553,2021-10-31,train
124553,2021-11-30,train
124553,2021-12-31,train
124553,2022-01-31,train
124553,2022-02-28,train
124553,2022-03-31,train
124553,2022-04-30,train
124553,2022-05-31,train
124553,2022-06-30,train
124553,2022-07-31,train
124553,2022-08-31,train
124553,2022-09-30,train
124553,2022-10-31,train
124553,2022-11-30,train
124553,2022-12-31,train
124553,2023-01-31,train
124553,2023-02-28,train
124553,2023-03-31,train
124553,2023-04-30,train
124553,2023-05-31,train
124553,2023-06-30,train
124553,2023-07-31,train
124553,2023-08-31,train
124553,2023-09-30,train
124553,2023-10-31,train
124553,2023-11-30,train
124553,2023-12-31,train
124553,2024-01-31,train
124553,2024-02-29,train
124553,2024-03-31,train
124553,2024-04-30,train
124553,2024-05-31,train
124553,2024-06-30,train
124553,2024-07-31,train
124553,2024-08-31,train
124555,2021-07-31,train
124555,2021-08-31,train
124555,2021-09-30,train
124555,2021-10-31,train
124555,2021-11-30,train
124555,2021-12-31,train
124555,2022-01-31,train
124555,2022-02-28,train
124555,2022-03-31,train
124555,2022-04-30,train
124555,2022-05-31,train
124555,2022-06-30,train
124555,2022-07-31,train
124555,2022-08-31,train
124555,2022-09-30,train
124555,2022-10-31,train
124555,2022-11-30,train
124555,2022-12-31,train
124555,2023-01-31,train
124555,2023-02-28,train
124555,2023-03-31,train
124555,2023-04-30,train
124555,2023-05-31,train
124556,2024-06-30,train
124556,2024-07-31,train
124556,2024-08-31,train
124557,2023-09-30,train
124557,2023-10-31,train
124557,2023-11-30,train
124557,2023-12-31,train
124557,2024-01-31,train
124557,2024-02-29,train
124557,2024-03-31,train
124557,2024-04-30,train
124557,2024-05-31,train
124557,2024-06-30,train
124557,2024-07-31,train
124557,2024-08-31,train
124558,2021-07-31,train
124558,2021-08-31,train
124558,2021-09-30,train
124558,2021-10-31,train
124558,2021-11-30,train
124558,2021-12-31,train
124558,2022-01-31,train
124558,2022-02-28,train
124558,2022-03-31,train
124558,2022-04-30,train
124558,2022-05-31,train
124558,2022-06-30,train
124558,2022-07-31,train
124558,2022-08-31,train
124558,2022-09-30,train
124558,2022-10-31,train
124558,2022-11-30,train
124558,2022-12-31,train
124558,2023-01-31,train
124558,2023-02-28,train
124558,2023-03-31,train
124558,2023-04-30,train
124558,2023-05-31,train
124558,2023-06-30,train
124558,2023-07-31,train
124558,2023-08-31,train
124558,2023-09-30,train
124558,2023-10-31,train
124558,2023-11-30,train
124558,2023-12-31,train
124558,2024-01-31,train
124558,2024-02-29,train
124558,2024-03-31,train
124558,2024-04-30,train
124558,2024-05-31,train
124558,2024-06-30,train
124558,2024-07-31,train
124558,2024-08-31,train
124573,2021-07-31,train
124573,2021-08-31,train
124573,2021-09-30,train
124573,2021-10-31,train
124573,2021-11-30,train
124573,2021-12-31,train
124573,2022-01-31,train
124573,2022-02-28,train
124573,2022-03-31,train
124573,2022-04-30,train
124573,2022-05-31,train
124573,2022-06-30,train
124573,2022-07-31,train
124573,2022-08-31,train
124573,2022-09-30,train
124573,2022-10-31,train
124573,2022-11-30,train
124573,2022-12-31,train
124573,2023-01-31,train
124573,2023-02-28,train
124573,2023-03-31,train
124573,2023-04-30,train
124573,2023-05-31,train
124573,2023-06-30,train
124573,2023-07-31,train
124573,2023-08-31,train
124573,2023-09-30,train
124573,2023-10-31,train
124573,2023-11-30,train
124573,2023-12-31,train
124573,2024-01-31,train
124573,2024-02-29,train
124573,2024-03-31,train
124573,2024-04-30,train
124573,2024-05-31,train
124573,2024-06-30,train
124573,2024-07-31,train
124573,2024-08-31,train
124583,2021-07-31,train
124583,2021-08-31,train
124583,2021-09-30,train
124583,2021-10-31,train
124583,2021-11-30,train
124583,2021-12-31,train
124583,2022-01-31,train
124583,2022-02-28,train
124583,2022-03-31,train
124583,2022-04-30,train
124583,2022-05-31,train
124583,2022-06-30,train
124583,2022-07-31,train
124583,2022-08-31,train
124583,2022-09-30,train
124583,2022-10-31,train
124583,2022-11-30,train
124583,2022-12-31,train
124583,2023-01-31,train
124583,2023-02-28,train
124583,2023-03-31,train
124665,2021-07-31,train
124665,2021-08-31,train
124665,2021-09-30,train
124665,2021-10-31,train
124665,2021-11-30,train
124665,2021-12-31,train
124665,2022-01-31,train
124665,2022-02-28,train
124665,2022-03-31,train
124665,2022-04-30,train
124665,2022-05-31,train
124665,2022-06-30,train
124665,2022-07-31,train
124665,2022-08-31,train
124665,2022-09-30,train
124665,2022-10-31,train
124665,2022-11-30,train
124665,2022-12-31,train
124665,2023-01-31,train
124665,2023-02-28,train
124665,2023-03-31,train
124665,2023-04-30,train
124665,2023-05-31,train
124665,2023-06-30,train
124665,2023-07-31,train
124665,2023-08-31,train
124665,2023-09-30,train
124665,2023-10-31,train
124665,2023-11-30,train
124665,2023-12-31,train
124665,2024-01-31,train
124665,2024-02-29,train
124665,2024-03-31,train
124665,2024-04-30,train
124665,2024-05-31,train
124665,2024-06-30,train
124665,2024-07-31,train
124665,2024-08-31,train
125167,2021-07-31,train
125167,2021-08-31,train
125167,2021-09-30,train
125167,2021-10-31,train
125167,2021-11-30,train
125167,2021-12-31,train
125167,2022-01-31,train
125167,2022-02-28,train
125167,2022-03-31,train
125167,2022-04-30,train
125167,2022-05-31,train
125167,2022-06-30,train
125167,2022-07-31,train
125167,2022-08-31,train
125167,2022-09-30,train
125167,2022-10-31,train
125167,2022-11-30,train
125167,2022-12-31,train
125167,2023-01-31,train
125167,2023-02-28,train
125167,2023-03-31,train
125167,2023-04-30,train
125167,2023-05-31,train
125167,2023-06-30,train
125167,2023-07-31,train
125167,2023-08-31,train
125167,2023-09-30,train
125167,2023-10-31,train
125167,2023-11-30,train
125167,2023-12-31,train
125167,2024-01-31,train
125167,2024-02-29,train
125167,2024-03-31,train
125167,2024-04-30,train
125167,2024-05-31,train
125167,2024-06-30,train
125167,2024-07-31,train
125167,2024-08-31,train
125168,2021-07-31,train
125168,2021-08-31,train
125168,2021-09-30,train
125168,2021-10-31,train
125168,2021-11-30,train
125168,2021-12-31,train
125168,2022-01-31,train
125168,2022-02-28,train
125168,2022-03-31,train
125168,2022-04-30,train
125168,2022-05-31,train
125168,2022-06-30,train
125168,2022-07-31,train
125168,2022-08-31,train
125168,2022-09-30,train
125168,2022-10-31,train
125168,2022-11-30,train
125168,2022-12-31,train
125168,2023-01-31,train
125168,2023-02-28,train
125168,2023-03-31,train
125168,2023-04-30,train
125168,2023-05-31,train
125168,2023-06-30,train
125168,2023-07-31,train
125168,2023-08-31,train
125168,2023-09-30,train
125168,2023-10-31,train
125168,2023-11-30,train
125168,2023-12-31,train
125168,2024-01-31,train
125168,2024-02-29,train
125168,2024-03-31,train
125168,2024-04-30,train
125168,2024-05-31,train
125168,2024-06-30,train
125168,2024-07-31,train
125168,2024-08-31,train
125179,2021-07-31,train
125179,2021-08-31,train
125179,2021-09-30,train
125179,2021-10-31,train
125179,2021-11-30,train
125179,2021-12-31,train
125179,2022-01-31,train
125179,2022-02-28,train
125179,2022-03-31,train
125179,2022-04-30,train
125179,2022-05-31,train
125179,2022-06-30,train
125179,2022-07-31,train
125179,2022-08-31,train
125179,2022-09-30,train
125179,2022-10-31,train
125179,2022-11-30,train
125179,2022-12-31,train
125179,2023-01-31,train
125179,2023-02-28,train
125179,2023-03-31,train
125179,2023-04-30,train
125179,2023-05-31,train
125179,2023-06-30,train
125179,2023-07-31,train
125179,2023-08-31,train
125179,2023-09-30,train
125179,2023-10-31,train
125179,2023-11-30,train
125179,2023-12-31,train
125179,2024-01-31,train
125179,2024-02-29,train
125179,2024-03-31,train
125179,2024-04-30,train
125179,2024-05-31,train
125179,2024-06-30,train
125179,2024-07-31,train
125179,2024-08-31,train
125241,2021-07-31,train
125241,2021-08-31,train
125241,2021-09-30,train
125241,2021-10-31,train
125241,2021-11-30,train
125241,2021-12-31,train
125241,2022-01-31,train
125241,2022-02-28,train
125241,2022-03-31,train
125241,2022-04-30,train
125241,2022-05-31,train
125241,2022-06-30,train
125241,2022-07-31,train
125241,2022-08-31,train
125241,2022-09-30,train
125241,2022-10-31,train
125241,2022-11-30,train
125241,2022-12-31,train
125241,2023-01-31,train
125241,2023-02-28,train
125241,2023-03-31,train
125241,2023-04-30,train
125241,2023-05-31,train
125241,2023-06-30,train
125241,2023-07-31,train
125241,2023-08-31,train
125241,2023-09-30,train
125241,2023-10-31,train
125241,2023-11-30,train
125241,2023-12-31,train
125241,2024-01-31,train
125241,2024-02-29,train
125241,2024-03-31,train
125241,2024-04-30,train
125241,2024-05-31,train
125241,2024-06-30,train
125241,2024-07-31,train
125241,2024-08-31,train
125252,2023-01-31,train
125252,2023-02-28,train
125252,2023-03-31,train
125252,2023-04-30,train
125252,2023-05-31,train
125252,2023-06-30,train
125252,2023-07-31,train
125252,2023-08-31,train
125252,2023-09-30,train
125252,2023-10-31,train
125252,2023-11-30,train
125252,2023-12-31,train
125252,2024-01-31,train
125252,2024-02-29,train
125252,2024-03-31,train
125252,2024-04-30,train
125252,2024-05-31,train
125252,2024-06-30,train
125252,2024-07-31,train
125252,2024-08-31,train
125638,2022-07-31,train
125638,2022-08-31,train
125638,2022-09-30,train
125638,2022-10-31,train
125638,2022-11-30,train
125638,2022-12-31,train
125638,2023-01-31,train
125638,2023-02-28,train
125638,2023-03-31,train
125638,2023-04-30,train
125638,2023-05-31,train
125638,2023-06-30,train
125638,2023-07-31,train
125638,2023-08-31,train
125638,2023-09-30,train
125638,2023-10-31,train
125638,2023-11-30,train
125638,2023-12-31,train
125638,2024-01-31,train
125888,2021-07-31,train
125888,2021-08-31,train
125888,2021-09-30,train
125888,2021-10-31,train
125888,2021-11-30,train
125888,2021-12-31,train
125888,2022-01-31,train
125888,2022-02-28,train
125888,2022-03-31,train
125888,2022-04-30,train
125888,2022-05-31,train
125888,2022-06-30,train
125888,2022-07-31,train
125888,2022-08-31,train
125888,2022-09-30,train
125888,2022-10-31,train
125888,2022-11-30,train
125888,2022-12-31,train
125888,2023-01-31,train
125888,2023-02-28,train
125888,2023-03-31,train
125888,2023-04-30,train
125888,2023-05-31,train
125888,2023-06-30,train
125888,2023-07-31,train
125888,2023-08-31,train
125888,2023-09-30,train
125888,2023-10-31,train
125888,2023-11-30,train
125888,2023-12-31,train
125888,2024-01-31,train
125888,2024-02-29,train
125888,2024-03-31,train
125888,2024-04-30,train
125888,2024-05-31,train
125888,2024-06-30,train
125888,2024-07-31,train
125888,2024-08-31,train
125889,2022-11-30,train
125889,2022-12-31,train
125889,2023-01-31,train
125889,2023-02-28,train
125889,2023-03-31,train
125889,2023-04-30,train
125889,2023-05-31,train
125889,2023-06-30,train
125889,2023-07-31,train
125889,2023-08-31,train
125889,2023-09-30,train
125889,2023-10-31,train
125889,2023-11-30,train
125889,2023-12-31,train
125889,2024-01-31,train
125889,2024-02-29,train
125889,2024-03-31,train
125889,2024-04-30,train
125889,2024-05-31,train
125889,2024-06-30,train
125889,2024-07-31,train
125889,2024-08-31,train
126143,2021-07-31,train
126143,2021-08-31,train
126143,2021-09-30,train
126143,2021-10-31,train
126143,2021-11-30,train
126143,2021-12-31,train
126143,2022-01-31,train
126143,2022-02-28,train
126143,2022-03-31,train
126143,2022-04-30,train
126143,2022-05-31,train
126143,2022-06-30,train
126143,2022-07-31,train
126143,2022-08-31,train
126143,2022-09-30,train
126143,2022-10-31,train
126143,2022-11-30,train
126143,2022-12-31,train
126143,2023-01-31,train
126143,2023-02-28,train
126143,2023-03-31,train
126143,2023-04-30,train
126143,2023-05-31,train
126143,2023-06-30,train
126143,2023-07-31,train
126143,2023-08-31,train
126143,2023-09-30,train
126143,2023-10-31,train
126143,2023-11-30,train
126143,2023-12-31,train
126143,2024-01-31,train
126143,2024-02-29,train
126143,2024-03-31,train
126143,2024-04-30,train
126143,2024-05-31,train
126143,2024-06-30,train
126143,2024-07-31,train
126143,2024-08-31,train
126170,2022-03-31,train
126170,2022-04-30,train
126170,2022-05-31,train
126170,2022-06-30,train
126170,2022-07-31,train
126170,2022-08-31,train
126170,2022-09-30,train
126170,2022-10-31,train
126170,2022-11-30,train
126170,2022-12-31,train
126170,2023-01-31,train
126170,2023-02-28,train
126170,2023-03-31,train
126170,2023-04-30,train
126170,2023-05-31,train
126170,2023-06-30,train
126170,2023-07-31,train
126170,2023-08-31,train
126170,2023-09-30,train
126170,2023-10-31,train
126170,2023-11-30,train
126170,2023-12-31,train
126170,2024-01-31,train
126170,2024-02-29,train
126170,2024-03-31,train
126170,2024-04-30,train
126170,2024-05-31,train
126170,2024-06-30,train
126170,2024-07-31,train
126170,2024-08-31,train
126399,2021-07-31,train
126399,2021-08-31,train
126399,2021-09-30,train
126399,2021-10-31,train
126399,2021-11-30,train
126399,2021-12-31,train
126399,2022-01-31,train
126399,2022-02-28,train
126399,2022-03-31,train
126399,2022-04-30,train
126399,2022-05-31,train
126399,2022-06-30,train
126399,2022-07-31,train
126399,2022-08-31,train
126399,2022-09-30,train
126399,2022-10-31,train
126500,2021-07-31,train
126500,2021-08-31,train
126500,2021-09-30,train
126500,2021-10-31,train
126500,2021-11-30,train
126500,2021-12-31,train
126500,2022-01-31,train
126500,2022-02-28,train
126500,2022-03-31,train
126500,2022-04-30,train
126500,2022-05-31,train
126500,2022-06-30,train
126500,2022-07-31,train
126500,2022-08-31,train
126500,2022-09-30,train
126500,2022-10-31,train
126500,2022-11-30,train
126500,2022-12-31,train
126500,2023-01-31,train
126500,2023-02-28,train
126500,2023-03-31,train
126500,2023-04-30,train
126500,2023-05-31,train
126500,2023-06-30,train
126500,2023-07-31,train
126500,2023-08-31,train
126500,2023-09-30,train
126500,2023-10-31,train
126500,2023-11-30,train
126500,2023-12-31,train
126500,2024-01-31,train
126500,2024-02-29,train
126500,2024-03-31,train
126500,2024-04-30,train
126500,2024-05-31,train
126500,2024-06-30,train
126500,2024-07-31,train
126500,2024-08-31,train
127611,2022-05-31,train
127611,2022-06-30,train
127611,2022-07-31,train
127611,2022-08-31,train
127611,2022-09-30,train
127611,2022-10-31,train
127611,2022-11-30,train
127611,2022-12-31,train
127611,2023-01-31,train
127611,2023-02-28,train
127611,2023-03-31,train
127611,2023-04-30,train
127611,2023-05-31,train
127611,2023-06-30,train
127611,2023-07-31,train
127611,2023-08-31,train
127611,2023-09-30,train
127611,2023-10-31,train
127611,2023-11-30,train
127611,2023-12-31,train
127611,2024-01-31,train
128068,2021-07-31,train
128068,2021-08-31,train
128068,2021-09-30,train
128068,2021-10-31,train
128068,2021-11-30,train
128068,2021-12-31,train
128068,2022-01-31,train
128068,2022-02-28,train
128068,2022-03-31,train
128068,2022-04-30,train
128068,2022-05-31,train
128068,2022-06-30,train
128068,2022-07-31,train
128068,2022-08-31,train
128068,2022-09-30,train
128068,2022-10-31,train
128068,2022-11-30,train
128068,2022-12-31,train
128068,2023-01-31,train
128068,2023-02-28,train
128068,2023-03-31,train
128068,2023-04-30,train
128068,2023-05-31,train
128068,2023-06-30,train
128068,2023-07-31,train
128068,2023-08-31,train
128068,2023-09-30,train
128068,2023-10-31,train
128068,2023-11-30,train
128068,2023-12-31,train
128068,2024-01-31,train
128068,2024-02-29,train
128068,2024-03-31,train
128068,2024-04-30,train
128068,2024-05-31,train
128068,2024-06-30,train
128068,2024-07-31,train
128068,2024-08-31,train
130176,2024-02-29,train
130176,2024-03-31,train
130176,2024-04-30,train
130176,2024-05-31,train
130176,2024-06-30,train
130176,2024-07-31,train
130176,2024-08-31,train
130467,2021-07-31,train
130467,2021-08-31,train
130467,2021-09-30,train
130467,2021-10-31,train
130467,2021-11-30,train
130467,2021-12-31,train
130467,2022-01-31,train
130467,2022-02-28,train
130467,2022-03-31,train
130467,2022-04-30,train
130467,2022-05-31,train
130467,2022-06-30,train
130467,2022-07-31,train
130467,2022-08-31,train
130875,2021-07-31,train
130875,2021-08-31,train
130875,2021-09-30,train
130875,2021-10-31,train
130875,2021-11-30,train
130875,2021-12-31,train
130875,2022-01-31,train
130875,2022-02-28,train
130875,2022-03-31,train
130875,2022-04-30,train
130875,2022-05-31,train
130875,2022-06-30,train
130875,2022-07-31,train
130875,2022-08-31,train
130875,2022-09-30,train
130875,2022-10-31,train
130875,2022-11-30,train
130875,2022-12-31,train
130875,2023-01-31,train
130875,2023-02-28,train
130875,2023-03-31,train
130875,2023-04-30,train
130875,2023-05-31,train
130875,2023-06-30,train
130875,2023-07-31,train
130875,2023-08-31,train
130875,2023-09-30,train
130875,2023-10-31,train
130875,2023-11-30,train
130875,2023-12-31,train
130875,2024-01-31,train
130875,2024-02-29,train
130875,2024-03-31,train
130875,2024-04-30,train
130875,2024-05-31,train
130875,2024-06-30,train
130875,2024-07-31,train
130875,2024-08-31,train
131100,2021-07-31,train
131100,2021-08-31,train
131100,2021-09-30,train
131100,2021-10-31,train
131100,2021-11-30,train
131100,2021-12-31,train
131100,2022-01-31,train
131100,2022-02-28,train
131100,2022-03-31,train
131100,2022-04-30,train
131100,2022-05-31,train
131100,2022-06-30,train
131100,2022-07-31,train
131100,2022-08-31,train
131100,2022-09-30,train
131100,2022-10-31,train
131100,2022-11-30,train
131100,2022-12-31,train
131100,2023-01-31,train
131100,2023-02-28,train
131100,2023-03-31,train
131100,2023-04-30,train
131100,2023-05-31,train
131100,2023-06-30,train
131100,2023-07-31,train
131100,2023-08-31,train
131100,2023-09-30,train
131100,2023-10-31,train
131100,2023-11-30,train
131100,2023-12-31,train
131100,2024-01-31,train
131100,2024-02-29,train
131100,2024-03-31,train
131100,2024-04-30,train
131100,2024-05-31,train
131100,2024-06-30,train
131100,2024-07-31,train
131100,2024-08-31,train
131595,2021-07-31,train
131595,2021-08-31,train
131595,2021-09-30,train
131595,2021-10-31,train
131595,2021-11-30,train
131595,2021-12-31,train
131595,2022-01-31,train
131595,2022-02-28,train
131595,2022-03-31,train
131595,2022-04-30,train
131595,2022-05-31,train
131595,2022-06-30,train
131595,2022-07-31,train
131595,2022-08-31,train
131595,2022-09-30,train
131595,2022-10-31,train
131595,2022-11-30,train
131595,2022-12-31,train
131595,2023-01-31,train
131595,2023-02-28,train
131595,2023-03-31,train
131595,2023-04-30,train
131595,2023-05-31,train
131595,2023-06-30,train
131595,2023-07-31,train
131595,2023-08-31,train
131595,2023-09-30,train
131595,2023-10-31,train
131595,2023-11-30,train
131595,2023-12-31,train
131595,2024-01-31,train
131595,2024-02-29,train
131595,2024-03-31,train
131595,2024-04-30,train
131595,2024-05-31,train
131595,2024-06-30,train
131595,2024-07-31,train
131595,2024-08-31,train
131596,2021-07-31,train
131596,2021-08-31,train
131596,2021-09-30,train
131596,2021-10-31,train
131596,2021-11-30,train
131596,2021-12-31,train
131596,2022-01-31,train
131596,2022-02-28,train
131596,2022-03-31,train
131596,2022-04-30,train
131596,2022-05-31,train
131596,2022-06-30,train
131596,2022-07-31,train
131596,2022-08-31,train
131596,2022-09-30,train
131596,2022-10-31,train
131596,2022-11-30,train
131596,2022-12-31,train
131596,2023-01-31,train
131596,2023-02-28,train
131596,2023-03-31,train
131596,2023-04-30,train
131596,2023-05-31,train
131596,2023-06-30,train
131597,2021-07-31,train
131597,2021-08-31,train
131597,2021-09-30,train
131597,2021-10-31,train
131597,2021-11-30,train
131597,2021-12-31,train
131597,2022-01-31,train
131597,2022-02-28,train
131597,2022-03-31,train
131597,2022-04-30,train
131597,2022-05-31,train
131597,2022-06-30,train
131597,2022-07-31,train
131597,2022-08-31,train
131597,2022-09-30,train
131597,2022-10-31,train
131597,2022-11-30,train
131597,2022-12-31,train
131597,2023-01-31,train
131597,2023-02-28,train
131597,2023-03-31,train
131597,2023-04-30,train
131597,2023-05-31,train
131597,2023-06-30,train
131879,2022-03-31,train
131879,2022-04-30,train
131879,2022-05-31,train
131879,2022-06-30,train
131879,2022-07-31,train
131879,2022-08-31,train
131879,2022-09-30,train
131879,2022-10-31,train
131879,2022-11-30,train
131879,2022-12-31,train
131879,2023-01-31,train
131879,2023-02-28,train
131879,2023-03-31,train
131879,2023-04-30,train
131879,2023-05-31,train
131879,2023-06-30,train
131879,2023-07-31,train
131944,2021-07-31,train
131944,2021-08-31,train
131944,2021-09-30,train
131944,2021-10-31,train
131944,2021-11-30,train
131944,2021-12-31,train
131944,2022-01-31,train
131944,2022-02-28,train
131944,2022-03-31,train
131944,2022-04-30,train
131944,2022-05-31,train
131944,2022-06-30,train
131944,2022-07-31,train
131944,2022-08-31,train
131944,2022-09-30,train
131944,2022-10-31,train
131944,2022-11-30,train
131944,2022-12-31,train
131944,2023-01-31,train
131944,2023-02-28,train
131944,2023-03-31,train
131944,2023-04-30,train
131944,2023-05-31,train
131944,2023-06-30,train
131944,2023-07-31,train
131944,2023-08-31,train
131944,2023-09-30,train
131944,2023-10-31,train
131944,2023-11-30,train
131944,2023-12-31,train
131944,2024-01-31,train
131944,2024-02-29,train
131944,2024-03-31,train
131944,2024-04-30,train
131944,2024-05-31,train
132723,2021-07-31,train
132723,2021-08-31,train
132723,2021-09-30,train
132723,2021-10-31,train
132723,2021-11-30,train
132723,2021-12-31,train
132723,2022-01-31,train
132723,2022-02-28,train
132723,2022-03-31,train
132723,2022-04-30,train
132723,2022-05-31,train
132723,2022-06-30,train
132723,2022-07-31,train
132723,2022-08-31,train
132723,2022-09-30,train
132723,2022-10-31,train
132723,2022-11-30,train
132723,2022-12-31,train
132723,2023-01-31,train
132723,2023-02-28,train
132723,2023-03-31,train
132723,2023-04-30,train
132723,2023-05-31,train
132723,2023-06-30,train
132723,2023-07-31,train
132723,2023-08-31,train
132723,2023-09-30,train
132723,2023-10-31,train
132723,2023-11-30,train
132723,2023-12-31,train
132723,2024-01-31,train
132723,2024-02-29,train
132723,2024-03-31,train
132723,2024-04-30,train
132723,2024-05-31,train
132723,2024-06-30,train
132723,2024-07-31,train
132723,2024-08-31,train
132993,2021-07-31,train
132993,2021-08-31,train
132993,2021-09-30,train
132993,2021-10-31,train
132993,2021-11-30,train
132993,2021-12-31,train
132993,2022-01-31,train
132993,2022-02-28,train
132993,2022-03-31,train
132993,2022-04-30,train
132993,2022-05-31,train
132993,2022-06-30,train
132993,2022-07-31,train
132993,2022-08-31,train
132993,2022-09-30,train
132993,2022-10-31,train
132993,2022-11-30,train
132993,2022-12-31,train
132993,2023-01-31,train
132993,2023-02-28,train
132993,2023-03-31,train
132993,2023-04-30,train
132993,2023-05-31,train
132993,2023-06-30,train
132993,2023-07-31,train
132993,2023-08-31,train
132993,2023-09-30,train
132993,2023-10-31,train
132993,2023-11-30,train
132993,2023-12-31,train
132993,2024-01-31,train
132993,2024-02-29,train
132993,2024-03-31,train
132993,2024-04-30,train
132993,2024-05-31,train
132993,2024-06-30,train
132993,2024-07-31,train
132993,2024-08-31,train
133097,2022-06-30,train
133097,2022-07-31,train
133097,2022-08-31,train
133097,2022-09-30,train
133097,2022-10-31,train
133097,2022-11-30,train
133097,2022-12-31,train
133097,2023-01-31,train
133097,2023-02-28,train
133097,2023-03-31,train
133097,2023-04-30,train
133097,2023-05-31,train
133097,2023-06-30,train
133097,2023-07-31,train
133097,2023-08-31,train
133097,2023-09-30,train
133097,2023-10-31,train
133097,2023-11-30,train
133097,2023-12-31,train
133097,2024-01-31,train
133097,2024-02-29,train
133097,2024-03-31,train
133097,2024-04-30,train
133097,2024-05-31,train
133123,2021-07-31,train
133123,2021-08-31,train
133123,2021-09-30,train
133123,2021-10-31,train
133123,2021-11-30,train
133123,2021-12-31,train
133123,2022-01-31,train
133123,2022-02-28,train
133123,2022-03-31,train
133123,2022-04-30,train
133123,2022-05-31,train
133123,2022-06-30,train
133123,2022-07-31,train
133123,2022-08-31,train
133123,2022-09-30,train
133123,2022-10-31,train
133123,2022-11-30,train
133123,2022-12-31,train
133123,2023-01-31,train
133123,2023-02-28,train
133123,2023-03-31,train
133123,2023-04-30,train
133123,2023-05-31,train
133123,2023-06-30,train
133123,2023-07-31,train
133123,2023-08-31,train
133123,2023-09-30,train
133123,2023-10-31,train
133123,2023-11-30,train
133123,2023-12-31,train
133123,2024-01-31,train
133123,2024-02-29,train
133123,2024-03-31,train
133123,2024-04-30,train
133290,2021-07-31,train
133290,2021-08-31,train
133290,2021-09-30,train
133290,2021-10-31,train
133290,2021-11-30,train
133290,2021-12-31,train
133290,2022-01-31,train
133290,2022-02-28,train
133290,2022-03-31,train
133290,2022-04-30,train
133290,2022-05-31,train
133290,2022-06-30,train
133290,2022-07-31,train
133290,2022-08-31,train
133290,2022-09-30,train
133290,2022-10-31,train
133290,2022-11-30,train
133290,2022-12-31,train
133290,2023-01-31,train
133290,2023-02-28,train
133290,2023-03-31,train
133290,2023-04-30,train
133290,2023-05-31,train
133330,2022-06-30,train
133330,2022-07-31,train
133330,2022-08-31,train
133330,2022-09-30,train
133330,2022-10-31,train
133330,2022-11-30,train
133330,2022-12-31,train
133330,2023-01-31,train
133330,2023-02-28,train
133330,2023-03-31,train
133330,2023-04-30,train
133330,2023-05-31,train
133330,2023-06-30,train
133330,2023-07-31,train
133330,2023-08-31,train
133330,2023-09-30,train
133330,2023-10-31,train
133330,2023-11-30,train
133330,2023-12-31,train
133330,2024-01-31,train
133330,2024-02-29,train
133330,2024-03-31,train
133330,2024-04-30,train
133330,2024-05-31,train
133330,2024-06-30,train
133330,2024-07-31,train
133330,2024-08-31,train
133529,2021-09-30,train
133529,2021-10-31,train
133529,2021-11-30,train
133529,2021-12-31,train
133529,2022-01-31,train
133529,2022-02-28,train
133529,2022-03-31,train
133529,2022-04-30,train
133529,2022-05-31,train
133529,2022-06-30,train
133529,2022-07-31,train
133529,2022-08-31,train
133529,2022-09-30,train
133529,2022-10-31,train
133529,2022-11-30,train
133529,2022-12-31,train
133529,2023-01-31,train
133529,2023-02-28,train
133529,2023-03-31,train
133529,2023-04-30,train
133529,2023-05-31,train
133529,2023-06-30,train
133529,2023-07-31,train
133529,2023-08-31,train
133529,2023-09-30,train
133529,2023-10-31,train
133529,2023-11-30,train
133529,2023-12-31,train
133529,2024-01-31,train
133529,2024-02-29,train
133529,2024-03-31,train
133529,2024-04-30,train
133529,2024-05-31,train
133529,2024-06-30,train
133529,2024-07-31,train
133529,2024-08-31,train
133530,2021-07-31,train
133530,2021-08-31,train
133530,2021-09-30,train
133530,2021-10-31,train
133530,2021-11-30,train
133530,2021-12-31,train
133530,2022-01-31,train
133530,2022-02-28,train
133530,2022-03-31,train
133530,2022-04-30,train
133530,2022-05-31,train
133530,2022-06-30,train
133530,2022-07-31,train
133530,2022-08-31,train
133530,2022-09-30,train
133530,2022-10-31,train
133530,2022-11-30,train
133530,2022-12-31,train
133530,2023-01-31,train
133530,2023-02-28,train
133530,2023-03-31,train
133530,2023-04-30,train
133530,2023-05-31,train
133530,2023-06-30,train
133530,2023-07-31,train
133530,2023-08-31,train
133530,2023-09-30,train
133530,2023-10-31,train
133530,2023-11-30,train
133530,2023-12-31,train
133530,2024-01-31,train
133530,2024-02-29,train
133530,2024-03-31,train
133530,2024-04-30,train
133530,2024-05-31,train
133530,2024-06-30,train
133530,2024-07-31,train
133530,2024-08-31,train
133826,2021-07-31,train
133826,2021-08-31,train
133826,2021-09-30,train
133826,2021-10-31,train
133826,2021-11-30,train
133826,2021-12-31,train
133826,2022-01-31,train
133826,2022-02-28,train
133826,2022-03-31,train
133826,2022-04-30,train
133826,2022-05-31,train
133826,2022-06-30,train
133826,2022-07-31,train
133826,2022-08-31,train
133826,2022-09-30,train
133826,2022-10-31,train
133826,2022-11-30,train
133826,2022-12-31,train
133826,2023-01-31,train
133826,2023-02-28,train
133826,2023-03-31,train
133826,2023-04-30,train
133826,2023-05-31,train
133826,2023-06-30,train
133826,2023-07-31,train
133826,2023-08-31,train
133826,2023-09-30,train
133826,2023-10-31,train
133826,2023-11-30,train
133826,2023-12-31,train
133826,2024-01-31,train
133826,2024-02-29,train
133826,2024-03-31,train
133826,2024-04-30,train
133930,2021-07-31,train
133930,2021-08-31,train
133930,2021-09-30,train
133930,2021-10-31,train
133930,2021-11-30,train
133930,2021-12-31,train
133930,2022-01-31,train
133930,2022-02-28,train
133930,2022-03-31,train
133930,2022-04-30,train
133930,2022-05-31,train
133930,2022-06-30,train
133930,2022-07-31,train
133930,2022-08-31,train
133930,2022-09-30,train
133930,2022-10-31,train
133930,2022-11-30,train
133930,2022-12-31,train
133930,2023-01-31,train
133930,2023-02-28,train
133930,2023-03-31,train
133930,2023-04-30,train
133930,2023-05-31,train
133930,2023-06-30,train
133930,2023-07-31,train
133930,2023-08-31,train
133930,2023-09-30,train
133930,2023-10-31,train
133930,2023-11-30,train
133930,2023-12-31,train
133930,2024-01-31,train
133930,2024-02-29,train
133930,2024-03-31,train
133930,2024-04-30,train
133930,2024-05-31,train
133930,2024-06-30,train
133930,2024-07-31,train
133930,2024-08-31,train
134139,2023-11-30,train
134139,2023-12-31,train
134139,2024-01-31,train
134139,2024-02-29,train
134139,2024-03-31,train
134139,2024-04-30,train
134139,2024-05-31,train
134139,2024-06-30,train
134139,2024-07-31,train
134139,2024-08-31,train
134291,2022-02-28,train
134291,2022-03-31,train
134291,2022-04-30,train
134291,2022-05-31,train
134291,2022-06-30,train
134291,2022-07-31,train
134291,2022-08-31,train
134291,2022-09-30,train
134291,2022-10-31,train
134291,2022-11-30,train
134291,2022-12-31,train
134291,2023-01-31,train
134291,2023-02-28,train
134291,2023-03-31,train
134291,2023-04-30,train
134291,2023-05-31,train
134291,2023-06-30,train
134291,2023-07-31,train
134291,2023-08-31,train
134291,2023-09-30,train
134291,2023-10-31,train
134291,2023-11-30,train
134291,2023-12-31,train
134291,2024-01-31,train
134291,2024-02-29,train
134291,2024-03-31,train
134291,2024-04-30,train
134291,2024-05-31,train
134291,2024-06-30,train
134291,2024-07-31,train
134291,2024-08-31,train
134292,2021-10-31,train
134292,2021-11-30,train
134292,2021-12-31,train
134292,2022-01-31,train
134292,2022-02-28,train
134292,2022-03-31,train
134292,2022-04-30,train
134292,2022-05-31,train
134292,2022-06-30,train
134292,2022-07-31,train
134292,2022-08-31,train
134292,2022-09-30,train
134292,2022-10-31,train
134292,2022-11-30,train
134292,2022-12-31,train
134292,2023-01-31,train
134292,2023-02-28,train
134292,2023-03-31,train
134292,2023-04-30,train
134292,2023-05-31,train
134292,2023-06-30,train
134292,2023-07-31,train
134292,2023-08-31,train
134292,2023-09-30,train
134292,2023-10-31,train
134292,2023-11-30,train
134292,2023-12-31,train
134292,2024-01-31,train
134292,2024-02-29,train
134292,2024-03-31,train
134292,2024-04-30,train
134292,2024-05-31,train
134292,2024-06-30,train
134292,2024-07-31,train
134292,2024-08-31,train
134302,2021-07-31,train
134302,2021-08-31,train
134302,2021-09-30,train
134302,2021-10-31,train
134302,2021-11-30,train
134302,2021-12-31,train
134302,2022-01-31,train
134302,2022-02-28,train
134302,2022-03-31,train
134302,2022-04-30,train
134302,2022-05-31,train
134302,2022-06-30,train
134302,2022-07-31,train
134302,2022-08-31,train
134302,2022-09-30,train
134302,2022-10-31,train
134302,2022-11-30,train
134302,2022-12-31,train
134302,2023-01-31,train
134302,2023-02-28,train
134302,2023-03-31,train
134302,2023-04-30,train
134302,2023-05-31,train
134302,2023-06-30,train
134302,2023-07-31,train
134302,2023-08-31,train
134330,2021-09-30,train
134330,2021-10-31,train
134330,2021-11-30,train
134330,2021-12-31,train
134330,2022-01-31,train
134330,2022-02-28,train
134330,2022-03-31,train
134330,2022-04-30,train
134330,2022-05-31,train
134330,2022-06-30,train
134330,2022-07-31,train
134330,2022-08-31,train
134330,2022-09-30,train
134330,2022-10-31,train
134330,2022-11-30,train
134330,2022-12-31,train
134330,2023-01-31,train
134330,2023-02-28,train
134330,2023-03-31,train
134330,2023-04-30,train
134330,2023-05-31,train
134330,2023-06-30,train
134330,2023-07-31,train
134381,2021-07-31,train
134381,2021-08-31,train
134381,2021-09-30,train
134381,2021-10-31,train
134381,2021-11-30,train
134381,2021-12-31,train
134381,2022-01-31,train
134381,2022-02-28,train
134381,2022-03-31,train
134381,2022-04-30,train
134381,2022-05-31,train
134381,2022-06-30,train
134381,2022-07-31,train
134381,2022-08-31,train
134381,2022-09-30,train
134381,2022-10-31,train
134381,2022-11-30,train
134381,2022-12-31,train
134381,2023-01-31,train
134381,2023-02-28,train
134382,2022-03-31,train
134382,2022-04-30,train
134382,2022-05-31,train
134382,2022-06-30,train
134382,2022-07-31,train
134382,2022-08-31,train
134382,2022-09-30,train
134382,2022-10-31,train
134382,2022-11-30,train
134382,2022-12-31,train
134382,2023-01-31,train
134382,2023-02-28,train
134382,2023-03-31,train
134382,2023-04-30,train
134382,2023-05-31,train
134382,2023-06-30,train
134382,2023-07-31,train
134382,2023-08-31,train
134382,2023-09-30,train
134382,2023-10-31,train
134382,2023-11-30,train
134382,2023-12-31,train
134390,2021-07-31,train
134390,2021-08-31,train
134390,2021-09-30,train
134390,2021-10-31,train
134390,2021-11-30,train
134390,2021-12-31,train
134390,2022-01-31,train
134390,2022-02-28,train
134390,2022-03-31,train
134390,2022-04-30,train
134390,2022-05-31,train
134390,2022-06-30,train
134390,2022-07-31,train
134390,2022-08-31,train
134390,2022-09-30,train
134390,2022-10-31,train
134390,2022-11-30,train
134390,2022-12-31,train
134390,2023-01-31,train
134390,2023-02-28,train
134390,2023-03-31,train
134390,2023-04-30,train
134390,2023-05-31,train
134390,2023-06-30,train
134390,2023-07-31,train
134390,2023-08-31,train
134390,2023-09-30,train
134390,2023-10-31,train
134390,2023-11-30,train
134390,2023-12-31,train
134390,2024-01-31,train
134390,2024-02-29,train
134390,2024-03-31,train
134390,2024-04-30,train
134390,2024-05-31,train
134390,2024-06-30,train
134390,2024-07-31,train
134390,2024-08-31,train
134392,2021-11-30,train
134392,2021-12-31,train
134392,2022-01-31,train
134392,2022-02-28,train
134392,2022-03-31,train
134392,2022-04-30,train
134392,2022-05-31,train
134392,2022-06-30,train
134392,2022-07-31,train
134392,2022-08-31,train
134392,2022-09-30,train
134392,2022-10-31,train
134392,2022-11-30,train
134392,2022-12-31,train
134392,2023-01-31,train
134392,2023-02-28,train
134392,2023-03-31,train
134392,2023-04-30,train
134392,2023-05-31,train
134392,2023-06-30,train
134392,2023-07-31,train
134392,2023-08-31,train
134392,2023-09-30,train
134392,2023-10-31,train
134392,2023-11-30,train
134392,2023-12-31,train
134392,2024-01-31,train
134392,2024-02-29,train
134392,2024-03-31,train
134392,2024-04-30,train
134392,2024-05-31,train
134392,2024-06-30,train
134392,2024-07-31,train
134392,2024-08-31,train
134531,2021-07-31,train
134531,2021-08-31,train
134531,2021-09-30,train
134531,2021-10-31,train
134531,2021-11-30,train
134531,2021-12-31,train
134531,2022-01-31,train
134531,2022-02-28,train
134531,2022-03-31,train
134531,2022-04-30,train
134531,2022-05-31,train
134531,2022-06-30,train
134531,2022-07-31,train
134531,2022-08-31,train
134531,2022-09-30,train
134531,2022-10-31,train
134531,2022-11-30,train
134531,2022-12-31,train
134531,2023-01-31,train
134531,2023-02-28,train
134531,2023-03-31,train
134531,2023-04-30,train
134531,2023-05-31,train
134531,2023-06-30,train
134531,2023-07-31,train
134531,2023-08-31,train
134531,2023-09-30,train
134531,2023-10-31,train
134531,2023-11-30,train
134531,2023-12-31,train
134531,2024-01-31,train
134531,2024-02-29,train
134531,2024-03-31,train
134531,2024-04-30,train
134531,2024-05-31,train
134531,2024-06-30,train
134531,2024-07-31,train
134531,2024-08-31,train
134534,2021-07-31,train
134534,2021-08-31,train
134534,2021-09-30,train
134534,2021-10-31,train
134534,2021-11-30,train
134534,2021-12-31,train
134534,2022-01-31,train
134534,2022-02-28,train
134534,2022-03-31,train
134534,2022-04-30,train
134534,2022-05-31,train
134534,2022-06-30,train
134534,2022-07-31,train
134534,2022-08-31,train
134534,2022-09-30,train
134534,2022-10-31,train
134534,2022-11-30,train
134534,2022-12-31,train
134534,2023-01-31,train
134534,2023-02-28,train
134534,2023-03-31,train
134534,2023-04-30,train
134534,2023-05-31,train
134534,2023-06-30,train
134534,2023-07-31,train
134534,2023-08-31,train
134534,2023-09-30,train
134534,2023-10-31,train
134534,2023-11-30,train
134534,2023-12-31,train
134534,2024-01-31,train
134534,2024-02-29,train
134534,2024-03-31,train
134534,2024-04-30,train
134534,2024-05-31,train
134534,2024-06-30,train
134534,2024-07-31,train
134534,2024-08-31,train
134536,2021-07-31,train
134536,2021-08-31,train
134536,2021-09-30,train
134536,2021-10-31,train
134536,2021-11-30,train
134536,2021-12-31,train
134536,2022-01-31,train
134536,2022-02-28,train
134536,2022-03-31,train
134536,2022-04-30,train
134536,2022-05-31,train
134536,2022-06-30,train
134536,2022-07-31,train
134536,2022-08-31,train
134536,2022-09-30,train
134536,2022-10-31,train
134536,2022-11-30,train
134536,2022-12-31,train
134536,2023-01-31,train
134536,2023-02-28,train
134536,2023-03-31,train
134536,2023-04-30,train
134536,2023-05-31,train
134536,2023-06-30,train
134536,2023-07-31,train
134536,2023-08-31,train
134536,2023-09-30,train
134536,2023-10-31,train
134536,2023-11-30,train
134536,2023-12-31,train
134536,2024-01-31,train
134536,2024-02-29,train
134536,2024-03-31,train
134536,2024-04-30,train
134536,2024-05-31,train
134536,2024-06-30,train
134536,2024-07-31,train
134536,2024-08-31,train
134689,2021-07-31,train
134689,2021-08-31,train
134689,2021-09-30,train
134689,2021-10-31,train
134689,2021-11-30,train
134689,2021-12-31,train
134689,2022-01-31,train
134689,2022-02-28,train
134689,2022-03-31,train
134689,2022-04-30,train
134689,2022-05-31,train
134689,2022-06-30,train
134689,2022-07-31,train
134689,2022-08-31,train
134689,2022-09-30,train
134689,2022-10-31,train
134689,2022-11-30,train
134689,2022-12-31,train
134689,2023-01-31,train
134689,2023-02-28,train
134689,2023-03-31,train
134689,2023-04-30,train
134689,2023-05-31,train
134689,2023-06-30,train
134689,2023-07-31,train
134689,2023-08-31,train
134689,2023-09-30,train
134689,2023-10-31,train
134689,2023-11-30,train
134689,2023-12-31,train
134689,2024-01-31,train
134689,2024-02-29,train
134689,2024-03-31,train
134689,2024-04-30,train
134689,2024-05-31,train
134689,2024-06-30,train
134689,2024-07-31,train
134689,2024-08-31,train
134690,2021-07-31,train
134690,2021-08-31,train
134690,2021-09-30,train
134690,2021-10-31,train
134690,2021-11-30,train
134690,2021-12-31,train
134690,2022-01-31,train
134690,2022-02-28,train
134690,2022-03-31,train
134690,2022-04-30,train
134690,2022-05-31,train
134690,2022-06-30,train
134690,2022-07-31,train
134690,2022-08-31,train
134690,2022-09-30,train
134690,2022-10-31,train
134690,2022-11-30,train
134690,2022-12-31,train
134690,2023-01-31,train
134690,2023-02-28,train
134690,2023-03-31,train
134690,2023-04-30,train
134690,2023-05-31,train
134690,2023-06-30,train
134690,2023-07-31,train
134690,2023-08-31,train
134690,2023-09-30,train
134690,2023-10-31,train
134690,2023-11-30,train
134690,2023-12-31,train
134690,2024-01-31,train
134690,2024-02-29,train
134690,2024-03-31,train
134690,2024-04-30,train
134690,2024-05-31,train
134690,2024-06-30,train
134690,2024-07-31,train
134690,2024-08-31,train
134691,2021-07-31,train
134691,2021-08-31,train
134691,2021-09-30,train
134691,2021-10-31,train
134691,2021-11-30,train
134691,2021-12-31,train
134691,2022-01-31,train
134691,2022-02-28,train
134691,2022-03-31,train
134691,2022-04-30,train
134691,2022-05-31,train
134691,2022-06-30,train
134691,2022-07-31,train
134691,2022-08-31,train
134691,2022-09-30,train
134691,2022-10-31,train
134691,2022-11-30,train
134691,2022-12-31,train
134691,2023-01-31,train
134691,2023-02-28,train
134691,2023-03-31,train
134691,2023-04-30,train
134691,2023-05-31,train
134691,2023-06-30,train
134691,2023-07-31,train
134691,2023-08-31,train
134691,2023-09-30,train
134691,2023-10-31,train
134691,2023-11-30,train
134691,2023-12-31,train
134691,2024-01-31,train
134691,2024-02-29,train
134691,2024-03-31,train
134691,2024-04-30,train
134691,2024-05-31,train
134691,2024-06-30,train
134691,2024-07-31,train
134691,2024-08-31,train
134694,2022-05-31,train
134694,2022-06-30,train
134694,2022-07-31,train
134694,2022-08-31,train
134694,2022-09-30,train
134694,2022-10-31,train
134694,2022-11-30,train
134694,2022-12-31,train
134694,2023-01-31,train
134694,2023-02-28,train
134694,2023-03-31,train
134694,2023-04-30,train
134694,2023-05-31,train
134694,2023-06-30,train
134694,2023-07-31,train
134694,2023-08-31,train
134694,2023-09-30,train
134694,2023-10-31,train
134694,2023-11-30,train
134694,2023-12-31,train
134694,2024-01-31,train
134694,2024-02-29,train
134694,2024-03-31,train
134694,2024-04-30,train
134694,2024-05-31,train
134694,2024-06-30,train
134694,2024-07-31,train
134694,2024-08-31,train
134861,2021-07-31,train
134861,2021-08-31,train
134861,2021-09-30,train
134861,2021-10-31,train
134861,2021-11-30,train
134861,2021-12-31,train
134861,2022-01-31,train
134861,2022-02-28,train
134861,2022-03-31,train
134861,2022-04-30,train
134861,2022-05-31,train
134861,2022-06-30,train
134861,2022-07-31,train
134861,2022-08-31,train
134861,2022-09-30,train
134862,2021-07-31,train
134862,2021-08-31,train
134862,2021-09-30,train
134862,2021-10-31,train
134862,2021-11-30,train
134862,2021-12-31,train
134862,2022-01-31,train
134862,2022-02-28,train
134862,2022-03-31,train
134862,2022-04-30,train
134862,2022-05-31,train
134862,2022-06-30,train
134862,2022-07-31,train
134862,2022-08-31,train
134862,2022-09-30,train
134862,2022-10-31,train
134862,2022-11-30,train
134862,2022-12-31,train
134862,2023-01-31,train
134862,2023-02-28,train
134862,2023-03-31,train
134862,2023-04-30,train
134862,2023-05-31,train
134862,2023-06-30,train
134862,2023-07-31,train
134862,2023-08-31,train
134862,2023-09-30,train
134862,2023-10-31,train
134862,2023-11-30,train
134862,2023-12-31,train
134862,2024-01-31,train
134862,2024-02-29,train
134862,2024-03-31,train
134862,2024-04-30,train
134862,2024-05-31,train
134862,2024-06-30,train
134862,2024-07-31,train
134862,2024-08-31,train
134863,2021-07-31,train
134863,2021-08-31,train
134863,2021-09-30,train
134863,2021-10-31,train
134863,2021-11-30,train
134863,2021-12-31,train
134863,2022-01-31,train
134863,2022-02-28,train
134863,2022-03-31,train
134863,2022-04-30,train
134863,2022-05-31,train
134863,2022-06-30,train
134863,2022-07-31,train
134863,2022-08-31,train
134863,2022-09-30,train
134863,2022-10-31,train
134863,2022-11-30,train
134863,2022-12-31,train
134863,2023-01-31,train
134863,2023-02-28,train
134863,2023-03-31,train
134863,2023-04-30,train
134863,2023-05-31,train
134863,2023-06-30,train
134863,2023-07-31,train
134863,2023-08-31,train
134863,2023-09-30,train
134863,2023-10-31,train
134863,2023-11-30,train
134863,2023-12-31,train
134863,2024-01-31,train
134863,2024-02-29,train
134863,2024-03-31,train
134863,2024-04-30,train
134863,2024-05-31,train
134863,2024-06-30,train
134863,2024-07-31,train
134863,2024-08-31,train
134977,2022-07-31,train
134977,2022-08-31,train
134977,2022-09-30,train
134977,2022-10-31,train
134977,2022-11-30,train
134977,2022-12-31,train
134977,2023-01-31,train
134977,2023-02-28,train
134977,2023-03-31,train
134977,2023-04-30,train
134977,2023-05-31,train
134977,2023-06-30,train
134977,2023-07-31,train
134977,2023-08-31,train
134977,2023-09-30,train
134977,2023-10-31,train
134977,2023-11-30,train
134977,2023-12-31,train
134977,2024-01-31,train
134977,2024-02-29,train
134977,2024-03-31,train
134977,2024-04-30,train
134977,2024-05-31,train
134977,2024-06-30,train
134977,2024-07-31,train
134977,2024-08-31,train
135237,2022-02-28,train
135237,2022-03-31,train
135237,2022-04-30,train
135237,2022-05-31,train
135237,2022-06-30,train
135237,2022-07-31,train
135237,2022-08-31,train
135237,2022-09-30,train
135237,2022-10-31,train
135237,2022-11-30,train
135237,2022-12-31,train
135237,2023-01-31,train
135237,2023-02-28,train
135237,2023-03-31,train
135237,2023-04-30,train
135237,2023-05-31,train
135237,2023-06-30,train
135237,2023-07-31,train
135237,2023-08-31,train
135237,2023-09-30,train
135237,2023-10-31,train
135237,2023-11-30,train
135237,2023-12-31,train
135237,2024-01-31,train
135237,2024-02-29,train
135237,2024-03-31,train
135237,2024-04-30,train
135237,2024-05-31,train
135237,2024-06-30,train
135237,2024-07-31,train
135237,2024-08-31,train
135487,2023-12-31,train
135487,2024-01-31,train
135487,2024-02-29,train
135487,2024-03-31,train
135487,2024-04-30,train
135487,2024-05-31,train
135487,2024-06-30,train
135487,2024-07-31,train
135487,2024-08-31,train
135636,2021-07-31,train
135636,2021-08-31,train
135636,2021-09-30,train
135636,2021-10-31,train
135636,2021-11-30,train
135636,2021-12-31,train
135636,2022-01-31,train
135636,2022-02-28,train
135636,2022-03-31,train
135636,2022-04-30,train
135636,2022-05-31,train
135636,2022-06-30,train
135636,2022-07-31,train
135636,2022-08-31,train
135636,2022-09-30,train
135636,2022-10-31,train
135636,2022-11-30,train
135636,2022-12-31,train
135636,2023-01-31,train
135636,2023-02-28,train
135636,2023-03-31,train
135636,2023-04-30,train
135636,2023-05-31,train
135636,2023-06-30,train
135636,2023-07-31,train
135636,2023-08-31,train
135636,2023-09-30,train
135636,2023-10-31,train
135636,2023-11-30,train
135636,2023-12-31,train
135636,2024-01-31,train
135636,2024-02-29,train
135636,2024-03-31,train
135636,2024-04-30,train
135636,2024-05-31,train
135636,2024-06-30,train
135636,2024-07-31,train
135636,2024-08-31,train
135795,2023-10-31,train
135795,2023-11-30,train
135795,2023-12-31,train
135795,2024-01-31,train
135795,2024-02-29,train
135795,2024-03-31,train
135795,2024-04-30,train
135795,2024-05-31,train
135795,2024-06-30,train
135795,2024-07-31,train
135795,2024-08-31,train
135797,2021-07-31,train
135797,2021-08-31,train
135797,2021-09-30,train
135797,2021-10-31,train
135797,2021-11-30,train
135797,2021-12-31,train
135797,2022-01-31,train
135797,2022-02-28,train
135797,2022-03-31,train
135797,2022-04-30,train
135797,2022-05-31,train
135797,2022-06-30,train
135797,2022-07-31,train
135797,2022-08-31,train
135797,2022-09-30,train
135797,2022-10-31,train
135797,2022-11-30,train
135797,2022-12-31,train
135797,2023-01-31,train
135797,2023-02-28,train
135797,2023-03-31,train
135797,2023-04-30,train
135797,2023-05-31,train
135797,2023-06-30,train
135797,2023-07-31,train
135797,2023-08-31,train
135797,2023-09-30,train
135797,2023-10-31,train
135797,2023-11-30,train
135797,2023-12-31,train
135797,2024-01-31,train
135797,2024-02-29,train
135797,2024-03-31,train
135797,2024-04-30,train
135797,2024-05-31,train
135797,2024-06-30,train
135797,2024-07-31,train
135797,2024-08-31,train
135798,2021-07-31,train
135798,2021-08-31,train
135798,2021-09-30,train
135798,2021-10-31,train
135798,2021-11-30,train
135798,2021-12-31,train
135798,2022-01-31,train
135798,2022-02-28,train
135798,2022-03-31,train
135798,2022-04-30,train
135798,2022-05-31,train
135798,2022-06-30,train
135798,2022-07-31,train
135798,2022-08-31,train
135798,2022-09-30,train
135798,2022-10-31,train
135798,2022-11-30,train
135798,2022-12-31,train
135798,2023-01-31,train
135798,2023-02-28,train
135798,2023-03-31,train
135798,2023-04-30,train
135798,2023-05-31,train
135798,2023-06-30,train
135798,2023-07-31,train
135798,2023-08-31,train
135798,2023-09-30,train
135798,2023-10-31,train
135798,2023-11-30,train
135798,2023-12-31,train
135798,2024-01-31,train
135798,2024-02-29,train
135798,2024-03-31,train
135798,2024-04-30,train
135798,2024-05-31,train
135798,2024-06-30,train
135799,2021-07-31,train
135799,2021-08-31,train
135799,2021-09-30,train
135799,2021-10-31,train
135799,2021-11-30,train
135799,2021-12-31,train
135799,2022-01-31,train
135799,2022-02-28,train
135799,2022-03-31,train
135799,2022-04-30,train
135799,2022-05-31,train
135799,2022-06-30,train
135799,2022-07-31,train
135799,2022-08-31,train
135799,2022-09-30,train
135799,2022-10-31,train
135799,2022-11-30,train
135799,2022-12-31,train
135799,2023-01-31,train
135799,2023-02-28,train
135799,2023-03-31,train
135799,2023-04-30,train
135799,2023-05-31,train
135799,2023-06-30,train
135799,2023-07-31,train
135799,2023-08-31,train
135799,2023-09-30,train
135799,2023-10-31,train
135799,2023-11-30,train
135799,2023-12-31,train
135799,2024-01-31,train
135799,2024-02-29,train
135799,2024-03-31,train
135799,2024-04-30,train
135799,2024-05-31,train
135799,2024-06-30,train
135799,2024-07-31,train
135799,2024-08-31,train
135937,2021-07-31,train
135937,2021-08-31,train
135937,2021-09-30,train
135937,2021-10-31,train
135937,2021-11-30,train
135937,2021-12-31,train
135937,2022-01-31,train
135937,2022-02-28,train
135937,2022-03-31,train
135937,2022-04-30,train
135937,2022-05-31,train
135937,2022-06-30,train
135937,2022-07-31,train
135937,2022-08-31,train
135937,2022-09-30,train
135937,2022-10-31,train
135937,2022-11-30,train
135937,2022-12-31,train
135937,2023-01-31,train
135937,2023-02-28,train
135937,2023-03-31,train
135937,2023-04-30,train
135937,2023-05-31,train
135937,2023-06-30,train
135937,2023-07-31,train
135937,2023-08-31,train
135937,2023-09-30,train
135937,2023-10-31,train
135937,2023-11-30,train
135937,2023-12-31,train
135937,2024-01-31,train
135937,2024-02-29,train
135937,2024-03-31,train
135937,2024-04-30,train
135937,2024-05-31,train
135937,2024-06-30,train
135937,2024-07-31,train
135937,2024-08-31,train
135938,2021-07-31,train
135938,2021-08-31,train
135938,2021-09-30,train
135938,2021-10-31,train
135938,2021-11-30,train
135938,2021-12-31,train
135938,2022-01-31,train
135938,2022-02-28,train
135938,2022-03-31,train
135938,2022-04-30,train
135938,2022-05-31,train
135938,2022-06-30,train
135938,2022-07-31,train
135938,2022-08-31,train
135938,2022-09-30,train
135938,2022-10-31,train
135938,2022-11-30,train
135938,2022-12-31,train
135938,2023-01-31,train
135938,2023-02-28,train
135938,2023-03-31,train
135938,2023-04-30,train
135938,2023-05-31,train
135938,2023-06-30,train
135938,2023-07-31,train
135938,2023-08-31,train
135938,2023-09-30,train
135938,2023-10-31,train
135938,2023-11-30,train
135938,2023-12-31,train
135938,2024-01-31,train
135938,2024-02-29,train
135938,2024-03-31,train
136208,2021-11-30,train
136208,2021-12-31,train
136208,2022-01-31,train
136208,2022-02-28,train
136208,2022-03-31,train
136208,2022-04-30,train
136208,2022-05-31,train
136208,2022-06-30,train
136208,2022-07-31,train
136208,2022-08-31,train
136208,2022-09-30,train
136208,2022-10-31,train
136208,2022-11-30,train
136208,2022-12-31,train
136208,2023-01-31,train
136208,2023-02-28,train
136208,2023-03-31,train
136208,2023-04-30,train
136208,2023-05-31,train
136208,2023-06-30,train
136208,2023-07-31,train
136208,2023-08-31,train
136208,2023-09-30,train
136208,2023-10-31,train
136208,2023-11-30,train
136208,2023-12-31,train
136208,2024-01-31,train
136208,2024-02-29,train
136208,2024-03-31,train
136208,2024-04-30,train
136208,2024-05-31,train
136208,2024-06-30,train
136208,2024-07-31,train
136208,2024-08-31,train
136209,2021-11-30,train
136209,2021-12-31,train
136209,2022-01-31,train
136209,2022-02-28,train
136209,2022-03-31,train
136209,2022-04-30,train
136209,2022-05-31,train
136209,2022-06-30,train
136209,2022-07-31,train
136209,2022-08-31,train
136209,2022-09-30,train
136209,2022-10-31,train
136209,2022-11-30,train
136209,2022-12-31,train
136209,2023-01-31,train
136209,2023-02-28,train
136209,2023-03-31,train
136209,2023-04-30,train
136209,2023-05-31,train
136209,2023-06-30,train
136209,2023-07-31,train
136209,2023-08-31,train
136209,2023-09-30,train
136209,2023-10-31,train
136209,2023-11-30,train
136209,2023-12-31,train
136209,2024-01-31,train
136209,2024-02-29,train
136209,2024-03-31,train
136209,2024-04-30,train
136209,2024-05-31,train
136209,2024-06-30,train
136209,2024-07-31,train
136209,2024-08-31,train
136210,2021-07-31,train
136210,2021-08-31,train
136210,2021-09-30,train
136210,2021-10-31,train
136210,2021-11-30,train
136210,2021-12-31,train
136210,2022-01-31,train
136210,2022-02-28,train
136210,2022-03-31,train
136210,2022-04-30,train
136210,2022-05-31,train
136210,2022-06-30,train
136210,2022-07-31,train
136210,2022-08-31,train
136210,2022-09-30,train
136210,2022-10-31,train
136210,2022-11-30,train
136210,2022-12-31,train
136210,2023-01-31,train
136210,2023-02-28,train
136210,2023-03-31,train
136210,2023-04-30,train
136210,2023-05-31,train
136210,2023-06-30,train
136210,2023-07-31,train
136210,2023-08-31,train
136210,2023-09-30,train
136210,2023-10-31,train
136210,2023-11-30,train
136210,2023-12-31,train
136210,2024-01-31,train
136210,2024-02-29,train
136210,2024-03-31,train
136210,2024-04-30,train
136210,2024-05-31,train
136210,2024-06-30,train
136210,2024-07-31,train
136210,2024-08-31,train
136309,2022-05-31,train
136309,2022-06-30,train
136309,2022-07-31,train
136309,2022-08-31,train
136309,2022-09-30,train
136309,2022-10-31,train
136309,2022-11-30,train
136309,2022-12-31,train
136309,2023-01-31,train
136309,2023-02-28,train
136309,2023-03-31,train
136309,2023-04-30,train
136309,2023-05-31,train
136309,2023-06-30,train
136309,2023-07-31,train
136309,2023-08-31,train
136309,2023-09-30,train
136309,2023-10-31,train
136309,2023-11-30,train
136309,2023-12-31,train
136384,2021-07-31,train
136384,2021-08-31,train
136384,2021-09-30,train
136384,2021-10-31,train
136384,2021-11-30,train
136384,2021-12-31,train
136384,2022-01-31,train
136384,2022-02-28,train
136384,2022-03-31,train
136384,2022-04-30,train
136384,2022-05-31,train
136384,2022-06-30,train
136384,2022-07-31,train
136384,2022-08-31,train
136384,2022-09-30,train
136384,2022-10-31,train
136384,2022-11-30,train
136384,2022-12-31,train
136384,2023-01-31,train
136384,2023-02-28,train
136384,2023-03-31,train
136384,2023-04-30,train
136384,2023-05-31,train
136384,2023-06-30,train
136384,2023-07-31,train
136384,2023-08-31,train
136384,2023-09-30,train
136384,2023-10-31,train
136384,2023-11-30,train
136384,2023-12-31,train
136384,2024-01-31,train
136384,2024-02-29,train
136384,2024-03-31,train
136384,2024-04-30,train
136384,2024-05-31,train
136384,2024-06-30,train
136384,2024-07-31,train
136384,2024-08-31,train
136590,2021-07-31,train
136590,2021-08-31,train
136590,2021-09-30,train
136590,2021-10-31,train
136590,2021-11-30,train
136590,2021-12-31,train
136590,2022-01-31,train
136590,2022-02-28,train
136590,2022-03-31,train
136590,2022-04-30,train
136590,2022-05-31,train
136590,2022-06-30,train
136590,2022-07-31,train
136590,2022-08-31,train
136590,2022-09-30,train
136590,2022-10-31,train
136590,2022-11-30,train
136590,2022-12-31,train
136590,2023-01-31,train
136590,2023-02-28,train
136590,2023-03-31,train
136590,2023-04-30,train
136590,2023-05-31,train
136590,2023-06-30,train
136590,2023-07-31,train
136590,2023-08-31,train
136590,2023-09-30,train
136590,2023-10-31,train
136590,2023-11-30,train
136590,2023-12-31,train
136590,2024-01-31,train
136590,2024-02-29,train
136590,2024-03-31,train
136590,2024-04-30,train
136590,2024-05-31,train
136590,2024-06-30,train
136590,2024-07-31,train
136590,2024-08-31,train
136733,2024-05-31,train
136733,2024-06-30,train
136733,2024-07-31,train
136733,2024-08-31,train
136816,2021-09-30,train
136816,2021-10-31,train
136816,2021-11-30,train
136816,2021-12-31,train
136816,2022-01-31,train
136816,2022-02-28,train
136816,2022-03-31,train
136816,2022-04-30,train
136816,2022-05-31,train
136816,2022-06-30,train
136816,2022-07-31,train
136816,2022-08-31,train
136816,2022-09-30,train
136816,2022-10-31,train
136816,2022-11-30,train
136816,2022-12-31,train
136816,2023-01-31,train
136816,2023-02-28,train
136816,2023-03-31,train
136816,2023-04-30,train
136816,2023-05-31,train
136816,2023-06-30,train
136816,2023-07-31,train
136816,2023-08-31,train
136816,2023-09-30,train
136816,2023-10-31,train
136816,2023-11-30,train
136816,2023-12-31,train
136816,2024-01-31,train
136816,2024-02-29,train
136816,2024-03-31,train
136816,2024-04-30,train
136816,2024-05-31,train
136816,2024-06-30,train
136816,2024-07-31,train
136816,2024-08-31,train
136918,2023-05-31,train
136918,2023-06-30,train
136918,2023-07-31,train
136918,2023-08-31,train
136918,2023-09-30,train
136918,2023-10-31,train
136918,2023-11-30,train
136918,2023-12-31,train
136918,2024-01-31,train
136918,2024-02-29,train
136918,2024-03-31,train
136918,2024-04-30,train
136918,2024-05-31,train
136918,2024-06-30,train
136918,2024-07-31,train
136918,2024-08-31,train
137098,2021-07-31,train
137098,2021-08-31,train
137098,2021-09-30,train
137098,2021-10-31,train
137098,2021-11-30,train
137098,2021-12-31,train
137098,2022-01-31,train
137098,2022-02-28,train
137098,2022-03-31,train
137098,2022-04-30,train
137098,2022-05-31,train
137098,2022-06-30,train
137098,2022-07-31,train
137098,2022-08-31,train
137098,2022-09-30,train
137098,2022-10-31,train
137098,2022-11-30,train
137098,2022-12-31,train
137099,2021-07-31,train
137099,2021-08-31,train
137099,2021-09-30,train
137099,2021-10-31,train
137099,2021-11-30,train
137099,2021-12-31,train
137099,2022-01-31,train
137099,2022-02-28,train
137099,2022-03-31,train
137099,2022-04-30,train
137099,2022-05-31,train
137099,2022-06-30,train
137099,2022-07-31,train
137099,2022-08-31,train
137099,2022-09-30,train
137099,2022-10-31,train
137099,2022-11-30,train
137099,2022-12-31,train
137099,2023-01-31,train
137099,2023-02-28,train
137099,2023-03-31,train
137099,2023-04-30,train
137099,2023-05-31,train
137099,2023-06-30,train
137099,2023-07-31,train
137099,2023-08-31,train
137099,2023-09-30,train
137099,2023-10-31,train
137099,2023-11-30,train
137099,2023-12-31,train
137099,2024-01-31,train
137099,2024-02-29,train
137099,2024-03-31,train
137099,2024-04-30,train
137099,2024-05-31,train
137099,2024-06-30,train
137099,2024-07-31,train
137099,2024-08-31,train
137230,2021-07-31,train
137230,2021-08-31,train
137230,2021-09-30,train
137230,2021-10-31,train
137230,2021-11-30,train
137230,2021-12-31,train
137230,2022-01-31,train
137230,2022-02-28,train
137230,2022-03-31,train
137230,2022-04-30,train
137230,2022-05-31,train
137230,2022-06-30,train
137230,2022-07-31,train
137230,2022-08-31,train
137230,2022-09-30,train
137230,2022-10-31,train
137230,2022-11-30,train
137230,2022-12-31,train
137230,2023-01-31,train
137230,2023-02-28,train
137230,2023-03-31,train
137230,2023-04-30,train
137230,2023-05-31,train
137230,2023-06-30,train
137230,2023-07-31,train
137230,2023-08-31,train
137230,2023-09-30,train
137230,2023-10-31,train
137230,2023-11-30,train
137230,2023-12-31,train
137230,2024-01-31,train
137230,2024-02-29,train
137230,2024-03-31,train
137230,2024-04-30,train
137230,2024-05-31,train
137230,2024-06-30,train
137230,2024-07-31,train
137230,2024-08-31,train
137384,2023-04-30,train
137384,2023-05-31,train
137384,2023-06-30,train
137384,2023-07-31,train
137384,2023-08-31,train
137384,2023-09-30,train
137384,2023-10-31,train
137384,2023-11-30,train
137384,2023-12-31,train
137384,2024-01-31,train
137384,2024-02-29,train
137384,2024-03-31,train
137384,2024-04-30,train
137384,2024-05-31,train
137384,2024-06-30,train
137384,2024-07-31,train
137384,2024-08-31,train
137725,2021-11-30,train
137725,2021-12-31,train
137725,2022-01-31,train
137725,2022-02-28,train
137725,2022-03-31,train
137725,2022-04-30,train
137725,2022-05-31,train
137725,2022-06-30,train
137725,2022-07-31,train
137725,2022-08-31,train
137725,2022-09-30,train
137725,2022-10-31,train
137725,2022-11-30,train
137725,2022-12-31,train
137725,2023-01-31,train
137725,2023-02-28,train
137725,2023-03-31,train
137725,2023-04-30,train
137725,2023-05-31,train
137725,2023-06-30,train
137725,2023-07-31,train
137725,2023-08-31,train
137725,2023-09-30,train
137725,2023-10-31,train
137725,2023-11-30,train
137725,2023-12-31,train
137725,2024-01-31,train
137725,2024-02-29,train
137725,2024-03-31,train
137725,2024-04-30,train
137725,2024-05-31,train
137725,2024-06-30,train
137725,2024-07-31,train
137725,2024-08-31,train
137731,2021-07-31,train
137731,2021-08-31,train
137731,2021-09-30,train
137731,2021-10-31,train
137731,2021-11-30,train
137731,2021-12-31,train
137731,2022-01-31,train
137731,2022-02-28,train
137731,2022-03-31,train
137731,2022-04-30,train
137731,2022-05-31,train
137731,2022-06-30,train
137731,2022-07-31,train
137731,2022-08-31,train
137731,2022-09-30,train
137731,2022-10-31,train
137731,2022-11-30,train
137731,2022-12-31,train
137731,2023-01-31,train
137731,2023-02-28,train
137733,2021-07-31,train
137733,2021-08-31,train
137733,2021-09-30,train
137733,2021-10-31,train
137733,2021-11-30,train
137733,2021-12-31,train
137733,2022-01-31,train
137733,2022-02-28,train
137733,2022-03-31,train
137733,2022-04-30,train
137733,2022-05-31,train
137733,2022-06-30,train
137733,2022-07-31,train
137733,2022-08-31,train
137733,2022-09-30,train
137733,2022-10-31,train
137733,2022-11-30,train
137733,2022-12-31,train
137733,2023-01-31,train
137733,2023-02-28,train
137733,2023-03-31,train
137733,2023-04-30,train
137733,2023-05-31,train
137733,2023-06-30,train
137733,2023-07-31,train
137733,2023-08-31,train
137733,2023-09-30,train
137733,2023-10-31,train
137733,2023-11-30,train
137733,2023-12-31,train
137733,2024-01-31,train
137733,2024-02-29,train
137733,2024-03-31,train
137733,2024-04-30,train
137733,2024-05-31,train
137733,2024-06-30,train
137733,2024-07-31,train
137733,2024-08-31,train
143863,2021-07-31,train
143863,2021-08-31,train
143863,2021-09-30,train
143863,2021-10-31,train
143863,2021-11-30,train
143863,2021-12-31,train
143863,2022-01-31,train
143863,2022-02-28,train
143863,2022-03-31,train
143863,2022-04-30,train
143863,2022-05-31,train
143863,2022-06-30,train
143863,2022-07-31,train
143863,2022-08-31,train
143863,2022-09-30,train
143863,2022-10-31,train
143863,2022-11-30,train
143863,2022-12-31,train
143863,2023-01-31,train
143863,2023-02-28,train
143863,2023-03-31,train
143863,2023-04-30,train
143863,2023-05-31,train
143863,2023-06-30,train
143863,2023-07-31,train
143863,2023-08-31,train
143863,2023-09-30,train
143863,2023-10-31,train
143863,2023-11-30,train
143863,2023-12-31,train
143863,2024-01-31,train
143863,2024-02-29,train
143863,2024-03-31,train
143863,2024-04-30,train
143863,2024-05-31,train
143863,2024-06-30,train
143863,2024-07-31,train
143863,2024-08-31,train
144014,2021-07-31,train
144014,2021-08-31,train
144014,2021-09-30,train
144014,2021-10-31,train
144014,2021-11-30,train
144014,2021-12-31,train
144014,2022-01-31,train
144014,2022-02-28,train
144014,2022-03-31,train
144014,2022-04-30,train
144014,2022-05-31,train
144014,2022-06-30,train
144014,2022-07-31,train
144014,2022-08-31,train
144014,2022-09-30,train
144014,2022-10-31,train
144014,2022-11-30,train
144014,2022-12-31,train
144014,2023-01-31,train
144015,2021-07-31,train
144015,2021-08-31,train
144015,2021-09-30,train
144015,2021-10-31,train
144015,2021-11-30,train
144015,2021-12-31,train
144015,2022-01-31,train
144015,2022-02-28,train
144015,2022-03-31,train
144015,2022-04-30,train
144015,2022-05-31,train
144015,2022-06-30,train
144015,2022-07-31,train
144015,2022-08-31,train
144015,2022-09-30,train
144016,2021-07-31,train
144016,2021-08-31,train
144016,2021-09-30,train
144016,2021-10-31,train
144016,2021-11-30,train
144016,2021-12-31,train
144016,2022-01-31,train
144016,2022-02-28,train
144016,2022-03-31,train
144016,2022-04-30,train
144016,2022-05-31,train
144016,2022-06-30,train
144016,2022-07-31,train
144016,2022-08-31,train
144016,2022-09-30,train
144016,2022-10-31,train
144016,2022-11-30,train
144016,2022-12-31,train
144016,2023-01-31,train
144016,2023-02-28,train
144016,2023-03-31,train
144016,2023-04-30,train
144016,2023-05-31,train
144016,2023-06-30,train
144016,2023-07-31,train
144016,2023-08-31,train
144016,2023-09-30,train
144016,2023-10-31,train
144016,2023-11-30,train
144016,2023-12-31,train
144016,2024-01-31,train
144016,2024-02-29,train
144016,2024-03-31,train
144016,2024-04-30,train
144016,2024-05-31,train
144016,2024-06-30,train
144016,2024-07-31,train
144016,2024-08-31,train
144119,2021-07-31,train
144119,2021-08-31,train
144119,2021-09-30,train
144119,2021-10-31,train
144119,2021-11-30,train
144119,2021-12-31,train
144119,2022-01-31,train
144119,2022-02-28,train
144119,2022-03-31,train
144119,2022-04-30,train
144119,2022-05-31,train
144119,2022-06-30,train
144119,2022-07-31,train
144119,2022-08-31,train
144119,2022-09-30,train
144119,2022-10-31,train
144119,2022-11-30,train
144119,2022-12-31,train
144119,2023-01-31,train
144119,2023-02-28,train
144119,2023-03-31,train
144119,2023-04-30,train
144119,2023-05-31,train
144119,2023-06-30,train
144119,2023-07-31,train
144120,2021-07-31,train
144120,2021-08-31,train
144120,2021-09-30,train
144120,2021-10-31,train
144120,2021-11-30,train
144120,2021-12-31,train
144120,2022-01-31,train
144120,2022-02-28,train
144120,2022-03-31,train
144120,2022-04-30,train
144120,2022-05-31,train
144120,2022-06-30,train
144120,2022-07-31,train
144120,2022-08-31,train
144120,2022-09-30,train
144120,2022-10-31,train
144120,2022-11-30,train
144120,2022-12-31,train
144120,2023-01-31,train
144120,2023-02-28,train
144120,2023-03-31,train
144120,2023-04-30,train
144120,2023-05-31,train
144120,2023-06-30,train
144120,2023-07-31,train
144120,2023-08-31,train
144120,2023-09-30,train
144120,2023-10-31,train
144120,2023-11-30,train
144120,2023-12-31,train
144120,2024-01-31,train
144120,2024-02-29,train
144120,2024-03-31,train
144120,2024-04-30,train
144120,2024-05-31,train
144120,2024-06-30,train
144120,2024-07-31,train
144120,2024-08-31,train
144121,2021-07-31,train
144121,2021-08-31,train
144121,2021-09-30,train
144121,2021-10-31,train
144121,2021-11-30,train
144121,2021-12-31,train
144121,2022-01-31,train
144121,2022-02-28,train
144121,2022-03-31,train
144121,2022-04-30,train
144121,2022-05-31,train
144121,2022-06-30,train
144121,2022-07-31,train
144121,2022-08-31,train
144121,2022-09-30,train
144121,2022-10-31,train
144121,2022-11-30,train
144121,2022-12-31,train
144121,2023-01-31,train
144121,2023-02-28,train
144121,2023-03-31,train
144121,2023-04-30,train
144121,2023-05-31,train
144121,2023-06-30,train
144121,2023-07-31,train
144121,2023-08-31,train
144121,2023-09-30,train
144121,2023-10-31,train
144121,2023-11-30,train
144121,2023-12-31,train
144121,2024-01-31,train
144121,2024-02-29,train
144121,2024-03-31,train
144121,2024-04-30,train
144121,2024-05-31,train
144121,2024-06-30,train
144121,2024-07-31,train
144121,2024-08-31,train
144248,2023-05-31,train
144248,2023-06-30,train
144248,2023-07-31,train
144248,2023-08-31,train
144248,2023-09-30,train
144248,2023-10-31,train
144248,2023-11-30,train
144248,2023-12-31,train
144248,2024-01-31,train
144248,2024-02-29,train
144248,2024-03-31,train
144248,2024-04-30,train
144248,2024-05-31,train
144248,2024-06-30,train
144248,2024-07-31,train
144248,2024-08-31,train
144249,2021-07-31,train
144249,2021-08-31,train
144249,2021-09-30,train
144249,2021-10-31,train
144249,2021-11-30,train
144249,2021-12-31,train
144249,2022-01-31,train
144249,2022-02-28,train
144249,2022-03-31,train
144249,2022-04-30,train
144249,2022-05-31,train
144249,2022-06-30,train
144249,2022-07-31,train
144249,2022-08-31,train
144249,2022-09-30,train
144249,2022-10-31,train
144249,2022-11-30,train
144249,2022-12-31,train
144249,2023-01-31,train
144249,2023-02-28,train
144249,2023-03-31,train
144251,2021-07-31,train
144251,2021-08-31,train
144251,2021-09-30,train
144251,2021-10-31,train
144251,2021-11-30,train
144251,2021-12-31,train
144251,2022-01-31,train
144251,2022-02-28,train
144251,2022-03-31,train
144251,2022-04-30,train
144251,2022-05-31,train
144251,2022-06-30,train
144251,2022-07-31,train
144251,2022-08-31,train
144251,2022-09-30,train
144251,2022-10-31,train
144251,2022-11-30,train
144251,2022-12-31,train
144251,2023-01-31,train
144251,2023-02-28,train
144251,2023-03-31,train
144251,2023-04-30,train
144251,2023-05-31,train
144251,2023-06-30,train
144251,2023-07-31,train
144251,2023-08-31,train
144251,2023-09-30,train
144251,2023-10-31,train
144251,2023-11-30,train
144251,2023-12-31,train
144251,2024-01-31,train
144251,2024-02-29,train
144251,2024-03-31,train
144251,2024-04-30,train
144251,2024-05-31,train
144251,2024-06-30,train
144251,2024-07-31,train
144251,2024-08-31,train
144366,2021-07-31,train
144366,2021-08-31,train
144366,2021-09-30,train
144366,2021-10-31,train
144366,2021-11-30,train
144366,2021-12-31,train
144366,2022-01-31,train
144366,2022-02-28,train
144366,2022-03-31,train
144366,2022-04-30,train
144366,2022-05-31,train
144366,2022-06-30,train
144366,2022-07-31,train
144366,2022-08-31,train
144366,2022-09-30,train
144366,2022-10-31,train
144366,2022-11-30,train
144366,2022-12-31,train
144366,2023-01-31,train
144366,2023-02-28,train
144366,2023-03-31,train
144366,2023-04-30,train
144366,2023-05-31,train
144366,2023-06-30,train
144366,2023-07-31,train
144366,2023-08-31,train
144366,2023-09-30,train
144366,2023-10-31,train
144366,2023-11-30,train
144366,2023-12-31,train
144366,2024-01-31,train
144366,2024-02-29,train
144366,2024-03-31,train
144366,2024-04-30,train
144366,2024-05-31,train
144366,2024-06-30,train
144366,2024-07-31,train
144366,2024-08-31,train
144369,2021-07-31,train
144369,2021-08-31,train
144369,2021-09-30,train
144369,2021-10-31,train
144369,2021-11-30,train
144369,2021-12-31,train
144369,2022-01-31,train
144369,2022-02-28,train
144369,2022-03-31,train
144369,2022-04-30,train
144369,2022-05-31,train
144369,2022-06-30,train
144369,2022-07-31,train
144369,2022-08-31,train
144369,2022-09-30,train
144643,2021-07-31,train
144643,2021-08-31,train
144643,2021-09-30,train
144643,2021-10-31,train
144643,2021-11-30,train
144643,2021-12-31,train
144643,2022-01-31,train
144643,2022-02-28,train
144643,2022-03-31,train
144643,2022-04-30,train
144643,2022-05-31,train
144643,2022-06-30,train
144643,2022-07-31,train
144643,2022-08-31,train
144643,2022-09-30,train
144643,2022-10-31,train
144643,2022-11-30,train
144643,2022-12-31,train
144643,2023-01-31,train
144643,2023-02-28,train
144643,2023-03-31,train
144643,2023-04-30,train
144643,2023-05-31,train
144643,2023-06-30,train
144643,2023-07-31,train
144643,2023-08-31,train
144643,2023-09-30,train
144643,2023-10-31,train
144643,2023-11-30,train
144643,2023-12-31,train
144643,2024-01-31,train
144643,2024-02-29,train
144643,2024-03-31,train
144643,2024-04-30,train
144643,2024-05-31,train
144643,2024-06-30,train
144643,2024-07-31,train
144643,2024-08-31,train
145246,2021-07-31,train
145246,2021-08-31,train
145246,2021-09-30,train
145246,2021-10-31,train
145246,2021-11-30,train
145246,2021-12-31,train
145246,2022-01-31,train
145246,2022-02-28,train
145246,2022-03-31,train
145246,2022-04-30,train
145246,2022-05-31,train
145246,2022-06-30,train
145246,2022-07-31,train
145246,2022-08-31,train
145246,2022-09-30,train
145246,2022-10-31,train
145246,2022-11-30,train
145246,2022-12-31,train
145246,2023-01-31,train
145246,2023-02-28,train
145246,2023-03-31,train
145246,2023-04-30,train
145246,2023-05-31,train
145246,2023-06-30,train
145246,2023-07-31,train
145246,2023-08-31,train
145246,2023-09-30,train
145246,2023-10-31,train
145246,2023-11-30,train
145246,2023-12-31,train
145246,2024-01-31,train
145246,2024-02-29,train
145246,2024-03-31,train
145246,2024-04-30,train
145246,2024-05-31,train
145246,2024-06-30,train
145246,2024-07-31,train
145246,2024-08-31,train
145247,2021-07-31,train
145247,2021-08-31,train
145247,2021-09-30,train
145247,2021-10-31,train
145247,2021-11-30,train
145247,2021-12-31,train
145247,2022-01-31,train
145247,2022-02-28,train
145247,2022-03-31,train
145247,2022-04-30,train
145247,2022-05-31,train
145247,2022-06-30,train
145247,2022-07-31,train
145247,2022-08-31,train
145247,2022-09-30,train
145247,2022-10-31,train
145247,2022-11-30,train
145247,2022-12-31,train
145247,2023-01-31,train
145247,2023-02-28,train
145247,2023-03-31,train
145247,2023-04-30,train
145247,2023-05-31,train
145247,2023-06-30,train
145247,2023-07-31,train
145247,2023-08-31,train
145247,2023-09-30,train
145247,2023-10-31,train
145247,2023-11-30,train
145247,2023-12-31,train
145247,2024-01-31,train
145247,2024-02-29,train
145247,2024-03-31,train
145247,2024-04-30,train
145247,2024-05-31,train
145247,2024-06-30,train
145247,2024-07-31,train
145247,2024-08-31,train
145371,2021-07-31,train
145371,2021-08-31,train
145371,2021-09-30,train
145371,2021-10-31,train
145371,2021-11-30,train
145371,2021-12-31,train
145371,2022-01-31,train
145371,2022-02-28,train
145371,2022-03-31,train
145371,2022-04-30,train
145371,2022-05-31,train
145371,2022-06-30,train
145371,2022-07-31,train
145371,2022-08-31,train
145371,2022-09-30,train
145371,2022-10-31,train
145371,2022-11-30,train
145371,2022-12-31,train
145371,2023-01-31,train
145371,2023-02-28,train
145371,2023-03-31,train
145371,2023-04-30,train
145371,2023-05-31,train
145371,2023-06-30,train
145371,2023-07-31,train
145371,2023-08-31,train
145371,2023-09-30,train
145371,2023-10-31,train
145371,2023-11-30,train
145371,2023-12-31,train
145371,2024-01-31,train
145371,2024-02-29,train
145371,2024-03-31,train
145371,2024-04-30,train
145371,2024-05-31,train
145371,2024-06-30,train
145371,2024-07-31,train
145371,2024-08-31,train
145373,2021-07-31,train
145373,2021-08-31,train
145373,2021-09-30,train
145373,2021-10-31,train
145373,2021-11-30,train
145373,2021-12-31,train
145373,2022-01-31,train
145373,2022-02-28,train
145373,2022-03-31,train
145373,2022-04-30,train
145373,2022-05-31,train
145373,2022-06-30,train
145373,2022-07-31,train
145373,2022-08-31,train
145373,2022-09-30,train
145373,2022-10-31,train
145373,2022-11-30,train
145373,2022-12-31,train
145373,2023-01-31,train
145373,2023-02-28,train
145373,2023-03-31,train
145373,2023-04-30,train
145373,2023-05-31,train
145373,2023-06-30,train
145373,2023-07-31,train
145373,2023-08-31,train
145373,2023-09-30,train
145373,2023-10-31,train
145373,2023-11-30,train
145373,2023-12-31,train
145373,2024-01-31,train
145373,2024-02-29,train
145373,2024-03-31,train
145373,2024-04-30,train
145373,2024-05-31,train
145373,2024-06-30,train
145373,2024-07-31,train
145373,2024-08-31,train
145528,2021-07-31,train
145528,2021-08-31,train
145528,2021-09-30,train
145528,2021-10-31,train
145528,2021-11-30,train
145528,2021-12-31,train
145528,2022-01-31,train
145528,2022-02-28,train
145528,2022-03-31,train
145528,2022-04-30,train
145528,2022-05-31,train
145528,2022-06-30,train
145528,2022-07-31,train
145528,2022-08-31,train
145528,2022-09-30,train
145528,2022-10-31,train
145528,2022-11-30,train
145528,2022-12-31,train
145528,2023-01-31,train
145528,2023-02-28,train
145528,2023-03-31,train
145528,2023-04-30,train
145528,2023-05-31,train
145528,2023-06-30,train
145528,2023-07-31,train
145528,2023-08-31,train
145528,2023-09-30,train
145528,2023-10-31,train
145528,2023-11-30,train
145528,2023-12-31,train
145528,2024-01-31,train
145528,2024-02-29,train
145528,2024-03-31,train
145528,2024-04-30,train
145528,2024-05-31,train
145528,2024-06-30,train
145528,2024-07-31,train
145528,2024-08-31,train
145695,2022-02-28,train
145695,2022-03-31,train
145695,2022-04-30,train
145695,2022-05-31,train
145695,2022-06-30,train
145695,2022-07-31,train
145695,2022-08-31,train
145695,2022-09-30,train
145695,2022-10-31,train
145695,2022-11-30,train
145695,2022-12-31,train
145695,2023-01-31,train
145695,2023-02-28,train
145695,2023-03-31,train
145695,2023-04-30,train
145695,2023-05-31,train
145695,2023-06-30,train
145695,2023-07-31,train
145695,2023-08-31,train
145695,2023-09-30,train
145695,2023-10-31,train
145695,2023-11-30,train
145695,2023-12-31,train
145695,2024-01-31,train
145695,2024-02-29,train
145695,2024-03-31,train
145695,2024-04-30,train
145695,2024-05-31,train
145695,2024-06-30,train
145695,2024-07-31,train
145695,2024-08-31,train
145699,2021-07-31,train
145699,2021-08-31,train
145699,2021-09-30,train
145699,2021-10-31,train
145699,2021-11-30,train
145699,2021-12-31,train
145699,2022-01-31,train
145699,2022-02-28,train
145699,2022-03-31,train
145699,2022-04-30,train
145699,2022-05-31,train
145699,2022-06-30,train
145699,2022-07-31,train
145699,2022-08-31,train
145699,2022-09-30,train
145699,2022-10-31,train
145699,2022-11-30,train
145699,2022-12-31,train
145699,2023-01-31,train
145699,2023-02-28,train
145699,2023-03-31,train
145699,2023-04-30,train
145699,2023-05-31,train
145699,2023-06-30,train
145699,2023-07-31,train
145699,2023-08-31,train
145699,2023-09-30,train
145699,2023-10-31,train
145699,2023-11-30,train
145699,2023-12-31,train
145699,2024-01-31,train
145699,2024-02-29,train
145699,2024-03-31,train
145699,2024-04-30,train
145699,2024-05-31,train
145699,2024-06-30,train
145699,2024-07-31,train
145699,2024-08-31,train
145700,2022-08-31,train
145700,2022-09-30,train
145700,2022-10-31,train
145700,2022-11-30,train
145700,2022-12-31,train
145700,2023-01-31,train
145700,2023-02-28,train
145700,2023-03-31,train
145700,2023-04-30,train
145700,2023-05-31,train
145700,2023-06-30,train
145700,2023-07-31,train
145700,2023-08-31,train
145700,2023-09-30,train
145700,2023-10-31,train
145700,2023-11-30,train
145700,2023-12-31,train
145700,2024-01-31,train
145700,2024-02-29,train
145700,2024-03-31,train
145700,2024-04-30,train
145700,2024-05-31,train
145700,2024-06-30,train
145700,2024-07-31,train
145700,2024-08-31,train
145846,2021-07-31,train
145846,2021-08-31,train
145846,2021-09-30,train
145846,2021-10-31,train
145846,2021-11-30,train
145846,2021-12-31,train
145846,2022-01-31,train
145846,2022-02-28,train
145846,2022-03-31,train
145846,2022-04-30,train
145846,2022-05-31,train
145846,2022-06-30,train
145846,2022-07-31,train
145846,2022-08-31,train
145846,2022-09-30,train
145846,2022-10-31,train
145846,2022-11-30,train
145846,2022-12-31,train
145846,2023-01-31,train
145846,2023-02-28,train
145846,2023-03-31,train
145846,2023-04-30,train
145846,2023-05-31,train
145846,2023-06-30,train
145846,2023-07-31,train
145846,2023-08-31,train
145846,2023-09-30,train
145846,2023-10-31,train
145846,2023-11-30,train
145846,2023-12-31,train
145847,2021-07-31,train
145847,2021-08-31,train
145847,2021-09-30,train
145847,2021-10-31,train
145847,2021-11-30,train
145847,2021-12-31,train
145847,2022-01-31,train
145847,2022-02-28,train
145847,2022-03-31,train
145847,2022-04-30,train
145847,2022-05-31,train
145847,2022-06-30,train
145847,2022-07-31,train
145847,2022-08-31,train
145847,2022-09-30,train
145847,2022-10-31,train
145847,2022-11-30,train
145847,2022-12-31,train
145847,2023-01-31,train
145847,2023-02-28,train
145847,2023-03-31,train
145847,2023-04-30,train
145847,2023-05-31,train
145847,2023-06-30,train
145847,2023-07-31,train
145847,2023-08-31,train
145847,2023-09-30,train
145847,2023-10-31,train
145847,2023-11-30,train
145847,2023-12-31,train
145847,2024-01-31,train
145847,2024-02-29,train
145847,2024-03-31,train
145847,2024-04-30,train
145847,2024-05-31,train
145847,2024-06-30,train
145847,2024-07-31,train
145847,2024-08-31,train
146191,2024-01-31,train
146191,2024-02-29,train
146191,2024-03-31,train
146191,2024-04-30,train
146191,2024-05-31,train
146191,2024-06-30,train
146191,2024-07-31,train
146191,2024-08-31,train
146192,2021-07-31,train
146192,2021-08-31,train
146192,2021-09-30,train
146192,2021-10-31,train
146192,2021-11-30,train
146192,2021-12-31,train
146192,2022-01-31,train
146192,2022-02-28,train
146192,2022-03-31,train
146192,2022-04-30,train
146192,2022-05-31,train
146192,2022-06-30,train
146192,2022-07-31,train
146192,2022-08-31,train
146192,2022-09-30,train
146192,2022-10-31,train
146192,2022-11-30,train
146192,2022-12-31,train
146192,2023-01-31,train
146192,2023-02-28,train
146192,2023-03-31,train
146192,2023-04-30,train
146192,2023-05-31,train
146192,2023-06-30,train
146192,2023-07-31,train
146192,2023-08-31,train
146192,2023-09-30,train
146192,2023-10-31,train
146192,2023-11-30,train
146192,2023-12-31,train
146241,2021-07-31,train
146241,2021-08-31,train
146241,2021-09-30,train
146241,2021-10-31,train
146241,2021-11-30,train
146241,2021-12-31,train
146241,2022-01-31,train
146241,2022-02-28,train
146241,2022-03-31,train
146241,2022-04-30,train
146241,2022-05-31,train
146241,2022-06-30,train
146241,2022-07-31,train
146241,2022-08-31,train
146241,2022-09-30,train
146241,2022-10-31,train
146241,2022-11-30,train
146241,2022-12-31,train
146241,2023-01-31,train
146241,2023-02-28,train
146241,2023-03-31,train
146241,2023-04-30,train
146241,2023-05-31,train
146241,2023-06-30,train
146241,2023-07-31,train
146241,2023-08-31,train
146241,2023-09-30,train
146241,2023-10-31,train
146241,2023-11-30,train
146241,2023-12-31,train
146241,2024-01-31,train
146241,2024-02-29,train
146241,2024-03-31,train
146241,2024-04-30,train
146241,2024-05-31,train
146241,2024-06-30,train
146241,2024-07-31,train
146241,2024-08-31,train
146362,2021-07-31,train
146362,2021-08-31,train
146362,2021-09-30,train
146362,2021-10-31,train
146362,2021-11-30,train
146362,2021-12-31,train
146362,2022-01-31,train
146362,2022-02-28,train
146362,2022-03-31,train
146362,2022-04-30,train
146362,2022-05-31,train
146362,2022-06-30,train
146362,2022-07-31,train
146362,2022-08-31,train
146362,2022-09-30,train
146362,2022-10-31,train
146362,2022-11-30,train
146362,2022-12-31,train
146362,2023-01-31,train
146362,2023-02-28,train
146362,2023-03-31,train
146362,2023-04-30,train
146362,2023-05-31,train
146362,2023-06-30,train
146362,2023-07-31,train
146362,2023-08-31,train
146362,2023-09-30,train
146362,2023-10-31,train
146362,2023-11-30,train
146362,2023-12-31,train
146362,2024-01-31,train
146362,2024-02-29,train
146362,2024-03-31,train
146362,2024-04-30,train
146362,2024-05-31,train
146362,2024-06-30,train
146362,2024-07-31,train
146362,2024-08-31,train
146373,2021-07-31,train
146373,2021-08-31,train
146373,2021-09-30,train
146373,2021-10-31,train
146373,2021-11-30,train
146373,2021-12-31,train
146373,2022-01-31,train
146373,2022-02-28,train
146373,2022-03-31,train
146373,2022-04-30,train
146373,2022-05-31,train
146373,2022-06-30,train
146373,2022-07-31,train
146373,2022-08-31,train
146373,2022-09-30,train
146373,2022-10-31,train
146373,2022-11-30,train
146373,2022-12-31,train
146373,2023-01-31,train
146373,2023-02-28,train
146373,2023-03-31,train
146373,2023-04-30,train
146373,2023-05-31,train
146373,2023-06-30,train
146373,2023-07-31,train
146373,2023-08-31,train
146373,2023-09-30,train
146373,2023-10-31,train
146373,2023-11-30,train
146373,2023-12-31,train
146373,2024-01-31,train
146373,2024-02-29,train
146433,2021-07-31,train
146433,2021-08-31,train
146433,2021-09-30,train
146433,2021-10-31,train
146433,2021-11-30,train
146433,2021-12-31,train
146433,2022-01-31,train
146433,2022-02-28,train
146433,2022-03-31,train
146433,2022-04-30,train
146433,2022-05-31,train
146433,2022-06-30,train
146433,2022-07-31,train
146433,2022-08-31,train
146433,2022-09-30,train
146433,2022-10-31,train
146433,2022-11-30,train
146433,2022-12-31,train
146433,2023-01-31,train
146433,2023-02-28,train
146433,2023-03-31,train
146433,2023-04-30,train
146433,2023-05-31,train
146433,2023-06-30,train
146433,2023-07-31,train
146433,2023-08-31,train
146433,2023-09-30,train
146433,2023-10-31,train
146433,2023-11-30,train
146433,2023-12-31,train
146433,2024-01-31,train
146433,2024-02-29,train
146433,2024-03-31,train
146433,2024-04-30,train
146433,2024-05-31,train
146433,2024-06-30,train
146433,2024-07-31,train
146433,2024-08-31,train
146752,2021-07-31,train
146752,2021-08-31,train
146752,2021-09-30,train
146752,2021-10-31,train
146752,2021-11-30,train
146752,2021-12-31,train
146752,2022-01-31,train
146752,2022-02-28,train
146752,2022-03-31,train
146752,2022-04-30,train
146752,2022-05-31,train
146752,2022-06-30,train
146752,2022-07-31,train
146752,2022-08-31,train
146752,2022-09-30,train
146752,2022-10-31,train
146752,2022-11-30,train
146752,2022-12-31,train
146752,2023-01-31,train
146752,2023-02-28,train
146752,2023-03-31,train
146752,2023-04-30,train
146752,2023-05-31,train
146752,2023-06-30,train
146752,2023-07-31,train
146752,2023-08-31,train
146752,2023-09-30,train
146752,2023-10-31,train
146752,2023-11-30,train
146752,2023-12-31,train
146752,2024-01-31,train
146752,2024-02-29,train
146752,2024-03-31,train
146752,2024-04-30,train
146752,2024-05-31,train
146752,2024-06-30,train
146752,2024-07-31,train
146752,2024-08-31,train
147132,2021-07-31,train
147132,2021-08-31,train
147132,2021-09-30,train
147132,2021-10-31,train
147132,2021-11-30,train
147132,2021-12-31,train
147132,2022-01-31,train
147132,2022-02-28,train
147132,2022-03-31,train
147132,2022-04-30,train
147132,2022-05-31,train
147132,2022-06-30,train
147132,2022-07-31,train
147132,2022-08-31,train
147132,2022-09-30,train
147132,2022-10-31,train
147132,2022-11-30,train
147132,2022-12-31,train
147132,2023-01-31,train
147132,2023-02-28,train
147132,2023-03-31,train
147132,2023-04-30,train
147132,2023-05-31,train
147132,2023-06-30,train
147132,2023-07-31,train
147132,2023-08-31,train
147132,2023-09-30,train
147132,2023-10-31,train
147132,2023-11-30,train
147132,2023-12-31,train
147132,2024-01-31,train
147132,2024-02-29,train
147132,2024-03-31,train
147132,2024-04-30,train
147132,2024-05-31,train
147132,2024-06-30,train
147132,2024-07-31,train
147132,2024-08-31,train
147133,2021-07-31,train
147133,2021-08-31,train
147133,2021-09-30,train
147133,2021-10-31,train
147133,2021-11-30,train
147133,2021-12-31,train
147133,2022-01-31,train
147133,2022-02-28,train
147133,2022-03-31,train
147133,2022-04-30,train
147133,2022-05-31,train
147133,2022-06-30,train
147133,2022-07-31,train
147133,2022-08-31,train
147133,2022-09-30,train
147133,2022-10-31,train
147133,2022-11-30,train
147133,2022-12-31,train
147133,2023-01-31,train
147133,2023-02-28,train
147133,2023-03-31,train
147133,2023-04-30,train
147133,2023-05-31,train
147133,2023-06-30,train
147133,2023-07-31,train
147133,2023-08-31,train
147133,2023-09-30,train
147133,2023-10-31,train
147133,2023-11-30,train
147133,2023-12-31,train
147265,2021-07-31,train
147265,2021-08-31,train
147265,2021-09-30,train
147265,2021-10-31,train
147265,2021-11-30,train
147265,2021-12-31,train
147265,2022-01-31,train
147265,2022-02-28,train
147265,2022-03-31,train
147265,2022-04-30,train
147265,2022-05-31,train
147265,2022-06-30,train
147265,2022-07-31,train
147265,2022-08-31,train
147265,2022-09-30,train
147265,2022-10-31,train
147265,2022-11-30,train
147265,2022-12-31,train
147265,2023-01-31,train
147265,2023-02-28,train
147265,2023-03-31,train
147265,2023-04-30,train
147265,2023-05-31,train
147265,2023-06-30,train
147265,2023-07-31,train
147265,2023-08-31,train
147265,2023-09-30,train
147265,2023-10-31,train
147265,2023-11-30,train
147265,2023-12-31,train
147265,2024-01-31,train
147265,2024-02-29,train
147265,2024-03-31,train
147265,2024-04-30,train
147265,2024-05-31,train
147265,2024-06-30,train
147265,2024-07-31,train
147265,2024-08-31,train
147266,2021-07-31,train
147266,2021-08-31,train
147266,2021-09-30,train
147266,2021-10-31,train
147266,2021-11-30,train
147266,2021-12-31,train
147266,2022-01-31,train
147266,2022-02-28,train
147266,2022-03-31,train
147266,2022-04-30,train
147266,2022-05-31,train
147266,2022-06-30,train
147266,2022-07-31,train
147266,2022-08-31,train
147266,2022-09-30,train
147266,2022-10-31,train
147266,2022-11-30,train
147266,2022-12-31,train
147266,2023-01-31,train
147266,2023-02-28,train
147266,2023-03-31,train
147266,2023-04-30,train
147266,2023-05-31,train
147266,2023-06-30,train
147266,2023-07-31,train
147266,2023-08-31,train
147266,2023-09-30,train
147266,2023-10-31,train
147266,2023-11-30,train
147266,2023-12-31,train
147266,2024-01-31,train
147266,2024-02-29,train
147266,2024-03-31,train
147266,2024-04-30,train
147266,2024-05-31,train
147266,2024-06-30,train
147266,2024-07-31,train
147266,2024-08-31,train
147268,2021-07-31,train
147268,2021-08-31,train
147268,2021-09-30,train
147268,2021-10-31,train
147268,2021-11-30,train
147268,2021-12-31,train
147268,2022-01-31,train
147268,2022-02-28,train
147268,2022-03-31,train
147268,2022-04-30,train
147268,2022-05-31,train
147268,2022-06-30,train
147268,2022-07-31,train
147268,2022-08-31,train
147268,2022-09-30,train
147268,2022-10-31,train
147268,2022-11-30,train
147268,2022-12-31,train
147268,2023-01-31,train
147268,2023-02-28,train
147268,2023-03-31,train
147268,2023-04-30,train
147268,2023-05-31,train
147268,2023-06-30,train
147268,2023-07-31,train
147268,2023-08-31,train
147268,2023-09-30,train
147268,2023-10-31,train
147268,2023-11-30,train
147268,2023-12-31,train
147268,2024-01-31,train
147268,2024-02-29,train
147268,2024-03-31,train
147268,2024-04-30,train
147268,2024-05-31,train
147268,2024-06-30,train
147268,2024-07-31,train
147268,2024-08-31,train
147450,2021-07-31,train
147450,2021-08-31,train
147450,2021-09-30,train
147450,2021-10-31,train
147450,2021-11-30,train
147450,2021-12-31,train
147450,2022-01-31,train
147450,2022-02-28,train
147450,2022-03-31,train
147450,2022-04-30,train
147450,2022-05-31,train
147450,2022-06-30,train
147450,2022-07-31,train
147450,2022-08-31,train
147450,2022-09-30,train
147450,2022-10-31,train
147450,2022-11-30,train
147450,2022-12-31,train
147450,2023-01-31,train
147450,2023-02-28,train
147450,2023-03-31,train
147450,2023-04-30,train
147450,2023-05-31,train
147450,2023-06-30,train
147450,2023-07-31,train
147450,2023-08-31,train
147450,2023-09-30,train
147450,2023-10-31,train
147450,2023-11-30,train
147450,2023-12-31,train
147450,2024-01-31,train
147450,2024-02-29,train
147450,2024-03-31,train
147450,2024-04-30,train
147453,2022-09-30,train
147453,2022-10-31,train
147453,2022-11-30,train
147453,2022-12-31,train
147453,2023-01-31,train
147453,2023-02-28,train
147453,2023-03-31,train
147453,2023-04-30,train
147453,2023-05-31,train
147453,2023-06-30,train
147453,2023-07-31,train
147453,2023-08-31,train
147453,2023-09-30,train
147453,2023-10-31,train
147453,2023-11-30,train
147453,2023-12-31,train
147453,2024-01-31,train
147453,2024-02-29,train
147453,2024-03-31,train
147453,2024-04-30,train
147453,2024-05-31,train
147453,2024-06-30,train
147453,2024-07-31,train
147453,2024-08-31,train
147454,2021-07-31,train
147454,2021-08-31,train
147454,2021-09-30,train
147454,2021-10-31,train
147454,2021-11-30,train
147454,2021-12-31,train
147454,2022-01-31,train
147454,2022-02-28,train
147454,2022-03-31,train
147454,2022-04-30,train
147454,2022-05-31,train
147454,2022-06-30,train
147454,2022-07-31,train
147454,2022-08-31,train
147454,2022-09-30,train
147454,2022-10-31,train
147454,2022-11-30,train
147454,2022-12-31,train
147454,2023-01-31,train
147454,2023-02-28,train
147454,2023-03-31,train
147454,2023-04-30,train
147454,2023-05-31,train
147454,2023-06-30,train
147454,2023-07-31,train
147454,2023-08-31,train
147454,2023-09-30,train
147454,2023-10-31,train
147454,2023-11-30,train
147454,2023-12-31,train
147454,2024-01-31,train
147454,2024-02-29,train
147454,2024-03-31,train
147454,2024-04-30,train
147454,2024-05-31,train
147454,2024-06-30,train
147454,2024-07-31,train
147454,2024-08-31,train
147598,2021-07-31,train
147598,2021-08-31,train
147598,2021-09-30,train
147598,2021-10-31,train
147598,2021-11-30,train
147598,2021-12-31,train
147598,2022-01-31,train
147598,2022-02-28,train
147598,2022-03-31,train
147598,2022-04-30,train
147598,2022-05-31,train
147598,2022-06-30,train
147598,2022-07-31,train
147598,2022-08-31,train
147598,2022-09-30,train
147598,2022-10-31,train
147598,2022-11-30,train
147598,2022-12-31,train
147598,2023-01-31,train
147598,2023-02-28,train
147598,2023-03-31,train
147598,2023-04-30,train
147598,2023-05-31,train
147598,2023-06-30,train
147598,2023-07-31,train
147598,2023-08-31,train
147598,2023-09-30,train
147598,2023-10-31,train
147598,2023-11-30,train
147598,2023-12-31,train
147598,2024-01-31,train
147598,2024-02-29,train
147598,2024-03-31,train
147598,2024-04-30,train
147598,2024-05-31,train
147598,2024-06-30,train
147598,2024-07-31,train
147598,2024-08-31,train
152970,2021-07-31,train
152970,2021-08-31,train
152970,2021-09-30,train
152970,2021-10-31,train
152970,2021-11-30,train
152970,2021-12-31,train
152970,2022-01-31,train
152970,2022-02-28,train
152970,2022-03-31,train
152970,2022-04-30,train
152970,2022-05-31,train
152970,2022-06-30,train
152970,2022-07-31,train
152970,2022-08-31,train
152970,2022-09-30,train
152970,2022-10-31,train
152970,2022-11-30,train
152970,2022-12-31,train
152970,2023-01-31,train
152970,2023-02-28,train
152970,2023-03-31,train
152970,2023-04-30,train
152970,2023-05-31,train
152970,2023-06-30,train
152970,2023-07-31,train
152970,2023-08-31,train
152970,2023-09-30,train
152970,2023-10-31,train
152970,2023-11-30,train
152970,2023-12-31,train
152970,2024-01-31,train
152970,2024-02-29,train
152970,2024-03-31,train
152970,2024-04-30,train
152970,2024-05-31,train
152970,2024-06-30,train
152970,2024-07-31,train
152970,2024-08-31,train
152973,2022-09-30,train
152973,2022-10-31,train
152973,2022-11-30,train
152973,2022-12-31,train
152973,2023-01-31,train
152973,2023-02-28,train
152973,2023-03-31,train
152973,2023-04-30,train
152973,2023-05-31,train
152973,2023-06-30,train
152973,2023-07-31,train
152973,2023-08-31,train
152973,2023-09-30,train
152973,2023-10-31,train
152973,2023-11-30,train
152973,2023-12-31,train
152973,2024-01-31,train
152973,2024-02-29,train
152973,2024-03-31,train
152973,2024-04-30,train
152973,2024-05-31,train
152973,2024-06-30,train
152973,2024-07-31,train
152973,2024-08-31,train
152974,2022-09-30,train
152974,2022-10-31,train
152974,2022-11-30,train
152974,2022-12-31,train
152974,2023-01-31,train
152974,2023-02-28,train
152974,2023-03-31,train
152974,2023-04-30,train
152974,2023-05-31,train
152974,2023-06-30,train
152974,2023-07-31,train
152974,2023-08-31,train
152974,2023-09-30,train
152974,2023-10-31,train
152974,2023-11-30,train
152974,2023-12-31,train
152974,2024-01-31,train
152974,2024-02-29,train
152974,2024-03-31,train
152974,2024-04-30,train
152974,2024-05-31,train
152974,2024-06-30,train
152974,2024-07-31,train
152974,2024-08-31,train
153131,2021-07-31,train
153131,2021-08-31,train
153131,2021-09-30,train
153131,2021-10-31,train
153131,2021-11-30,train
153131,2021-12-31,train
153131,2022-01-31,train
153131,2022-02-28,train
153131,2022-03-31,train
153131,2022-04-30,train
153131,2022-05-31,train
153131,2022-06-30,train
153131,2022-07-31,train
153131,2022-08-31,train
153131,2022-09-30,train
153131,2022-10-31,train
153131,2022-11-30,train
153131,2022-12-31,train
153131,2023-01-31,train
153131,2023-02-28,train
153131,2023-03-31,train
153131,2023-04-30,train
153131,2023-05-31,train
153131,2023-06-30,train
153132,2021-07-31,train
153132,2021-08-31,train
153132,2021-09-30,train
153132,2021-10-31,train
153132,2021-11-30,train
153132,2021-12-31,train
153132,2022-01-31,train
153132,2022-02-28,train
153132,2022-03-31,train
153132,2022-04-30,train
153132,2022-05-31,train
153132,2022-06-30,train
153132,2022-07-31,train
153132,2022-08-31,train
153132,2022-09-30,train
153132,2022-10-31,train
153132,2022-11-30,train
153132,2022-12-31,train
153132,2023-01-31,train
153132,2023-02-28,train
153132,2023-03-31,train
153132,2023-04-30,train
153132,2023-05-31,train
153132,2023-06-30,train
153132,2023-07-31,train
153132,2023-08-31,train
153132,2023-09-30,train
153132,2023-10-31,train
153132,2023-11-30,train
153132,2023-12-31,train
153132,2024-01-31,train
153132,2024-02-29,train
153132,2024-03-31,train
153132,2024-04-30,train
153132,2024-05-31,train
153132,2024-06-30,train
153132,2024-07-31,train
153132,2024-08-31,train
153297,2021-07-31,train
153297,2021-08-31,train
153297,2021-09-30,train
153297,2021-10-31,train
153297,2021-11-30,train
153297,2021-12-31,train
153297,2022-01-31,train
153297,2022-02-28,train
153297,2022-03-31,train
153297,2022-04-30,train
153297,2022-05-31,train
153297,2022-06-30,train
153297,2022-07-31,train
153297,2022-08-31,train
153297,2022-09-30,train
153297,2022-10-31,train
153297,2022-11-30,train
153297,2022-12-31,train
153297,2023-01-31,train
153297,2023-02-28,train
153297,2023-03-31,train
153297,2023-04-30,train
153297,2023-05-31,train
153297,2023-06-30,train
153297,2023-07-31,train
153297,2023-08-31,train
153297,2023-09-30,train
153297,2023-10-31,train
153297,2023-11-30,train
153297,2023-12-31,train
153297,2024-01-31,train
153297,2024-02-29,train
153297,2024-03-31,train
153297,2024-04-30,train
153297,2024-05-31,train
153297,2024-06-30,train
153297,2024-07-31,train
153297,2024-08-31,train
153440,2021-07-31,train
153440,2021-08-31,train
153440,2021-09-30,train
153440,2021-10-31,train
153440,2021-11-30,train
153440,2021-12-31,train
153440,2022-01-31,train
153440,2022-02-28,train
153440,2022-03-31,train
153440,2022-04-30,train
153440,2022-05-31,train
153440,2022-06-30,train
153440,2022-07-31,train
153440,2022-08-31,train
153440,2022-09-30,train
153440,2022-10-31,train
153440,2022-11-30,train
153440,2022-12-31,train
153440,2023-01-31,train
153440,2023-02-28,train
153440,2023-03-31,train
153440,2023-04-30,train
153440,2023-05-31,train
153440,2023-06-30,train
153440,2023-07-31,train
153440,2023-08-31,train
153440,2023-09-30,train
153440,2023-10-31,train
153440,2023-11-30,train
153440,2023-12-31,train
153440,2024-01-31,train
153440,2024-02-29,train
153440,2024-03-31,train
153440,2024-04-30,train
153440,2024-05-31,train
153440,2024-06-30,train
153440,2024-07-31,train
153440,2024-08-31,train
153445,2021-07-31,train
153445,2021-08-31,train
153445,2021-09-30,train
153445,2021-10-31,train
153445,2021-11-30,train
153445,2021-12-31,train
153445,2022-01-31,train
153445,2022-02-28,train
153445,2022-03-31,train
153445,2022-04-30,train
153445,2022-05-31,train
153445,2022-06-30,train
153445,2022-07-31,train
153445,2022-08-31,train
153445,2022-09-30,train
153445,2022-10-31,train
153445,2022-11-30,train
153445,2022-12-31,train
153445,2023-01-31,train
153445,2023-02-28,train
153445,2023-03-31,train
153576,2021-07-31,train
153576,2021-08-31,train
153576,2021-09-30,train
153576,2021-10-31,train
153576,2021-11-30,train
153576,2021-12-31,train
153576,2022-01-31,train
153576,2022-02-28,train
153576,2022-03-31,train
153576,2022-04-30,train
153576,2022-05-31,train
153576,2022-06-30,train
153576,2022-07-31,train
153576,2022-08-31,train
153576,2022-09-30,train
153576,2022-10-31,train
153576,2022-11-30,train
153576,2022-12-31,train
153576,2023-01-31,train
153576,2023-02-28,train
153576,2023-03-31,train
153576,2023-04-30,train
153576,2023-05-31,train
153576,2023-06-30,train
153576,2023-07-31,train
153576,2023-08-31,train
153576,2023-09-30,train
153576,2023-10-31,train
153576,2023-11-30,train
153576,2023-12-31,train
153576,2024-01-31,train
153576,2024-02-29,train
153576,2024-03-31,train
153576,2024-04-30,train
153576,2024-05-31,train
153576,2024-06-30,train
153576,2024-07-31,train
153576,2024-08-31,train
153578,2021-07-31,train
153578,2021-08-31,train
153578,2021-09-30,train
153578,2021-10-31,train
153578,2021-11-30,train
153578,2021-12-31,train
153578,2022-01-31,train
153578,2022-02-28,train
153578,2022-03-31,train
153578,2022-04-30,train
153578,2022-05-31,train
153578,2022-06-30,train
153578,2022-07-31,train
153578,2022-08-31,train
153578,2022-09-30,train
153578,2022-10-31,train
153578,2022-11-30,train
153578,2022-12-31,train
153578,2023-01-31,train
153578,2023-02-28,train
153578,2023-03-31,train
153578,2023-04-30,train
153578,2023-05-31,train
153578,2023-06-30,train
153578,2023-07-31,train
153578,2023-08-31,train
153578,2023-09-30,train
153578,2023-10-31,train
153578,2023-11-30,train
153578,2023-12-31,train
153578,2024-01-31,train
153578,2024-02-29,train
153578,2024-03-31,train
153578,2024-04-30,train
153578,2024-05-31,train
153578,2024-06-30,train
153578,2024-07-31,train
153578,2024-08-31,train
153727,2021-07-31,train
153727,2021-08-31,train
153727,2021-09-30,train
153727,2021-10-31,train
153727,2021-11-30,train
153727,2021-12-31,train
153727,2022-01-31,train
153727,2022-02-28,train
153727,2022-03-31,train
153727,2022-04-30,train
153727,2022-05-31,train
153727,2022-06-30,train
153727,2022-07-31,train
153727,2022-08-31,train
153727,2022-09-30,train
153727,2022-10-31,train
153727,2022-11-30,train
153727,2022-12-31,train
153727,2023-01-31,train
153727,2023-02-28,train
153727,2023-03-31,train
153727,2023-04-30,train
153727,2023-05-31,train
153727,2023-06-30,train
153727,2023-07-31,train
153727,2023-08-31,train
153727,2023-09-30,train
153727,2023-10-31,train
153727,2023-11-30,train
153727,2023-12-31,train
153727,2024-01-31,train
153727,2024-02-29,train
153727,2024-03-31,train
153727,2024-04-30,train
153727,2024-05-31,train
153727,2024-06-30,train
153727,2024-07-31,train
153727,2024-08-31,train
153728,2021-07-31,train
153728,2021-08-31,train
153728,2021-09-30,train
153728,2021-10-31,train
153728,2021-11-30,train
153728,2021-12-31,train
153728,2022-01-31,train
153728,2022-02-28,train
153728,2022-03-31,train
153728,2022-04-30,train
153728,2022-05-31,train
153728,2022-06-30,train
153728,2022-07-31,train
153728,2022-08-31,train
153728,2022-09-30,train
153728,2022-10-31,train
153728,2022-11-30,train
153728,2022-12-31,train
153728,2023-01-31,train
153728,2023-02-28,train
153728,2023-03-31,train
153728,2023-04-30,train
153728,2023-05-31,train
153728,2023-06-30,train
153846,2021-07-31,train
153846,2021-08-31,train
153846,2021-09-30,train
153846,2021-10-31,train
153846,2021-11-30,train
153846,2021-12-31,train
153846,2022-01-31,train
153846,2022-02-28,train
153846,2022-03-31,train
153846,2022-04-30,train
153846,2022-05-31,train
153846,2022-06-30,train
153846,2022-07-31,train
153846,2022-08-31,train
153846,2022-09-30,train
153846,2022-10-31,train
153846,2022-11-30,train
153846,2022-12-31,train
153846,2023-01-31,train
153846,2023-02-28,train
153846,2023-03-31,train
153846,2023-04-30,train
153846,2023-05-31,train
153846,2023-06-30,train
153846,2023-07-31,train
153846,2023-08-31,train
153846,2023-09-30,train
153846,2023-10-31,train
153846,2023-11-30,train
153846,2023-12-31,train
153846,2024-01-31,train
153846,2024-02-29,train
153846,2024-03-31,train
153846,2024-04-30,train
153846,2024-05-31,train
153846,2024-06-30,train
153846,2024-07-31,train
153846,2024-08-31,train
153955,2021-07-31,train
153955,2021-08-31,train
153955,2021-09-30,train
153955,2021-10-31,train
153955,2021-11-30,train
153955,2021-12-31,train
153955,2022-01-31,train
153955,2022-02-28,train
153955,2022-03-31,train
153955,2022-04-30,train
153955,2022-05-31,train
153955,2022-06-30,train
153955,2022-07-31,train
153955,2022-08-31,train
153955,2022-09-30,train
153955,2022-10-31,train
153955,2022-11-30,train
153955,2022-12-31,train
153955,2023-01-31,train
153955,2023-02-28,train
153955,2023-03-31,train
153955,2023-04-30,train
153955,2023-05-31,train
153955,2023-06-30,train
153955,2023-07-31,train
153955,2023-08-31,train
153955,2023-09-30,train
153955,2023-10-31,train
153955,2023-11-30,train
153955,2023-12-31,train
153955,2024-01-31,train
153955,2024-02-29,train
153955,2024-03-31,train
153955,2024-04-30,train
153955,2024-05-31,train
153955,2024-06-30,train
153955,2024-07-31,train
153955,2024-08-31,train
153956,2024-04-30,train
153956,2024-05-31,train
153956,2024-06-30,train
153956,2024-07-31,train
153956,2024-08-31,train
154166,2021-07-31,train
154166,2021-08-31,train
154166,2021-09-30,train
154166,2021-10-31,train
154166,2021-11-30,train
154166,2021-12-31,train
154166,2022-01-31,train
154166,2022-02-28,train
154166,2022-03-31,train
154166,2022-04-30,train
154166,2022-05-31,train
154166,2022-06-30,train
154166,2022-07-31,train
154166,2022-08-31,train
154166,2022-09-30,train
154166,2022-10-31,train
154166,2022-11-30,train
154166,2022-12-31,train
154166,2023-01-31,train
154166,2023-02-28,train
154166,2023-03-31,train
154166,2023-04-30,train
154166,2023-05-31,train
154166,2023-06-30,train
154166,2023-07-31,train
154166,2023-08-31,train
154166,2023-09-30,train
154166,2023-10-31,train
154166,2023-11-30,train
154166,2023-12-31,train
154166,2024-01-31,train
154166,2024-02-29,train
154166,2024-03-31,train
154166,2024-04-30,train
154166,2024-05-31,train
154166,2024-06-30,train
154166,2024-07-31,train
154166,2024-08-31,train
154167,2021-07-31,train
154167,2021-08-31,train
154167,2021-09-30,train
154167,2021-10-31,train
154167,2021-11-30,train
154167,2021-12-31,train
154167,2022-01-31,train
154167,2022-02-28,train
154167,2022-03-31,train
154167,2022-04-30,train
154167,2022-05-31,train
154167,2022-06-30,train
154167,2022-07-31,train
154167,2022-08-31,train
154167,2022-09-30,train
154167,2022-10-31,train
154167,2022-11-30,train
154167,2022-12-31,train
154167,2023-01-31,train
154167,2023-02-28,train
154167,2023-03-31,train
154167,2023-04-30,train
154167,2023-05-31,train
154167,2023-06-30,train
154167,2023-07-31,train
154167,2023-08-31,train
154167,2023-09-30,train
154167,2023-10-31,train
154167,2023-11-30,train
154167,2023-12-31,train
154167,2024-01-31,train
154167,2024-02-29,train
154167,2024-03-31,train
154167,2024-04-30,train
154167,2024-05-31,train
154167,2024-06-30,train
154167,2024-07-31,train
154167,2024-08-31,train
154169,2021-07-31,train
154169,2021-08-31,train
154169,2021-09-30,train
154169,2021-10-31,train
154169,2021-11-30,train
154169,2021-12-31,train
154169,2022-01-31,train
154169,2022-02-28,train
154169,2022-03-31,train
154169,2022-04-30,train
154169,2022-05-31,train
154169,2022-06-30,train
154169,2022-07-31,train
154169,2022-08-31,train
154169,2022-09-30,train
154169,2022-10-31,train
154169,2022-11-30,train
154169,2022-12-31,train
154169,2023-01-31,train
154169,2023-02-28,train
154169,2023-03-31,train
154169,2023-04-30,train
154169,2023-05-31,train
154169,2023-06-30,train
154169,2023-07-31,train
154169,2023-08-31,train
154169,2023-09-30,train
154169,2023-10-31,train
154169,2023-11-30,train
154169,2023-12-31,train
154169,2024-01-31,train
154169,2024-02-29,train
154169,2024-03-31,train
154169,2024-04-30,train
154169,2024-05-31,train
154169,2024-06-30,train
154169,2024-07-31,train
154169,2024-08-31,train
154530,2021-07-31,train
154530,2021-08-31,train
154530,2021-09-30,train
154530,2021-10-31,train
154530,2021-11-30,train
154530,2021-12-31,train
154530,2022-01-31,train
154530,2022-02-28,train
154530,2022-03-31,train
154530,2022-04-30,train
154530,2022-05-31,train
154530,2022-06-30,train
154530,2022-07-31,train
154530,2022-08-31,train
154530,2022-09-30,train
154530,2022-10-31,train
154530,2022-11-30,train
154530,2022-12-31,train
154530,2023-01-31,train
154530,2023-02-28,train
154530,2023-03-31,train
154530,2023-04-30,train
154530,2023-05-31,train
154530,2023-06-30,train
154530,2023-07-31,train
154530,2023-08-31,train
154530,2023-09-30,train
154530,2023-10-31,train
154530,2023-11-30,train
154530,2023-12-31,train
154530,2024-01-31,train
154530,2024-02-29,train
154530,2024-03-31,train
154530,2024-04-30,train
154530,2024-05-31,train
154530,2024-06-30,train
154530,2024-07-31,train
154530,2024-08-31,train
154531,2021-07-31,train
154531,2021-08-31,train
154531,2021-09-30,train
154531,2021-10-31,train
154531,2021-11-30,train
154531,2021-12-31,train
154531,2022-01-31,train
154531,2022-02-28,train
154531,2022-03-31,train
154531,2022-04-30,train
154531,2022-05-31,train
154531,2022-06-30,train
154531,2022-07-31,train
154531,2022-08-31,train
154531,2022-09-30,train
154531,2022-10-31,train
154531,2022-11-30,train
154531,2022-12-31,train
154531,2023-01-31,train
154531,2023-02-28,train
154531,2023-03-31,train
154531,2023-04-30,train
154531,2023-05-31,train
154531,2023-06-30,train
154531,2023-07-31,train
154531,2023-08-31,train
154531,2023-09-30,train
154531,2023-10-31,train
154531,2023-11-30,train
154531,2023-12-31,train
154531,2024-01-31,train
154531,2024-02-29,train
154531,2024-03-31,train
154531,2024-04-30,train
154531,2024-05-31,train
154531,2024-06-30,train
154531,2024-07-31,train
154531,2024-08-31,train
154728,2021-07-31,train
154728,2021-08-31,train
154728,2021-09-30,train
154728,2021-10-31,train
154728,2021-11-30,train
154728,2021-12-31,train
154728,2022-01-31,train
154728,2022-02-28,train
154728,2022-03-31,train
154728,2022-04-30,train
154728,2022-05-31,train
154728,2022-06-30,train
154728,2022-07-31,train
154728,2022-08-31,train
154728,2022-09-30,train
154728,2022-10-31,train
154728,2022-11-30,train
154728,2022-12-31,train
154728,2023-01-31,train
154728,2023-02-28,train
154728,2023-03-31,train
154728,2023-04-30,train
154728,2023-05-31,train
154728,2023-06-30,train
154728,2023-07-31,train
154728,2023-08-31,train
154728,2023-09-30,train
154728,2023-10-31,train
154728,2023-11-30,train
154728,2023-12-31,train
154728,2024-01-31,train
154728,2024-02-29,train
154728,2024-03-31,train
154728,2024-04-30,train
154728,2024-05-31,train
154728,2024-06-30,train
154728,2024-07-31,train
154728,2024-08-31,train
154729,2021-07-31,train
154729,2021-08-31,train
154729,2021-09-30,train
154729,2021-10-31,train
154729,2021-11-30,train
154729,2021-12-31,train
154729,2022-01-31,train
154729,2022-02-28,train
154729,2022-03-31,train
154729,2022-04-30,train
154729,2022-05-31,train
154729,2022-06-30,train
154729,2022-07-31,train
154729,2022-08-31,train
154729,2022-09-30,train
154729,2022-10-31,train
154729,2022-11-30,train
154729,2022-12-31,train
154729,2023-01-31,train
154729,2023-02-28,train
154729,2023-03-31,train
154729,2023-04-30,train
154729,2023-05-31,train
154729,2023-06-30,train
154729,2023-07-31,train
154729,2023-08-31,train
154729,2023-09-30,train
154729,2023-10-31,train
154729,2023-11-30,train
154729,2023-12-31,train
154729,2024-01-31,train
154729,2024-02-29,train
154729,2024-03-31,train
154729,2024-04-30,train
154729,2024-05-31,train
154729,2024-06-30,train
154729,2024-07-31,train
154729,2024-08-31,train
154888,2021-07-31,train
154888,2021-08-31,train
154888,2021-09-30,train
154888,2021-10-31,train
154888,2021-11-30,train
154888,2021-12-31,train
154888,2022-01-31,train
154888,2022-02-28,train
154888,2022-03-31,train
154888,2022-04-30,train
154888,2022-05-31,train
154888,2022-06-30,train
154888,2022-07-31,train
154888,2022-08-31,train
154888,2022-09-30,train
154888,2022-10-31,train
154888,2022-11-30,train
154888,2022-12-31,train
154888,2023-01-31,train
154888,2023-02-28,train
154888,2023-03-31,train
154888,2023-04-30,train
154888,2023-05-31,train
154888,2023-06-30,train
154888,2023-07-31,train
154888,2023-08-31,train
154888,2023-09-30,train
154888,2023-10-31,train
154888,2023-11-30,train
154888,2023-12-31,train
154888,2024-01-31,train
154888,2024-02-29,train
154888,2024-03-31,train
154888,2024-04-30,train
154888,2024-05-31,train
154888,2024-06-30,train
154888,2024-07-31,train
154888,2024-08-31,train
154889,2021-07-31,train
154889,2021-08-31,train
154889,2021-09-30,train
154889,2021-10-31,train
154889,2021-11-30,train
154889,2021-12-31,train
154889,2022-01-31,train
154889,2022-02-28,train
154889,2022-03-31,train
154889,2022-04-30,train
154889,2022-05-31,train
154889,2022-06-30,train
154889,2022-07-31,train
154889,2022-08-31,train
154889,2022-09-30,train
154889,2022-10-31,train
154889,2022-11-30,train
154889,2022-12-31,train
154889,2023-01-31,train
154889,2023-02-28,train
154889,2023-03-31,train
154889,2023-04-30,train
154889,2023-05-31,train
154889,2023-06-30,train
154889,2023-07-31,train
154889,2023-08-31,train
154889,2023-09-30,train
154889,2023-10-31,train
154889,2023-11-30,train
154889,2023-12-31,train
154889,2024-01-31,train
154889,2024-02-29,train
154889,2024-03-31,train
154889,2024-04-30,train
154889,2024-05-31,train
154889,2024-06-30,train
154889,2024-07-31,train
154889,2024-08-31,train
154890,2021-07-31,train
154890,2021-08-31,train
154890,2021-09-30,train
154890,2021-10-31,train
154890,2021-11-30,train
154890,2021-12-31,train
154890,2022-01-31,train
154890,2022-02-28,train
154890,2022-03-31,train
154890,2022-04-30,train
154890,2022-05-31,train
154890,2022-06-30,train
154890,2022-07-31,train
154890,2022-08-31,train
154890,2022-09-30,train
154890,2022-10-31,train
154890,2022-11-30,train
154890,2022-12-31,train
154890,2023-01-31,train
154890,2023-02-28,train
154890,2023-03-31,train
154890,2023-04-30,train
154890,2023-05-31,train
154890,2023-06-30,train
154890,2023-07-31,train
154890,2023-08-31,train
154890,2023-09-30,train
154890,2023-10-31,train
154890,2023-11-30,train
154890,2023-12-31,train
154890,2024-01-31,train
154890,2024-02-29,train
154890,2024-03-31,train
154890,2024-04-30,train
154890,2024-05-31,train
154890,2024-06-30,train
154890,2024-07-31,train
154890,2024-08-31,train
155005,2021-07-31,train
155005,2021-08-31,train
155005,2021-09-30,train
155005,2021-10-31,train
155005,2021-11-30,train
155005,2021-12-31,train
155005,2022-01-31,train
155005,2022-02-28,train
155005,2022-03-31,train
155005,2022-04-30,train
155005,2022-05-31,train
155005,2022-06-30,train
155005,2022-07-31,train
155005,2022-08-31,train
155005,2022-09-30,train
155005,2022-10-31,train
155005,2022-11-30,train
155005,2022-12-31,train
155005,2023-01-31,train
155005,2023-02-28,train
155005,2023-03-31,train
155005,2023-04-30,train
155005,2023-05-31,train
155005,2023-06-30,train
155005,2023-07-31,train
155005,2023-08-31,train
155005,2023-09-30,train
155005,2023-10-31,train
155005,2023-11-30,train
155005,2023-12-31,train
155005,2024-01-31,train
155005,2024-02-29,train
155005,2024-03-31,train
155005,2024-04-30,train
155005,2024-05-31,train
155005,2024-06-30,train
155005,2024-07-31,train
155005,2024-08-31,train
155006,2021-07-31,train
155006,2021-08-31,train
155006,2021-09-30,train
155006,2021-10-31,train
155006,2021-11-30,train
155006,2021-12-31,train
155006,2022-01-31,train
155006,2022-02-28,train
155006,2022-03-31,train
155006,2022-04-30,train
155006,2022-05-31,train
155006,2022-06-30,train
155006,2022-07-31,train
155006,2022-08-31,train
155006,2022-09-30,train
155006,2022-10-31,train
155006,2022-11-30,train
155006,2022-12-31,train
155006,2023-01-31,train
155006,2023-02-28,train
155006,2023-03-31,train
155006,2023-04-30,train
155006,2023-05-31,train
155006,2023-06-30,train
155006,2023-07-31,train
155006,2023-08-31,train
155006,2023-09-30,train
155006,2023-10-31,train
155006,2023-11-30,train
155006,2023-12-31,train
155006,2024-01-31,train
155006,2024-02-29,train
155006,2024-03-31,train
155006,2024-04-30,train
155006,2024-05-31,train
155006,2024-06-30,train
155006,2024-07-31,train
155006,2024-08-31,train
155009,2021-07-31,train
155009,2021-08-31,train
155009,2021-09-30,train
155009,2021-10-31,train
155009,2021-11-30,train
155009,2021-12-31,train
155009,2022-01-31,train
155009,2022-02-28,train
155009,2022-03-31,train
155009,2022-04-30,train
155009,2022-05-31,train
155009,2022-06-30,train
155009,2022-07-31,train
155009,2022-08-31,train
155009,2022-09-30,train
155009,2022-10-31,train
155009,2022-11-30,train
155009,2022-12-31,train
155009,2023-01-31,train
155009,2023-02-28,train
155009,2023-03-31,train
155009,2023-04-30,train
155009,2023-05-31,train
155009,2023-06-30,train
155009,2023-07-31,train
155009,2023-08-31,train
155009,2023-09-30,train
155009,2023-10-31,train
155009,2023-11-30,train
155009,2023-12-31,train
155009,2024-01-31,train
155009,2024-02-29,train
155009,2024-03-31,train
155009,2024-04-30,train
155009,2024-05-31,train
155009,2024-06-30,train
155009,2024-07-31,train
155009,2024-08-31,train
155188,2021-07-31,train
155188,2021-08-31,train
155188,2021-09-30,train
155188,2021-10-31,train
155188,2021-11-30,train
155188,2021-12-31,train
155188,2022-01-31,train
155188,2022-02-28,train
155188,2022-03-31,train
155188,2022-04-30,train
155188,2022-05-31,train
155188,2022-06-30,train
155188,2022-07-31,train
155188,2022-08-31,train
155188,2022-09-30,train
155188,2022-10-31,train
155188,2022-11-30,train
155188,2022-12-31,train
155188,2023-01-31,train
155188,2023-02-28,train
155188,2023-03-31,train
155188,2023-04-30,train
155188,2023-05-31,train
155188,2023-06-30,train
155188,2023-07-31,train
155188,2023-08-31,train
155188,2023-09-30,train
155188,2023-10-31,train
155188,2023-11-30,train
155188,2023-12-31,train
155188,2024-01-31,train
155188,2024-02-29,train
155188,2024-03-31,train
155188,2024-04-30,train
155188,2024-05-31,train
155188,2024-06-30,train
155188,2024-07-31,train
155188,2024-08-31,train
155189,2021-07-31,train
155189,2021-08-31,train
155189,2021-09-30,train
155189,2021-10-31,train
155189,2021-11-30,train
155189,2021-12-31,train
155189,2022-01-31,train
155189,2022-02-28,train
155189,2022-03-31,train
155189,2022-04-30,train
155189,2022-05-31,train
155189,2022-06-30,train
155189,2022-07-31,train
155189,2022-08-31,train
155189,2022-09-30,train
155189,2022-10-31,train
155189,2022-11-30,train
155189,2022-12-31,train
155189,2023-01-31,train
155189,2023-02-28,train
155189,2023-03-31,train
155189,2023-04-30,train
155189,2023-05-31,train
155189,2023-06-30,train
155189,2023-07-31,train
155189,2023-08-31,train
155189,2023-09-30,train
155189,2023-10-31,train
155189,2023-11-30,train
155189,2023-12-31,train
155189,2024-01-31,train
155189,2024-02-29,train
155189,2024-03-31,train
155189,2024-04-30,train
155189,2024-05-31,train
155189,2024-06-30,train
155189,2024-07-31,train
155189,2024-08-31,train
155190,2021-07-31,train
155190,2021-08-31,train
155190,2021-09-30,train
155190,2021-10-31,train
155190,2021-11-30,train
155190,2021-12-31,train
155190,2022-01-31,train
155190,2022-02-28,train
155190,2022-03-31,train
155190,2022-04-30,train
155190,2022-05-31,train
155190,2022-06-30,train
155190,2022-07-31,train
155190,2022-08-31,train
155190,2022-09-30,train
155190,2022-10-31,train
155190,2022-11-30,train
155190,2022-12-31,train
155190,2023-01-31,train
155190,2023-02-28,train
155190,2023-03-31,train
155190,2023-04-30,train
155190,2023-05-31,train
155190,2023-06-30,train
155190,2023-07-31,train
155190,2023-08-31,train
155190,2023-09-30,train
155190,2023-10-31,train
155190,2023-11-30,train
155190,2023-12-31,train
155190,2024-01-31,train
155190,2024-02-29,train
155190,2024-03-31,train
155190,2024-04-30,train
155190,2024-05-31,train
155190,2024-06-30,train
155190,2024-07-31,train
155190,2024-08-31,train
155194,2021-07-31,train
155194,2021-08-31,train
155194,2021-09-30,train
155194,2021-10-31,train
155194,2021-11-30,train
155194,2021-12-31,train
155194,2022-01-31,train
155194,2022-02-28,train
155194,2022-03-31,train
155194,2022-04-30,train
155194,2022-05-31,train
155194,2022-06-30,train
155194,2022-07-31,train
155194,2022-08-31,train
155194,2022-09-30,train
155194,2022-10-31,train
155194,2022-11-30,train
155194,2022-12-31,train
155194,2023-01-31,train
155194,2023-02-28,train
155194,2023-03-31,train
155194,2023-04-30,train
155194,2023-05-31,train
155194,2023-06-30,train
155194,2023-07-31,train
155194,2023-08-31,train
155194,2023-09-30,train
155194,2023-10-31,train
155194,2023-11-30,train
155194,2023-12-31,train
155194,2024-01-31,train
155194,2024-02-29,train
155194,2024-03-31,train
155194,2024-04-30,train
155194,2024-05-31,train
155194,2024-06-30,train
155194,2024-07-31,train
155194,2024-08-31,train
155195,2021-07-31,train
155195,2021-08-31,train
155195,2021-09-30,train
155195,2021-10-31,train
155195,2021-11-30,train
155195,2021-12-31,train
155195,2022-01-31,train
155195,2022-02-28,train
155195,2022-03-31,train
155195,2022-04-30,train
155195,2022-05-31,train
155195,2022-06-30,train
155195,2022-07-31,train
155195,2022-08-31,train
155195,2022-09-30,train
155195,2022-10-31,train
155195,2022-11-30,train
155195,2022-12-31,train
155195,2023-01-31,train
155195,2023-02-28,train
155195,2023-03-31,train
155195,2023-04-30,train
155195,2023-05-31,train
155195,2023-06-30,train
155195,2023-07-31,train
155195,2023-08-31,train
155195,2023-09-30,train
155195,2023-10-31,train
155195,2023-11-30,train
155195,2023-12-31,train
155195,2024-01-31,train
155195,2024-02-29,train
155195,2024-03-31,train
155196,2021-07-31,train
155196,2021-08-31,train
155196,2021-09-30,train
155196,2021-10-31,train
155196,2021-11-30,train
155196,2021-12-31,train
155196,2022-01-31,train
155196,2022-02-28,train
155196,2022-03-31,train
155196,2022-04-30,train
155196,2022-05-31,train
155196,2022-06-30,train
155196,2022-07-31,train
155196,2022-08-31,train
155196,2022-09-30,train
155196,2022-10-31,train
155196,2022-11-30,train
155196,2022-12-31,train
155196,2023-01-31,train
155196,2023-02-28,train
155196,2023-03-31,train
155196,2023-04-30,train
155196,2023-05-31,train
155196,2023-06-30,train
155196,2023-07-31,train
155196,2023-08-31,train
155196,2023-09-30,train
155196,2023-10-31,train
155196,2023-11-30,train
155196,2023-12-31,train
155196,2024-01-31,train
155196,2024-02-29,train
155196,2024-03-31,train
155375,2021-07-31,train
155375,2021-08-31,train
155375,2021-09-30,train
155375,2021-10-31,train
155375,2021-11-30,train
155375,2021-12-31,train
155375,2022-01-31,train
155375,2022-02-28,train
155375,2022-03-31,train
155375,2022-04-30,train
155375,2022-05-31,train
155375,2022-06-30,train
155375,2022-07-31,train
155375,2022-08-31,train
155375,2022-09-30,train
155375,2022-10-31,train
155375,2022-11-30,train
155375,2022-12-31,train
155375,2023-01-31,train
155375,2023-02-28,train
155376,2021-07-31,train
155376,2021-08-31,train
155376,2021-09-30,train
155376,2021-10-31,train
155376,2021-11-30,train
155376,2021-12-31,train
155376,2022-01-31,train
155376,2022-02-28,train
155376,2022-03-31,train
155376,2022-04-30,train
155376,2022-05-31,train
155376,2022-06-30,train
155376,2022-07-31,train
155376,2022-08-31,train
155376,2022-09-30,train
155376,2022-10-31,train
155376,2022-11-30,train
155376,2022-12-31,train
155376,2023-01-31,train
155376,2023-02-28,train
155504,2023-07-31,train
155504,2023-08-31,train
155504,2023-09-30,train
155504,2023-10-31,train
155504,2023-11-30,train
155504,2023-12-31,train
155504,2024-01-31,train
155504,2024-02-29,train
155504,2024-03-31,train
155504,2024-04-30,train
155504,2024-05-31,train
155504,2024-06-30,train
155504,2024-07-31,train
155504,2024-08-31,train
155505,2023-07-31,train
155505,2023-08-31,train
155505,2023-09-30,train
155505,2023-10-31,train
155505,2023-11-30,train
155505,2023-12-31,train
155505,2024-01-31,train
155505,2024-02-29,train
155505,2024-03-31,train
155505,2024-04-30,train
155505,2024-05-31,train
155505,2024-06-30,train
155505,2024-07-31,train
155505,2024-08-31,train
155604,2021-07-31,train
155604,2021-08-31,train
155604,2021-09-30,train
155604,2021-10-31,train
155604,2021-11-30,train
155604,2021-12-31,train
155604,2022-01-31,train
155604,2022-02-28,train
155604,2022-03-31,train
155604,2022-04-30,train
155604,2022-05-31,train
155604,2022-06-30,train
155604,2022-07-31,train
155604,2022-08-31,train
155604,2022-09-30,train
155604,2022-10-31,train
155604,2022-11-30,train
155604,2022-12-31,train
155604,2023-01-31,train
155604,2023-02-28,train
155604,2023-03-31,train
155604,2023-04-30,train
155604,2023-05-31,train
155604,2023-06-30,train
155604,2023-07-31,train
155604,2023-08-31,train
155604,2023-09-30,train
155604,2023-10-31,train
155604,2023-11-30,train
155604,2023-12-31,train
155604,2024-01-31,train
155604,2024-02-29,train
155604,2024-03-31,train
155604,2024-04-30,train
155604,2024-05-31,train
155604,2024-06-30,train
155604,2024-07-31,train
155604,2024-08-31,train
155605,2021-07-31,train
155605,2021-08-31,train
155605,2021-09-30,train
155605,2021-10-31,train
155605,2021-11-30,train
155605,2021-12-31,train
155605,2022-01-31,train
155605,2022-02-28,train
155605,2022-03-31,train
155605,2022-04-30,train
155605,2022-05-31,train
155605,2022-06-30,train
155605,2022-07-31,train
155605,2022-08-31,train
155605,2022-09-30,train
155605,2022-10-31,train
155605,2022-11-30,train
155605,2022-12-31,train
155605,2023-01-31,train
155605,2023-02-28,train
155605,2023-03-31,train
155605,2023-04-30,train
155605,2023-05-31,train
155605,2023-06-30,train
155605,2023-07-31,train
155605,2023-08-31,train
155605,2023-09-30,train
155605,2023-10-31,train
155605,2023-11-30,train
155605,2023-12-31,train
155605,2024-01-31,train
155605,2024-02-29,train
155605,2024-03-31,train
155605,2024-04-30,train
155605,2024-05-31,train
155605,2024-06-30,train
155605,2024-07-31,train
155605,2024-08-31,train
155606,2021-07-31,train
155606,2021-08-31,train
155606,2021-09-30,train
155606,2021-10-31,train
155606,2021-11-30,train
155606,2021-12-31,train
155606,2022-01-31,train
155606,2022-02-28,train
155606,2022-03-31,train
155606,2022-04-30,train
155606,2022-05-31,train
155606,2022-06-30,train
155606,2022-07-31,train
155606,2022-08-31,train
155606,2022-09-30,train
155606,2022-10-31,train
155606,2022-11-30,train
155606,2022-12-31,train
155606,2023-01-31,train
155606,2023-02-28,train
155606,2023-03-31,train
155606,2023-04-30,train
155606,2023-05-31,train
155606,2023-06-30,train
155606,2023-07-31,train
155606,2023-08-31,train
155606,2023-09-30,train
155606,2023-10-31,train
155606,2023-11-30,train
155606,2023-12-31,train
155606,2024-01-31,train
155606,2024-02-29,train
155606,2024-03-31,train
155606,2024-04-30,train
155606,2024-05-31,train
155606,2024-06-30,train
155606,2024-07-31,train
155606,2024-08-31,train
155607,2021-07-31,train
155607,2021-08-31,train
155607,2021-09-30,train
155607,2021-10-31,train
155607,2021-11-30,train
155607,2021-12-31,train
155607,2022-01-31,train
155607,2022-02-28,train
155607,2022-03-31,train
155607,2022-04-30,train
155607,2022-05-31,train
155607,2022-06-30,train
155607,2022-07-31,train
155607,2022-08-31,train
155607,2022-09-30,train
155607,2022-10-31,train
155607,2022-11-30,train
155607,2022-12-31,train
155607,2023-01-31,train
155607,2023-02-28,train
155607,2023-03-31,train
155607,2023-04-30,train
155607,2023-05-31,train
155607,2023-06-30,train
155607,2023-07-31,train
155607,2023-08-31,train
155607,2023-09-30,train
155607,2023-10-31,train
155607,2023-11-30,train
155607,2023-12-31,train
155607,2024-01-31,train
155607,2024-02-29,train
155607,2024-03-31,train
155607,2024-04-30,train
155607,2024-05-31,train
155607,2024-06-30,train
155607,2024-07-31,train
155607,2024-08-31,train
155790,2021-07-31,train
155790,2021-08-31,train
155790,2021-09-30,train
155790,2021-10-31,train
155790,2021-11-30,train
155790,2021-12-31,train
155790,2022-01-31,train
155790,2022-02-28,train
155790,2022-03-31,train
155790,2022-04-30,train
155790,2022-05-31,train
155790,2022-06-30,train
155790,2022-07-31,train
155790,2022-08-31,train
155790,2022-09-30,train
155790,2022-10-31,train
155790,2022-11-30,train
155790,2022-12-31,train
155790,2023-01-31,train
155790,2023-02-28,train
155790,2023-03-31,train
155790,2023-04-30,train
155790,2023-05-31,train
155790,2023-06-30,train
155790,2023-07-31,train
155790,2023-08-31,train
155790,2023-09-30,train
155790,2023-10-31,train
155790,2023-11-30,train
155790,2023-12-31,train
155790,2024-01-31,train
155790,2024-02-29,train
155790,2024-03-31,train
155790,2024-04-30,train
155790,2024-05-31,train
155790,2024-06-30,train
155790,2024-07-31,train
155790,2024-08-31,train
156456,2021-07-31,train
156456,2021-08-31,train
156456,2021-09-30,train
156456,2021-10-31,train
156456,2021-11-30,train
156456,2021-12-31,train
156456,2022-01-31,train
156456,2022-02-28,train
156456,2022-03-31,train
156456,2022-04-30,train
156456,2022-05-31,train
156456,2022-06-30,train
156456,2022-07-31,train
156456,2022-08-31,train
156456,2022-09-30,train
156456,2022-10-31,train
156456,2022-11-30,train
156456,2022-12-31,train
156456,2023-01-31,train
156456,2023-02-28,train
156456,2023-03-31,train
156456,2023-04-30,train
156456,2023-05-31,train
156456,2023-06-30,train
156456,2023-07-31,train
156456,2023-08-31,train
156456,2023-09-30,train
156456,2023-10-31,train
156456,2023-11-30,train
156456,2023-12-31,train
156456,2024-01-31,train
156456,2024-02-29,train
156456,2024-03-31,train
156456,2024-04-30,train
156456,2024-05-31,train
156456,2024-06-30,train
156456,2024-07-31,train
156456,2024-08-31,train
156526,2021-07-31,train
156526,2021-08-31,train
156526,2021-09-30,train
156526,2021-10-31,train
156526,2021-11-30,train
156526,2021-12-31,train
156526,2022-01-31,train
156526,2022-02-28,train
156526,2022-03-31,train
156526,2022-04-30,train
156526,2022-05-31,train
156526,2022-06-30,train
156526,2022-07-31,train
156526,2022-08-31,train
156526,2022-09-30,train
156526,2022-10-31,train
156526,2022-11-30,train
156526,2022-12-31,train
156526,2023-01-31,train
156526,2023-02-28,train
156526,2023-03-31,train
156526,2023-04-30,train
156526,2023-05-31,train
156526,2023-06-30,train
156526,2023-07-31,train
156526,2023-08-31,train
156526,2023-09-30,train
156526,2023-10-31,train
156526,2023-11-30,train
156526,2023-12-31,train
156526,2024-01-31,train
156526,2024-02-29,train
156526,2024-03-31,train
156526,2024-04-30,train
156526,2024-05-31,train
156526,2024-06-30,train
156526,2024-07-31,train
156526,2024-08-31,train
156527,2021-07-31,train
156527,2021-08-31,train
156527,2021-09-30,train
156527,2021-10-31,train
156527,2021-11-30,train
156527,2021-12-31,train
156527,2022-01-31,train
156527,2022-02-28,train
156527,2022-03-31,train
156527,2022-04-30,train
156527,2022-05-31,train
156527,2022-06-30,train
156527,2022-07-31,train
156527,2022-08-31,train
156527,2022-09-30,train
156527,2022-10-31,train
156527,2022-11-30,train
156527,2022-12-31,train
156527,2023-01-31,train
156527,2023-02-28,train
156527,2023-03-31,train
156527,2023-04-30,train
156527,2023-05-31,train
156527,2023-06-30,train
156527,2023-07-31,train
156527,2023-08-31,train
156527,2023-09-30,train
156527,2023-10-31,train
156527,2023-11-30,train
156527,2023-12-31,train
156527,2024-01-31,train
156527,2024-02-29,train
156527,2024-03-31,train
156527,2024-04-30,train
156527,2024-05-31,train
156527,2024-06-30,train
156527,2024-07-31,train
156527,2024-08-31,train
156677,2021-07-31,train
156677,2021-08-31,train
156677,2021-09-30,train
156677,2021-10-31,train
156677,2021-11-30,train
156677,2021-12-31,train
156677,2022-01-31,train
156677,2022-02-28,train
156677,2022-03-31,train
156677,2022-04-30,train
156677,2022-05-31,train
156677,2022-06-30,train
156677,2022-07-31,train
156677,2022-08-31,train
156677,2022-09-30,train
156677,2022-10-31,train
156677,2022-11-30,train
156677,2022-12-31,train
156677,2023-01-31,train
156677,2023-02-28,train
156680,2021-07-31,train
156680,2021-08-31,train
156680,2021-09-30,train
156680,2021-10-31,train
156680,2021-11-30,train
156680,2021-12-31,train
156680,2022-01-31,train
156680,2022-02-28,train
156680,2022-03-31,train
156680,2022-04-30,train
156680,2022-05-31,train
156680,2022-06-30,train
156680,2022-07-31,train
156680,2022-08-31,train
156680,2022-09-30,train
156680,2022-10-31,train
156680,2022-11-30,train
156680,2022-12-31,train
156680,2023-01-31,train
156680,2023-02-28,train
156680,2023-03-31,train
156680,2023-04-30,train
156680,2023-05-31,train
156680,2023-06-30,train
156680,2023-07-31,train
156680,2023-08-31,train
156680,2023-09-30,train
156680,2023-10-31,train
156680,2023-11-30,train
156680,2023-12-31,train
156680,2024-01-31,train
156680,2024-02-29,train
156680,2024-03-31,train
156680,2024-04-30,train
156680,2024-05-31,train
156680,2024-06-30,train
156680,2024-07-31,train
156680,2024-08-31,train
156681,2021-07-31,train
156681,2021-08-31,train
156681,2021-09-30,train
156681,2021-10-31,train
156681,2021-11-30,train
156681,2021-12-31,train
156681,2022-01-31,train
156681,2022-02-28,train
156681,2022-03-31,train
156681,2022-04-30,train
156681,2022-05-31,train
156681,2022-06-30,train
156681,2022-07-31,train
156681,2022-08-31,train
156681,2022-09-30,train
156681,2022-10-31,train
156681,2022-11-30,train
156681,2022-12-31,train
156681,2023-01-31,train
156681,2023-02-28,train
156681,2023-03-31,train
156681,2023-04-30,train
156681,2023-05-31,train
156681,2023-06-30,train
156681,2023-07-31,train
156681,2023-08-31,train
156681,2023-09-30,train
156681,2023-10-31,train
156681,2023-11-30,train
156681,2023-12-31,train
156681,2024-01-31,train
156681,2024-02-29,train
156681,2024-03-31,train
156681,2024-04-30,train
156681,2024-05-31,train
156681,2024-06-30,train
156681,2024-07-31,train
156681,2024-08-31,train
156724,2021-07-31,train
156724,2021-08-31,train
156724,2021-09-30,train
156724,2021-10-31,train
156724,2021-11-30,train
156724,2021-12-31,train
156724,2022-01-31,train
156724,2022-02-28,train
156724,2022-03-31,train
156724,2022-04-30,train
156724,2022-05-31,train
156724,2022-06-30,train
156724,2022-07-31,train
156724,2022-08-31,train
156725,2021-07-31,train
156725,2021-08-31,train
156725,2021-09-30,train
156725,2021-10-31,train
156725,2021-11-30,train
156725,2021-12-31,train
156725,2022-01-31,train
156725,2022-02-28,train
156725,2022-03-31,train
156725,2022-04-30,train
156725,2022-05-31,train
156725,2022-06-30,train
156725,2022-07-31,train
156725,2022-08-31,train
156847,2021-07-31,train
156847,2021-08-31,train
156847,2021-09-30,train
156847,2021-10-31,train
156847,2021-11-30,train
156847,2021-12-31,train
156847,2022-01-31,train
156847,2022-02-28,train
156847,2022-03-31,train
156847,2022-04-30,train
156847,2022-05-31,train
156847,2022-06-30,train
156847,2022-07-31,train
156847,2022-08-31,train
156847,2022-09-30,train
156847,2022-10-31,train
156847,2022-11-30,train
156847,2022-12-31,train
156847,2023-01-31,train
156847,2023-02-28,train
156847,2023-03-31,train
156847,2023-04-30,train
156847,2023-05-31,train
156847,2023-06-30,train
156847,2023-07-31,train
156847,2023-08-31,train
156847,2023-09-30,train
156847,2023-10-31,train
156847,2023-11-30,train
156847,2023-12-31,train
156847,2024-01-31,train
156847,2024-02-29,train
156847,2024-03-31,train
156847,2024-04-30,train
156847,2024-05-31,train
156847,2024-06-30,train
156847,2024-07-31,train
156847,2024-08-31,train
156850,2021-07-31,train
156850,2021-08-31,train
156850,2021-09-30,train
156850,2021-10-31,train
156850,2021-11-30,train
156850,2021-12-31,train
156850,2022-01-31,train
156850,2022-02-28,train
156850,2022-03-31,train
156850,2022-04-30,train
156850,2022-05-31,train
156850,2022-06-30,train
156850,2022-07-31,train
156850,2022-08-31,train
156850,2022-09-30,train
156850,2022-10-31,train
156850,2022-11-30,train
156850,2022-12-31,train
156850,2023-01-31,train
156850,2023-02-28,train
156850,2023-03-31,train
156850,2023-04-30,train
156850,2023-05-31,train
156850,2023-06-30,train
156850,2023-07-31,train
156850,2023-08-31,train
156850,2023-09-30,train
156850,2023-10-31,train
156850,2023-11-30,train
156850,2023-12-31,train
156850,2024-01-31,train
156850,2024-02-29,train
156850,2024-03-31,train
156850,2024-04-30,train
156850,2024-05-31,train
156850,2024-06-30,train
156850,2024-07-31,train
156850,2024-08-31,train
156947,2023-01-31,train
156947,2023-02-28,train
156947,2023-03-31,train
156947,2023-04-30,train
156947,2023-05-31,train
156947,2023-06-30,train
156947,2023-07-31,train
156947,2023-08-31,train
156947,2023-09-30,train
156947,2023-10-31,train
156947,2023-11-30,train
156947,2023-12-31,train
156947,2024-01-31,train
156947,2024-02-29,train
156947,2024-03-31,train
156947,2024-04-30,train
156947,2024-05-31,train
156947,2024-06-30,train
156947,2024-07-31,train
156947,2024-08-31,train
156949,2021-07-31,train
156949,2021-08-31,train
156949,2021-09-30,train
156949,2021-10-31,train
156949,2021-11-30,train
156949,2021-12-31,train
156949,2022-01-31,train
156949,2022-02-28,train
156949,2022-03-31,train
156949,2022-04-30,train
156949,2022-05-31,train
156949,2022-06-30,train
156949,2022-07-31,train
156949,2022-08-31,train
156949,2022-09-30,train
156949,2022-10-31,train
156949,2022-11-30,train
156949,2022-12-31,train
156949,2023-01-31,train
156949,2023-02-28,train
156949,2023-03-31,train
156949,2023-04-30,train
156949,2023-05-31,train
156949,2023-06-30,train
156952,2021-07-31,train
156952,2021-08-31,train
156952,2021-09-30,train
156952,2021-10-31,train
156952,2021-11-30,train
156952,2021-12-31,train
156952,2022-01-31,train
156952,2022-02-28,train
156952,2022-03-31,train
156952,2022-04-30,train
156952,2022-05-31,train
156952,2022-06-30,train
156952,2022-07-31,train
156952,2022-08-31,train
156952,2022-09-30,train
156952,2022-10-31,train
156952,2022-11-30,train
156952,2022-12-31,train
156952,2023-01-31,train
156952,2023-02-28,train
156952,2023-03-31,train
156952,2023-04-30,train
156952,2023-05-31,train
156952,2023-06-30,train
156952,2023-07-31,train
156952,2023-08-31,train
156952,2023-09-30,train
156952,2023-10-31,train
156952,2023-11-30,train
156952,2023-12-31,train
156952,2024-01-31,train
156952,2024-02-29,train
156952,2024-03-31,train
156952,2024-04-30,train
156952,2024-05-31,train
156952,2024-06-30,train
156952,2024-07-31,train
156952,2024-08-31,train
156953,2021-07-31,train
156953,2021-08-31,train
156953,2021-09-30,train
156953,2021-10-31,train
156953,2021-11-30,train
156953,2021-12-31,train
156953,2022-01-31,train
156953,2022-02-28,train
156953,2022-03-31,train
156953,2022-04-30,train
156953,2022-05-31,train
156953,2022-06-30,train
156953,2022-07-31,train
156953,2022-08-31,train
156953,2022-09-30,train
156953,2022-10-31,train
156953,2022-11-30,train
156953,2022-12-31,train
156953,2023-01-31,train
156953,2023-02-28,train
156953,2023-03-31,train
156953,2023-04-30,train
156953,2023-05-31,train
156953,2023-06-30,train
157093,2022-04-30,train
157093,2022-05-31,train
157093,2022-06-30,train
157093,2022-07-31,train
157093,2022-08-31,train
157093,2022-09-30,train
157093,2022-10-31,train
157093,2022-11-30,train
157093,2022-12-31,train
157093,2023-01-31,train
157093,2023-02-28,train
157093,2023-03-31,train
157093,2023-04-30,train
157093,2023-05-31,train
157093,2023-06-30,train
157093,2023-07-31,train
157093,2023-08-31,train
157093,2023-09-30,train
157093,2023-10-31,train
157093,2023-11-30,train
157093,2023-12-31,train
157093,2024-01-31,train
157093,2024-02-29,train
157093,2024-03-31,train
157093,2024-04-30,train
157093,2024-05-31,train
157093,2024-06-30,train
157093,2024-07-31,train
157093,2024-08-31,train
157094,2021-07-31,train
157094,2021-08-31,train
157094,2021-09-30,train
157094,2021-10-31,train
157094,2021-11-30,train
157094,2021-12-31,train
157094,2022-01-31,train
157094,2022-02-28,train
157094,2022-03-31,train
157094,2022-04-30,train
157094,2022-05-31,train
157094,2022-06-30,train
157094,2022-07-31,train
157094,2022-08-31,train
157094,2022-09-30,train
157094,2022-10-31,train
157094,2022-11-30,train
157094,2022-12-31,train
157094,2023-01-31,train
157094,2023-02-28,train
157094,2023-03-31,train
157094,2023-04-30,train
157094,2023-05-31,train
157094,2023-06-30,train
157094,2023-07-31,train
157094,2023-08-31,train
157094,2023-09-30,train
157094,2023-10-31,train
157094,2023-11-30,train
157094,2023-12-31,train
157094,2024-01-31,train
157095,2021-07-31,train
157095,2021-08-31,train
157095,2021-09-30,train
157095,2021-10-31,train
157095,2021-11-30,train
157095,2021-12-31,train
157095,2022-01-31,train
157095,2022-02-28,train
157095,2022-03-31,train
157095,2022-04-30,train
157095,2022-05-31,train
157095,2022-06-30,train
157095,2022-07-31,train
157095,2022-08-31,train
157095,2022-09-30,train
157095,2022-10-31,train
157095,2022-11-30,train
157095,2022-12-31,train
157095,2023-01-31,train
157095,2023-02-28,train
157095,2023-03-31,train
157095,2023-04-30,train
157095,2023-05-31,train
157095,2023-06-30,train
157095,2023-07-31,train
157095,2023-08-31,train
157095,2023-09-30,train
157095,2023-10-31,train
157095,2023-11-30,train
157095,2023-12-31,train
157095,2024-01-31,train
157095,2024-02-29,train
157095,2024-03-31,train
157095,2024-04-30,train
157095,2024-05-31,train
157095,2024-06-30,train
157095,2024-07-31,train
157095,2024-08-31,train
157178,2021-07-31,train
157178,2021-08-31,train
157178,2021-09-30,train
157178,2021-10-31,train
157178,2021-11-30,train
157178,2021-12-31,train
157178,2022-01-31,train
157178,2022-02-28,train
157178,2022-03-31,train
157178,2022-04-30,train
157178,2022-05-31,train
157178,2022-06-30,train
157178,2022-07-31,train
157178,2022-08-31,train
157178,2022-09-30,train
157178,2022-10-31,train
157178,2022-11-30,train
157178,2022-12-31,train
157178,2023-01-31,train
157178,2023-02-28,train
157178,2023-03-31,train
157178,2023-04-30,train
157178,2023-05-31,train
157178,2023-06-30,train
157178,2023-07-31,train
157178,2023-08-31,train
157178,2023-09-30,train
157178,2023-10-31,train
157178,2023-11-30,train
157178,2023-12-31,train
157178,2024-01-31,train
157178,2024-02-29,train
157178,2024-03-31,train
157178,2024-04-30,train
157178,2024-05-31,train
157178,2024-06-30,train
157178,2024-07-31,train
157178,2024-08-31,train
157293,2021-07-31,train
157293,2021-08-31,train
157293,2021-09-30,train
157293,2021-10-31,train
157293,2021-11-30,train
157293,2021-12-31,train
157293,2022-01-31,train
157293,2022-02-28,train
157293,2022-03-31,train
157293,2022-04-30,train
157293,2022-05-31,train
157293,2022-06-30,train
157293,2022-07-31,train
157293,2022-08-31,train
157293,2022-09-30,train
157293,2022-10-31,train
157293,2022-11-30,train
157293,2022-12-31,train
157293,2023-01-31,train
157293,2023-02-28,train
157293,2023-03-31,train
157293,2023-04-30,train
157293,2023-05-31,train
157293,2023-06-30,train
157293,2023-07-31,train
157293,2023-08-31,train
157293,2023-09-30,train
157293,2023-10-31,train
157293,2023-11-30,train
157293,2023-12-31,train
157293,2024-01-31,train
157293,2024-02-29,train
157293,2024-03-31,train
157293,2024-04-30,train
157293,2024-05-31,train
157293,2024-06-30,train
157293,2024-07-31,train
157293,2024-08-31,train
157294,2021-07-31,train
157294,2021-08-31,train
157294,2021-09-30,train
157294,2021-10-31,train
157294,2021-11-30,train
157294,2021-12-31,train
157294,2022-01-31,train
157294,2022-02-28,train
157294,2022-03-31,train
157294,2022-04-30,train
157294,2022-05-31,train
157294,2022-06-30,train
157294,2022-07-31,train
157294,2022-08-31,train
157294,2022-09-30,train
157294,2022-10-31,train
157294,2022-11-30,train
157294,2022-12-31,train
157294,2023-01-31,train
157294,2023-02-28,train
157294,2023-03-31,train
157294,2023-04-30,train
157294,2023-05-31,train
157294,2023-06-30,train
157294,2023-07-31,train
157294,2023-08-31,train
157294,2023-09-30,train
157294,2023-10-31,train
157294,2023-11-30,train
157294,2023-12-31,train
157294,2024-01-31,train
157294,2024-02-29,train
157294,2024-03-31,train
157294,2024-04-30,train
157294,2024-05-31,train
157294,2024-06-30,train
157294,2024-07-31,train
157294,2024-08-31,train
157390,2021-07-31,train
157390,2021-08-31,train
157390,2021-09-30,train
157390,2021-10-31,train
157390,2021-11-30,train
157390,2021-12-31,train
157390,2022-01-31,train
157390,2022-02-28,train
157390,2022-03-31,train
157390,2022-04-30,train
157390,2022-05-31,train
157390,2022-06-30,train
157390,2022-07-31,train
157390,2022-08-31,train
157390,2022-09-30,train
157390,2022-10-31,train
157390,2022-11-30,train
157390,2022-12-31,train
157390,2023-01-31,train
157390,2023-02-28,train
157390,2023-03-31,train
157390,2023-04-30,train
157390,2023-05-31,train
157390,2023-06-30,train
157390,2023-07-31,train
157390,2023-08-31,train
157390,2023-09-30,train
157390,2023-10-31,train
157390,2023-11-30,train
157390,2023-12-31,train
157390,2024-01-31,train
157390,2024-02-29,train
157390,2024-03-31,train
157390,2024-04-30,train
157390,2024-05-31,train
157390,2024-06-30,train
157390,2024-07-31,train
157390,2024-08-31,train
157391,2021-07-31,train
157391,2021-08-31,train
157391,2021-09-30,train
157391,2021-10-31,train
157391,2021-11-30,train
157391,2021-12-31,train
157391,2022-01-31,train
157391,2022-02-28,train
157391,2022-03-31,train
157391,2022-04-30,train
157391,2022-05-31,train
157391,2022-06-30,train
157391,2022-07-31,train
157391,2022-08-31,train
157391,2022-09-30,train
157391,2022-10-31,train
157391,2022-11-30,train
157391,2022-12-31,train
157391,2023-01-31,train
157391,2023-02-28,train
157391,2023-03-31,train
157391,2023-04-30,train
157391,2023-05-31,train
157391,2023-06-30,train
157391,2023-07-31,train
157391,2023-08-31,train
157391,2023-09-30,train
157391,2023-10-31,train
157391,2023-11-30,train
157391,2023-12-31,train
157391,2024-01-31,train
157391,2024-02-29,train
157391,2024-03-31,train
157391,2024-04-30,train
157391,2024-05-31,train
157391,2024-06-30,train
157391,2024-07-31,train
157391,2024-08-31,train
157392,2021-07-31,train
157392,2021-08-31,train
157392,2021-09-30,train
157392,2021-10-31,train
157392,2021-11-30,train
157392,2021-12-31,train
157392,2022-01-31,train
157392,2022-02-28,train
157392,2022-03-31,train
157392,2022-04-30,train
157392,2022-05-31,train
157392,2022-06-30,train
157392,2022-07-31,train
157392,2022-08-31,train
157392,2022-09-30,train
157392,2022-10-31,train
157392,2022-11-30,train
157392,2022-12-31,train
157392,2023-01-31,train
157392,2023-02-28,train
157392,2023-03-31,train
157392,2023-04-30,train
157392,2023-05-31,train
157392,2023-06-30,train
157392,2023-07-31,train
157392,2023-08-31,train
157392,2023-09-30,train
157392,2023-10-31,train
157392,2023-11-30,train
157392,2023-12-31,train
157392,2024-01-31,train
157392,2024-02-29,train
157392,2024-03-31,train
157392,2024-04-30,train
157392,2024-05-31,train
157392,2024-06-30,train
157392,2024-07-31,train
157392,2024-08-31,train
157489,2021-07-31,train
157489,2021-08-31,train
157489,2021-09-30,train
157489,2021-10-31,train
157489,2021-11-30,train
157489,2021-12-31,train
157489,2022-01-31,train
157489,2022-02-28,train
157489,2022-03-31,train
157489,2022-04-30,train
157489,2022-05-31,train
157489,2022-06-30,train
157489,2022-07-31,train
157489,2022-08-31,train
157489,2022-09-30,train
157489,2022-10-31,train
157489,2022-11-30,train
157489,2022-12-31,train
157489,2023-01-31,train
157489,2023-02-28,train
157489,2023-03-31,train
157489,2023-04-30,train
157489,2023-05-31,train
157489,2023-06-30,train
157489,2023-07-31,train
157489,2023-08-31,train
157489,2023-09-30,train
157489,2023-10-31,train
157489,2023-11-30,train
157489,2023-12-31,train
157489,2024-01-31,train
157489,2024-02-29,train
157489,2024-03-31,train
157489,2024-04-30,train
157489,2024-05-31,train
157489,2024-06-30,train
157489,2024-07-31,train
157489,2024-08-31,train
157771,2021-07-31,train
157771,2021-08-31,train
157771,2021-09-30,train
157771,2021-10-31,train
157771,2021-11-30,train
157771,2021-12-31,train
157771,2022-01-31,train
157771,2022-02-28,train
157771,2022-03-31,train
157771,2022-04-30,train
157771,2022-05-31,train
157771,2022-06-30,train
157771,2022-07-31,train
157771,2022-08-31,train
157771,2022-09-30,train
157771,2022-10-31,train
157771,2022-11-30,train
157771,2022-12-31,train
157771,2023-01-31,train
157771,2023-02-28,train
157771,2023-03-31,train
157771,2023-04-30,train
157771,2023-05-31,train
157771,2023-06-30,train
157771,2023-07-31,train
157771,2023-08-31,train
157771,2023-09-30,train
157771,2023-10-31,train
157771,2023-11-30,train
157771,2023-12-31,train
157771,2024-01-31,train
157771,2024-02-29,train
157771,2024-03-31,train
157771,2024-04-30,train
157771,2024-05-31,train
157771,2024-06-30,train
157771,2024-07-31,train
157771,2024-08-31,train
157772,2021-07-31,train
157772,2021-08-31,train
157772,2021-09-30,train
157772,2021-10-31,train
157772,2021-11-30,train
157772,2021-12-31,train
157772,2022-01-31,train
157772,2022-02-28,train
157772,2022-03-31,train
157772,2022-04-30,train
157772,2022-05-31,train
157772,2022-06-30,train
157772,2022-07-31,train
157772,2022-08-31,train
157772,2022-09-30,train
157772,2022-10-31,train
157772,2022-11-30,train
157772,2022-12-31,train
157772,2023-01-31,train
157772,2023-02-28,train
157772,2023-03-31,train
157772,2023-04-30,train
157772,2023-05-31,train
157772,2023-06-30,train
157772,2023-07-31,train
157772,2023-08-31,train
157772,2023-09-30,train
157772,2023-10-31,train
157772,2023-11-30,train
157772,2023-12-31,train
157772,2024-01-31,train
157772,2024-02-29,train
157772,2024-03-31,train
157772,2024-04-30,train
157772,2024-05-31,train
157772,2024-06-30,train
157772,2024-07-31,train
157772,2024-08-31,train
157778,2021-07-31,train
157778,2021-08-31,train
157778,2021-09-30,train
157778,2021-10-31,train
157778,2021-11-30,train
157778,2021-12-31,train
157778,2022-01-31,train
157778,2022-02-28,train
157778,2022-03-31,train
157778,2022-04-30,train
157778,2022-05-31,train
157778,2022-06-30,train
157778,2022-07-31,train
157778,2022-08-31,train
157778,2022-09-30,train
157778,2022-10-31,train
157778,2022-11-30,train
157778,2022-12-31,train
157778,2023-01-31,train
157778,2023-02-28,train
157778,2023-03-31,train
157778,2023-04-30,train
157778,2023-05-31,train
157778,2023-06-30,train
157778,2023-07-31,train
157778,2023-08-31,train
157778,2023-09-30,train
157778,2023-10-31,train
157778,2023-11-30,train
157778,2023-12-31,train
157778,2024-01-31,train
157778,2024-02-29,train
157778,2024-03-31,train
157778,2024-04-30,train
157778,2024-05-31,train
157778,2024-06-30,train
157778,2024-07-31,train
157778,2024-08-31,train
157780,2021-07-31,train
157780,2021-08-31,train
157780,2021-09-30,train
157780,2021-10-31,train
157780,2021-11-30,train
157780,2021-12-31,train
157780,2022-01-31,train
157780,2022-02-28,train
157780,2022-03-31,train
157780,2022-04-30,train
157780,2022-05-31,train
157780,2022-06-30,train
157780,2022-07-31,train
157780,2022-08-31,train
157780,2022-09-30,train
157780,2022-10-31,train
157780,2022-11-30,train
157780,2022-12-31,train
157780,2023-01-31,train
157780,2023-02-28,train
157780,2023-03-31,train
157780,2023-04-30,train
157780,2023-05-31,train
157780,2023-06-30,train
157825,2023-04-30,train
157825,2023-05-31,train
157825,2023-06-30,train
157825,2023-07-31,train
157825,2023-08-31,train
157825,2023-09-30,train
157825,2023-10-31,train
157825,2023-11-30,train
157825,2023-12-31,train
157825,2024-01-31,train
157825,2024-02-29,train
157825,2024-03-31,train
157825,2024-04-30,train
157825,2024-05-31,train
157825,2024-06-30,train
157825,2024-07-31,train
157825,2024-08-31,train
157829,2021-07-31,train
157829,2021-08-31,train
157829,2021-09-30,train
157829,2021-10-31,train
157829,2021-11-30,train
157829,2021-12-31,train
157829,2022-01-31,train
157829,2022-02-28,train
157829,2022-03-31,train
157829,2022-04-30,train
157829,2022-05-31,train
157829,2022-06-30,train
157829,2022-07-31,train
157829,2022-08-31,train
157829,2022-09-30,train
157829,2022-10-31,train
157829,2022-11-30,train
157829,2022-12-31,train
157829,2023-01-31,train
157829,2023-02-28,train
157829,2023-03-31,train
157829,2023-04-30,train
157829,2023-05-31,train
157829,2023-06-30,train
157829,2023-07-31,train
157829,2023-08-31,train
157829,2023-09-30,train
157829,2023-10-31,train
157829,2023-11-30,train
157829,2023-12-31,train
157829,2024-01-31,train
157829,2024-02-29,train
157829,2024-03-31,train
157829,2024-04-30,train
157829,2024-05-31,train
157829,2024-06-30,train
157829,2024-07-31,train
157829,2024-08-31,train
157830,2021-07-31,train
157830,2021-08-31,train
157830,2021-09-30,train
157830,2021-10-31,train
157830,2021-11-30,train
157830,2021-12-31,train
157830,2022-01-31,train
157830,2022-02-28,train
157830,2022-03-31,train
157830,2022-04-30,train
157830,2022-05-31,train
157830,2022-06-30,train
157830,2022-07-31,train
157830,2022-08-31,train
157830,2022-09-30,train
157830,2022-10-31,train
157830,2022-11-30,train
157830,2022-12-31,train
157830,2023-01-31,train
157830,2023-02-28,train
157830,2023-03-31,train
157830,2023-04-30,train
157830,2023-05-31,train
157830,2023-06-30,train
157830,2023-07-31,train
157830,2023-08-31,train
157830,2023-09-30,train
157830,2023-10-31,train
157830,2023-11-30,train
157830,2023-12-31,train
157830,2024-01-31,train
157830,2024-02-29,train
157830,2024-03-31,train
157830,2024-04-30,train
157830,2024-05-31,train
157830,2024-06-30,train
157830,2024-07-31,train
157830,2024-08-31,train
157831,2021-07-31,train
157831,2021-08-31,train
157831,2021-09-30,train
157831,2021-10-31,train
157831,2021-11-30,train
157831,2021-12-31,train
157831,2022-01-31,train
157831,2022-02-28,train
157831,2022-03-31,train
157831,2022-04-30,train
157831,2022-05-31,train
157831,2022-06-30,train
157831,2022-07-31,train
157831,2022-08-31,train
157831,2022-09-30,train
157831,2022-10-31,train
157831,2022-11-30,train
157831,2022-12-31,train
157831,2023-01-31,train
157831,2023-02-28,train
157831,2023-03-31,train
157831,2023-04-30,train
157831,2023-05-31,train
157831,2023-06-30,train
157831,2023-07-31,train
157831,2023-08-31,train
157831,2023-09-30,train
157831,2023-10-31,train
157831,2023-11-30,train
157831,2023-12-31,train
157831,2024-01-31,train
157831,2024-02-29,train
157831,2024-03-31,train
157831,2024-04-30,train
157831,2024-05-31,train
157831,2024-06-30,train
157831,2024-07-31,train
157831,2024-08-31,train
157832,2021-07-31,train
157832,2021-08-31,train
157832,2021-09-30,train
157832,2021-10-31,train
157832,2021-11-30,train
157832,2021-12-31,train
157832,2022-01-31,train
157832,2022-02-28,train
157832,2022-03-31,train
157832,2022-04-30,train
157832,2022-05-31,train
157832,2022-06-30,train
157832,2022-07-31,train
157832,2022-08-31,train
157832,2022-09-30,train
157832,2022-10-31,train
157832,2022-11-30,train
157832,2022-12-31,train
157832,2023-01-31,train
157832,2023-02-28,train
157832,2023-03-31,train
157832,2023-04-30,train
157832,2023-05-31,train
157832,2023-06-30,train
157832,2023-07-31,train
157832,2023-08-31,train
157832,2023-09-30,train
157832,2023-10-31,train
157832,2023-11-30,train
157832,2023-12-31,train
157832,2024-01-31,train
157832,2024-02-29,train
157832,2024-03-31,train
157832,2024-04-30,train
157832,2024-05-31,train
157832,2024-06-30,train
157832,2024-07-31,train
157832,2024-08-31,train
157950,2021-07-31,train
157950,2021-08-31,train
157950,2021-09-30,train
157950,2021-10-31,train
157950,2021-11-30,train
157950,2021-12-31,train
157950,2022-01-31,train
157950,2022-02-28,train
157950,2022-03-31,train
157950,2022-04-30,train
157950,2022-05-31,train
157950,2022-06-30,train
157950,2022-07-31,train
157950,2022-08-31,train
157950,2022-09-30,train
157950,2022-10-31,train
157950,2022-11-30,train
157950,2022-12-31,train
157950,2023-01-31,train
157950,2023-02-28,train
157950,2023-03-31,train
157950,2023-04-30,train
157950,2023-05-31,train
157950,2023-06-30,train
157950,2023-07-31,train
157950,2023-08-31,train
157950,2023-09-30,train
157950,2023-10-31,train
157950,2023-11-30,train
157950,2023-12-31,train
157950,2024-01-31,train
157950,2024-02-29,train
157950,2024-03-31,train
157950,2024-04-30,train
157950,2024-05-31,train
157950,2024-06-30,train
157950,2024-07-31,train
157950,2024-08-31,train
158025,2023-12-31,train
158025,2024-01-31,train
158025,2024-02-29,train
158025,2024-03-31,train
158025,2024-04-30,train
158025,2024-05-31,train
158025,2024-06-30,train
158025,2024-07-31,train
158025,2024-08-31,train
158026,2024-06-30,train
158026,2024-07-31,train
158026,2024-08-31,train
158027,2024-06-30,train
158027,2024-07-31,train
158027,2024-08-31,train
158119,2021-07-31,train
158119,2021-08-31,train
158119,2021-09-30,train
158119,2021-10-31,train
158119,2021-11-30,train
158119,2021-12-31,train
158119,2022-01-31,train
158119,2022-02-28,train
158119,2022-03-31,train
158119,2022-04-30,train
158119,2022-05-31,train
158119,2022-06-30,train
158119,2022-07-31,train
158119,2022-08-31,train
158119,2022-09-30,train
158119,2022-10-31,train
158119,2022-11-30,train
158119,2022-12-31,train
158119,2023-01-31,train
158119,2023-02-28,train
158119,2023-03-31,train
158119,2023-04-30,train
158119,2023-05-31,train
158119,2023-06-30,train
158119,2023-07-31,train
158119,2023-08-31,train
158119,2023-09-30,train
158123,2021-07-31,train
158123,2021-08-31,train
158123,2021-09-30,train
158123,2021-10-31,train
158123,2021-11-30,train
158123,2021-12-31,train
158123,2022-01-31,train
158123,2022-02-28,train
158123,2022-03-31,train
158123,2022-04-30,train
158123,2022-05-31,train
158123,2022-06-30,train
158123,2022-07-31,train
158123,2022-08-31,train
158123,2022-09-30,train
158123,2022-10-31,train
158123,2022-11-30,train
158123,2022-12-31,train
158123,2023-01-31,train
158123,2023-02-28,train
158123,2023-03-31,train
158123,2023-04-30,train
158123,2023-05-31,train
158123,2023-06-30,train
158123,2023-07-31,train
158123,2023-08-31,train
158123,2023-09-30,train
158123,2023-10-31,train
158123,2023-11-30,train
158123,2023-12-31,train
158123,2024-01-31,train
158123,2024-02-29,train
158123,2024-03-31,train
158123,2024-04-30,train
158123,2024-05-31,train
158123,2024-06-30,train
158123,2024-07-31,train
158123,2024-08-31,train
158124,2021-07-31,train
158124,2021-08-31,train
158124,2021-09-30,train
158124,2021-10-31,train
158124,2021-11-30,train
158124,2021-12-31,train
158124,2022-01-31,train
158124,2022-02-28,train
158124,2022-03-31,train
158124,2022-04-30,train
158124,2022-05-31,train
158124,2022-06-30,train
158124,2022-07-31,train
158124,2022-08-31,train
158124,2022-09-30,train
158124,2022-10-31,train
158124,2022-11-30,train
158124,2022-12-31,train
158124,2023-01-31,train
158124,2023-02-28,train
158124,2023-03-31,train
158124,2023-04-30,train
158124,2023-05-31,train
158124,2023-06-30,train
158124,2023-07-31,train
158124,2023-08-31,train
158124,2023-09-30,train
158124,2023-10-31,train
158124,2023-11-30,train
158124,2023-12-31,train
158124,2024-01-31,train
158124,2024-02-29,train
158124,2024-03-31,train
158124,2024-04-30,train
158124,2024-05-31,train
158124,2024-06-30,train
158124,2024-07-31,train
158124,2024-08-31,train
158214,2021-07-31,train
158214,2021-08-31,train
158214,2021-09-30,train
158214,2021-10-31,train
158214,2021-11-30,train
158214,2021-12-31,train
158214,2022-01-31,train
158214,2022-02-28,train
158214,2022-03-31,train
158214,2022-04-30,train
158214,2022-05-31,train
158214,2022-06-30,train
158214,2022-07-31,train
158214,2022-08-31,train
158214,2022-09-30,train
158214,2022-10-31,train
158214,2022-11-30,train
158214,2022-12-31,train
158214,2023-01-31,train
158214,2023-02-28,train
158214,2023-03-31,train
158214,2023-04-30,train
158214,2023-05-31,train
158214,2023-06-30,train
158214,2023-07-31,train
158214,2023-08-31,train
158214,2023-09-30,train
158214,2023-10-31,train
158214,2023-11-30,train
158214,2023-12-31,train
158214,2024-01-31,train
158214,2024-02-29,train
158346,2022-09-30,train
158346,2022-10-31,train
158346,2022-11-30,train
158346,2022-12-31,train
158346,2023-01-31,train
158346,2023-02-28,train
158346,2023-03-31,train
158346,2023-04-30,train
158346,2023-05-31,train
158346,2023-06-30,train
158346,2023-07-31,train
158346,2023-08-31,train
158346,2023-09-30,train
158346,2023-10-31,train
158346,2023-11-30,train
158346,2023-12-31,train
158346,2024-01-31,train
158346,2024-02-29,train
158346,2024-03-31,train
158346,2024-04-30,train
158346,2024-05-31,train
158346,2024-06-30,train
158346,2024-07-31,train
158346,2024-08-31,train
158347,2021-07-31,train
158347,2021-08-31,train
158347,2021-09-30,train
158347,2021-10-31,train
158347,2021-11-30,train
158347,2021-12-31,train
158347,2022-01-31,train
158347,2022-02-28,train
158347,2022-03-31,train
158347,2022-04-30,train
158347,2022-05-31,train
158347,2022-06-30,train
158347,2022-07-31,train
158347,2022-08-31,train
158347,2022-09-30,train
158347,2022-10-31,train
158347,2022-11-30,train
158347,2022-12-31,train
158347,2023-01-31,train
158347,2023-02-28,train
158347,2023-03-31,train
158347,2023-04-30,train
158347,2023-05-31,train
158347,2023-06-30,train
158347,2023-07-31,train
158347,2023-08-31,train
158347,2023-09-30,train
158347,2023-10-31,train
158347,2023-11-30,train
158347,2023-12-31,train
158347,2024-01-31,train
158347,2024-02-29,train
158347,2024-03-31,train
158347,2024-04-30,train
158347,2024-05-31,train
158347,2024-06-30,train
158347,2024-07-31,train
158347,2024-08-31,train
158399,2021-07-31,train
158399,2021-08-31,train
158399,2021-09-30,train
158399,2021-10-31,train
158399,2021-11-30,train
158399,2021-12-31,train
158399,2022-01-31,train
158399,2022-02-28,train
158399,2022-03-31,train
158399,2022-04-30,train
158399,2022-05-31,train
158399,2022-06-30,train
158399,2022-07-31,train
158399,2022-08-31,train
158399,2022-09-30,train
158399,2022-10-31,train
158399,2022-11-30,train
158399,2022-12-31,train
158399,2023-01-31,train
158399,2023-02-28,train
158399,2023-03-31,train
158399,2023-04-30,train
158399,2023-05-31,train
158399,2023-06-30,train
158399,2023-07-31,train
158399,2023-08-31,train
158399,2023-09-30,train
158399,2023-10-31,train
158399,2023-11-30,train
158399,2023-12-31,train
158399,2024-01-31,train
158399,2024-02-29,train
158399,2024-03-31,train
158399,2024-04-30,train
158399,2024-05-31,train
158399,2024-06-30,train
158399,2024-07-31,train
158399,2024-08-31,train
158400,2021-07-31,train
158400,2021-08-31,train
158400,2021-09-30,train
158400,2021-10-31,train
158400,2021-11-30,train
158400,2021-12-31,train
158400,2022-01-31,train
158400,2022-02-28,train
158400,2022-03-31,train
158400,2022-04-30,train
158400,2022-05-31,train
158400,2022-06-30,train
158400,2022-07-31,train
158400,2022-08-31,train
158400,2022-09-30,train
158400,2022-10-31,train
158400,2022-11-30,train
158400,2022-12-31,train
158400,2023-01-31,train
158400,2023-02-28,train
158400,2023-03-31,train
158400,2023-04-30,train
158400,2023-05-31,train
158400,2023-06-30,train
158400,2023-07-31,train
158400,2023-08-31,train
158400,2023-09-30,train
158400,2023-10-31,train
158400,2023-11-30,train
158400,2023-12-31,train
158400,2024-01-31,train
158400,2024-02-29,train
158400,2024-03-31,train
158400,2024-04-30,train
158400,2024-05-31,train
158400,2024-06-30,train
158400,2024-07-31,train
158400,2024-08-31,train
158543,2024-02-29,train
158543,2024-03-31,train
158543,2024-04-30,train
158543,2024-05-31,train
158543,2024-06-30,train
158543,2024-07-31,train
158543,2024-08-31,train
158545,2021-07-31,train
158545,2021-08-31,train
158545,2021-09-30,train
158545,2021-10-31,train
158545,2021-11-30,train
158545,2021-12-31,train
158545,2022-01-31,train
158545,2022-02-28,train
158545,2022-03-31,train
158545,2022-04-30,train
158545,2022-05-31,train
158545,2022-06-30,train
158545,2022-07-31,train
158545,2022-08-31,train
158545,2022-09-30,train
158545,2022-10-31,train
158545,2022-11-30,train
158545,2022-12-31,train
158545,2023-01-31,train
158545,2023-02-28,train
158545,2023-03-31,train
158545,2023-04-30,train
158545,2023-05-31,train
158545,2023-06-30,train
158545,2023-07-31,train
158545,2023-08-31,train
158545,2023-09-30,train
158545,2023-10-31,train
158545,2023-11-30,train
158545,2023-12-31,train
158545,2024-01-31,train
158872,2021-07-31,train
158872,2021-08-31,train
158872,2021-09-30,train
158872,2021-10-31,train
158872,2021-11-30,train
158872,2021-12-31,train
158872,2022-01-31,train
158872,2022-02-28,train
158872,2022-03-31,train
158872,2022-04-30,train
158872,2022-05-31,train
158872,2022-06-30,train
158872,2022-07-31,train
158872,2022-08-31,train
158872,2022-09-30,train
158872,2022-10-31,train
158872,2022-11-30,train
158872,2022-12-31,train
158872,2023-01-31,train
158872,2023-02-28,train
158872,2023-03-31,train
158872,2023-04-30,train
158872,2023-05-31,train
158872,2023-06-30,train
158872,2023-07-31,train
158872,2023-08-31,train
158872,2023-09-30,train
158872,2023-10-31,train
158872,2023-11-30,train
158872,2023-12-31,train
158872,2024-01-31,train
158872,2024-02-29,train
158872,2024-03-31,train
158872,2024-04-30,train
158872,2024-05-31,train
158872,2024-06-30,train
158872,2024-07-31,train
158872,2024-08-31,train
159118,2021-07-31,train
159118,2021-08-31,train
159118,2021-09-30,train
159118,2021-10-31,train
159118,2021-11-30,train
159118,2021-12-31,train
159118,2022-01-31,train
159118,2022-02-28,train
159118,2022-03-31,train
159118,2022-04-30,train
159118,2022-05-31,train
159118,2022-06-30,train
159118,2022-07-31,train
159118,2022-08-31,train
159118,2022-09-30,train
159118,2022-10-31,train
159118,2022-11-30,train
159118,2022-12-31,train
159118,2023-01-31,train
159118,2023-02-28,train
159118,2023-03-31,train
159118,2023-04-30,train
159118,2023-05-31,train
159118,2023-06-30,train
159118,2023-07-31,train
159118,2023-08-31,train
159118,2023-09-30,train
159118,2023-10-31,train
159118,2023-11-30,train
159118,2023-12-31,train
159118,2024-01-31,train
159118,2024-02-29,train
159118,2024-03-31,train
159118,2024-04-30,train
159118,2024-05-31,train
159118,2024-06-30,train
159118,2024-07-31,train
159118,2024-08-31,train
159120,2021-07-31,train
159120,2021-08-31,train
159120,2021-09-30,train
159120,2021-10-31,train
159120,2021-11-30,train
159120,2021-12-31,train
159120,2022-01-31,train
159120,2022-02-28,train
159120,2022-03-31,train
159120,2022-04-30,train
159120,2022-05-31,train
159120,2022-06-30,train
159120,2022-07-31,train
159120,2022-08-31,train
159120,2022-09-30,train
159120,2022-10-31,train
159120,2022-11-30,train
159120,2022-12-31,train
159120,2023-01-31,train
159120,2023-02-28,train
159120,2023-03-31,train
159120,2023-04-30,train
159120,2023-05-31,train
159120,2023-06-30,train
159120,2023-07-31,train
159120,2023-08-31,train
159120,2023-09-30,train
159120,2023-10-31,train
159120,2023-11-30,train
159120,2023-12-31,train
159120,2024-01-31,train
159120,2024-02-29,train
159120,2024-03-31,train
159120,2024-04-30,train
159120,2024-05-31,train
159120,2024-06-30,train
159120,2024-07-31,train
159120,2024-08-31,train
159121,2021-07-31,train
159121,2021-08-31,train
159121,2021-09-30,train
159121,2021-10-31,train
159121,2021-11-30,train
159121,2021-12-31,train
159121,2022-01-31,train
159121,2022-02-28,train
159121,2022-03-31,train
159121,2022-04-30,train
159121,2022-05-31,train
159121,2022-06-30,train
159121,2022-07-31,train
159121,2022-08-31,train
159121,2022-09-30,train
159121,2022-10-31,train
159121,2022-11-30,train
159121,2022-12-31,train
159121,2023-01-31,train
159121,2023-02-28,train
159121,2023-03-31,train
159121,2023-04-30,train
159121,2023-05-31,train
159121,2023-06-30,train
159121,2023-07-31,train
159121,2023-08-31,train
159121,2023-09-30,train
159121,2023-10-31,train
159121,2023-11-30,train
159121,2023-12-31,train
159121,2024-01-31,train
159121,2024-02-29,train
159121,2024-03-31,train
159121,2024-04-30,train
159121,2024-05-31,train
159121,2024-06-30,train
159121,2024-07-31,train
159121,2024-08-31,train
159122,2021-07-31,train
159122,2021-08-31,train
159122,2021-09-30,train
159122,2021-10-31,train
159122,2021-11-30,train
159122,2021-12-31,train
159122,2022-01-31,train
159122,2022-02-28,train
159122,2022-03-31,train
159122,2022-04-30,train
159122,2022-05-31,train
159122,2022-06-30,train
159122,2022-07-31,train
159122,2022-08-31,train
159122,2022-09-30,train
159122,2022-10-31,train
159122,2022-11-30,train
159122,2022-12-31,train
159122,2023-01-31,train
159122,2023-02-28,train
159122,2023-03-31,train
159122,2023-04-30,train
159122,2023-05-31,train
159122,2023-06-30,train
159122,2023-07-31,train
159122,2023-08-31,train
159122,2023-09-30,train
159122,2023-10-31,train
159122,2023-11-30,train
159122,2023-12-31,train
159122,2024-01-31,train
159122,2024-02-29,train
159122,2024-03-31,train
159122,2024-04-30,train
159122,2024-05-31,train
159122,2024-06-30,train
159122,2024-07-31,train
159122,2024-08-31,train
159209,2021-07-31,train
159209,2021-08-31,train
159209,2021-09-30,train
159209,2021-10-31,train
159209,2021-11-30,train
159209,2021-12-31,train
159209,2022-01-31,train
159209,2022-02-28,train
159209,2022-03-31,train
159209,2022-04-30,train
159209,2022-05-31,train
159209,2022-06-30,train
159209,2022-07-31,train
159209,2022-08-31,train
159209,2022-09-30,train
159209,2022-10-31,train
159209,2022-11-30,train
159209,2022-12-31,train
159209,2023-01-31,train
159209,2023-02-28,train
159209,2023-03-31,train
159209,2023-04-30,train
159209,2023-05-31,train
159209,2023-06-30,train
159209,2023-07-31,train
159209,2023-08-31,train
159209,2023-09-30,train
159209,2023-10-31,train
159209,2023-11-30,train
159209,2023-12-31,train
159209,2024-01-31,train
159209,2024-02-29,train
159209,2024-03-31,train
159209,2024-04-30,train
159209,2024-05-31,train
159209,2024-06-30,train
159209,2024-07-31,train
159209,2024-08-31,train
159256,2024-06-30,train
159256,2024-07-31,train
159256,2024-08-31,train
159268,2021-07-31,train
159268,2021-08-31,train
159268,2021-09-30,train
159268,2021-10-31,train
159268,2021-11-30,train
159268,2021-12-31,train
159268,2022-01-31,train
159268,2022-02-28,train
159268,2022-03-31,train
159268,2022-04-30,train
159268,2022-05-31,train
159268,2022-06-30,train
159268,2022-07-31,train
159268,2022-08-31,train
159268,2022-09-30,train
159268,2022-10-31,train
159268,2022-11-30,train
159268,2022-12-31,train
159268,2023-01-31,train
159268,2023-02-28,train
159268,2023-03-31,train
159268,2023-04-30,train
159268,2023-05-31,train
159268,2023-06-30,train
159268,2023-07-31,train
159268,2023-08-31,train
159268,2023-09-30,train
159268,2023-10-31,train
159268,2023-11-30,train
159268,2023-12-31,train
159268,2024-01-31,train
159268,2024-02-29,train
159268,2024-03-31,train
159268,2024-04-30,train
159268,2024-05-31,train
159268,2024-06-30,train
159268,2024-07-31,train
159268,2024-08-31,train
159697,2021-07-31,train
159697,2021-08-31,train
159697,2021-09-30,train
159697,2021-10-31,train
159697,2021-11-30,train
159697,2021-12-31,train
159697,2022-01-31,train
159697,2022-02-28,train
159697,2022-03-31,train
159697,2022-04-30,train
159697,2022-05-31,train
159697,2022-06-30,train
159697,2022-07-31,train
159697,2022-08-31,train
159697,2022-09-30,train
159697,2022-10-31,train
159697,2022-11-30,train
159697,2022-12-31,train
159697,2023-01-31,train
159697,2023-02-28,train
159697,2023-03-31,train
159697,2023-04-30,train
159697,2023-05-31,train
159697,2023-06-30,train
159697,2023-07-31,train
159697,2023-08-31,train
159697,2023-09-30,train
159697,2023-10-31,train
159697,2023-11-30,train
159697,2023-12-31,train
159697,2024-01-31,train
159697,2024-02-29,train
159697,2024-03-31,train
159697,2024-04-30,train
159697,2024-05-31,train
159697,2024-06-30,train
159697,2024-07-31,train
159697,2024-08-31,train
159698,2021-07-31,train
159698,2021-08-31,train
159698,2021-09-30,train
159698,2021-10-31,train
159698,2021-11-30,train
159698,2021-12-31,train
159698,2022-01-31,train
159698,2022-02-28,train
159698,2022-03-31,train
159698,2022-04-30,train
159698,2022-05-31,train
159698,2022-06-30,train
159698,2022-07-31,train
159698,2022-08-31,train
159698,2022-09-30,train
159698,2022-10-31,train
159698,2022-11-30,train
159698,2022-12-31,train
159698,2023-01-31,train
159698,2023-02-28,train
159698,2023-03-31,train
159698,2023-04-30,train
159698,2023-05-31,train
159698,2023-06-30,train
159698,2023-07-31,train
159698,2023-08-31,train
159698,2023-09-30,train
159698,2023-10-31,train
159698,2023-11-30,train
159698,2023-12-31,train
159698,2024-01-31,train
159698,2024-02-29,train
159698,2024-03-31,train
159698,2024-04-30,train
159698,2024-05-31,train
159698,2024-06-30,train
159698,2024-07-31,train
159698,2024-08-31,train
159700,2021-07-31,train
159700,2021-08-31,train
159700,2021-09-30,train
159700,2021-10-31,train
159700,2021-11-30,train
159700,2021-12-31,train
159700,2022-01-31,train
159700,2022-02-28,train
159700,2022-03-31,train
159700,2022-04-30,train
159700,2022-05-31,train
159700,2022-06-30,train
159700,2022-07-31,train
159700,2022-08-31,train
159700,2022-09-30,train
159700,2022-10-31,train
159700,2022-11-30,train
159700,2022-12-31,train
159700,2023-01-31,train
159700,2023-02-28,train
159700,2023-03-31,train
159700,2023-04-30,train
159700,2023-05-31,train
159700,2023-06-30,train
159700,2023-07-31,train
159700,2023-08-31,train
159700,2023-09-30,train
159700,2023-10-31,train
159700,2023-11-30,train
159700,2023-12-31,train
159700,2024-01-31,train
159700,2024-02-29,train
159700,2024-03-31,train
159700,2024-04-30,train
159700,2024-05-31,train
159700,2024-06-30,train
159700,2024-07-31,train
159700,2024-08-31,train
159701,2021-07-31,train
159701,2021-08-31,train
159701,2021-09-30,train
159701,2021-10-31,train
159701,2021-11-30,train
159701,2021-12-31,train
159701,2022-01-31,train
159701,2022-02-28,train
159701,2022-03-31,train
159701,2022-04-30,train
159701,2022-05-31,train
159701,2022-06-30,train
159701,2022-07-31,train
159701,2022-08-31,train
159701,2022-09-30,train
159701,2022-10-31,train
159701,2022-11-30,train
159701,2022-12-31,train
159701,2023-01-31,train
159701,2023-02-28,train
159701,2023-03-31,train
159701,2023-04-30,train
159701,2023-05-31,train
159701,2023-06-30,train
159701,2023-07-31,train
159701,2023-08-31,train
159701,2023-09-30,train
159701,2023-10-31,train
159701,2023-11-30,train
159701,2023-12-31,train
159701,2024-01-31,train
159701,2024-02-29,train
159701,2024-03-31,train
159701,2024-04-30,train
159701,2024-05-31,train
159701,2024-06-30,train
159701,2024-07-31,train
159701,2024-08-31,train
159825,2023-02-28,train
159825,2023-03-31,train
159825,2023-04-30,train
159825,2023-05-31,train
159825,2023-06-30,train
159825,2023-07-31,train
159825,2023-08-31,train
159825,2023-09-30,train
159825,2023-10-31,train
159825,2023-11-30,train
159825,2023-12-31,train
159825,2024-01-31,train
159825,2024-02-29,train
159825,2024-03-31,train
159825,2024-04-30,train
159825,2024-05-31,train
159825,2024-06-30,train
159825,2024-07-31,train
159825,2024-08-31,train
159827,2021-07-31,train
159827,2021-08-31,train
159827,2021-09-30,train
159827,2021-10-31,train
159827,2021-11-30,train
159827,2021-12-31,train
159827,2022-01-31,train
159827,2022-02-28,train
159827,2022-03-31,train
159827,2022-04-30,train
159827,2022-05-31,train
159827,2022-06-30,train
159827,2022-07-31,train
159827,2022-08-31,train
159827,2022-09-30,train
159827,2022-10-31,train
159827,2022-11-30,train
159827,2022-12-31,train
159827,2023-01-31,train
159827,2023-02-28,train
159827,2023-03-31,train
159827,2023-04-30,train
159827,2023-05-31,train
159827,2023-06-30,train
159827,2023-07-31,train
159827,2023-08-31,train
159827,2023-09-30,train
159827,2023-10-31,train
159827,2023-11-30,train
159827,2023-12-31,train
159827,2024-01-31,train
159827,2024-02-29,train
159827,2024-03-31,train
159827,2024-04-30,train
159827,2024-05-31,train
159827,2024-06-30,train
159827,2024-07-31,train
159827,2024-08-31,train
159828,2021-07-31,train
159828,2021-08-31,train
159828,2021-09-30,train
159828,2021-10-31,train
159828,2021-11-30,train
159828,2021-12-31,train
159828,2022-01-31,train
159828,2022-02-28,train
159828,2022-03-31,train
159828,2022-04-30,train
159828,2022-05-31,train
159828,2022-06-30,train
159828,2022-07-31,train
159828,2022-08-31,train
159828,2022-09-30,train
159828,2022-10-31,train
159828,2022-11-30,train
159828,2022-12-31,train
159828,2023-01-31,train
159828,2023-02-28,train
159828,2023-03-31,train
159828,2023-04-30,train
159828,2023-05-31,train
159828,2023-06-30,train
159828,2023-07-31,train
159828,2023-08-31,train
159828,2023-09-30,train
159828,2023-10-31,train
159828,2023-11-30,train
159828,2023-12-31,train
159828,2024-01-31,train
159828,2024-02-29,train
159828,2024-03-31,train
159828,2024-04-30,train
159828,2024-05-31,train
159828,2024-06-30,train
159828,2024-07-31,train
159828,2024-08-31,train
159973,2021-07-31,train
159973,2021-08-31,train
159973,2021-09-30,train
159973,2021-10-31,train
159973,2021-11-30,train
159973,2021-12-31,train
159973,2022-01-31,train
159973,2022-02-28,train
159973,2022-03-31,train
159973,2022-04-30,train
159973,2022-05-31,train
159973,2022-06-30,train
159973,2022-07-31,train
159973,2022-08-31,train
159973,2022-09-30,train
159973,2022-10-31,train
159973,2022-11-30,train
159973,2022-12-31,train
159973,2023-01-31,train
159973,2023-02-28,train
159973,2023-03-31,train
159973,2023-04-30,train
159973,2023-05-31,train
160137,2021-07-31,train
160137,2021-08-31,train
160137,2021-09-30,train
160137,2021-10-31,train
160137,2021-11-30,train
160137,2021-12-31,train
160137,2022-01-31,train
160137,2022-02-28,train
160137,2022-03-31,train
160137,2022-04-30,train
160137,2022-05-31,train
160137,2022-06-30,train
160137,2022-07-31,train
160137,2022-08-31,train
160137,2022-09-30,train
160137,2022-10-31,train
160137,2022-11-30,train
160137,2022-12-31,train
160137,2023-01-31,train
160137,2023-02-28,train
160137,2023-03-31,train
160137,2023-04-30,train
160137,2023-05-31,train
160137,2023-06-30,train
160137,2023-07-31,train
160137,2023-08-31,train
160137,2023-09-30,train
160137,2023-10-31,train
160137,2023-11-30,train
160137,2023-12-31,train
160137,2024-01-31,train
160137,2024-02-29,train
160137,2024-03-31,train
160137,2024-04-30,train
160137,2024-05-31,train
160137,2024-06-30,train
160137,2024-07-31,train
160137,2024-08-31,train
160138,2021-07-31,train
160138,2021-08-31,train
160138,2021-09-30,train
160138,2021-10-31,train
160138,2021-11-30,train
160138,2021-12-31,train
160138,2022-01-31,train
160138,2022-02-28,train
160138,2022-03-31,train
160138,2022-04-30,train
160138,2022-05-31,train
160138,2022-06-30,train
160138,2022-07-31,train
160138,2022-08-31,train
160138,2022-09-30,train
160138,2022-10-31,train
160138,2022-11-30,train
160138,2022-12-31,train
160138,2023-01-31,train
160138,2023-02-28,train
160138,2023-03-31,train
160138,2023-04-30,train
160138,2023-05-31,train
160138,2023-06-30,train
160138,2023-07-31,train
160138,2023-08-31,train
160138,2023-09-30,train
160138,2023-10-31,train
160138,2023-11-30,train
160138,2023-12-31,train
160138,2024-01-31,train
160138,2024-02-29,train
160138,2024-03-31,train
160138,2024-04-30,train
160138,2024-05-31,train
160138,2024-06-30,train
160138,2024-07-31,train
160138,2024-08-31,train
160139,2021-07-31,train
160139,2021-08-31,train
160139,2021-09-30,train
160139,2021-10-31,train
160139,2021-11-30,train
160139,2021-12-31,train
160139,2022-01-31,train
160139,2022-02-28,train
160139,2022-03-31,train
160139,2022-04-30,train
160139,2022-05-31,train
160139,2022-06-30,train
160139,2022-07-31,train
160139,2022-08-31,train
160139,2022-09-30,train
160139,2022-10-31,train
160139,2022-11-30,train
160139,2022-12-31,train
160139,2023-01-31,train
160139,2023-02-28,train
160139,2023-03-31,train
160139,2023-04-30,train
160139,2023-05-31,train
160139,2023-06-30,train
160139,2023-07-31,train
160139,2023-08-31,train
160139,2023-09-30,train
160139,2023-10-31,train
160139,2023-11-30,train
160139,2023-12-31,train
160139,2024-01-31,train
160139,2024-02-29,train
160139,2024-03-31,train
160139,2024-04-30,train
160139,2024-05-31,train
160139,2024-06-30,train
160139,2024-07-31,train
160139,2024-08-31,train
160140,2021-07-31,train
160140,2021-08-31,train
160140,2021-09-30,train
160140,2021-10-31,train
160140,2021-11-30,train
160140,2021-12-31,train
160140,2022-01-31,train
160140,2022-02-28,train
160140,2022-03-31,train
160140,2022-04-30,train
160140,2022-05-31,train
160140,2022-06-30,train
160140,2022-07-31,train
160140,2022-08-31,train
160140,2022-09-30,train
160140,2022-10-31,train
160140,2022-11-30,train
160140,2022-12-31,train
160140,2023-01-31,train
160140,2023-02-28,train
160140,2023-03-31,train
160140,2023-04-30,train
160140,2023-05-31,train
160140,2023-06-30,train
160140,2023-07-31,train
160140,2023-08-31,train
160140,2023-09-30,train
160140,2023-10-31,train
160140,2023-11-30,train
160140,2023-12-31,train
160140,2024-01-31,train
160140,2024-02-29,train
160140,2024-03-31,train
160140,2024-04-30,train
160140,2024-05-31,train
160140,2024-06-30,train
160140,2024-07-31,train
160140,2024-08-31,train
160141,2021-07-31,train
160141,2021-08-31,train
160141,2021-09-30,train
160141,2021-10-31,train
160141,2021-11-30,train
160141,2021-12-31,train
160141,2022-01-31,train
160141,2022-02-28,train
160141,2022-03-31,train
160141,2022-04-30,train
160141,2022-05-31,train
160141,2022-06-30,train
160141,2022-07-31,train
160141,2022-08-31,train
160141,2022-09-30,train
160141,2022-10-31,train
160141,2022-11-30,train
160141,2022-12-31,train
160141,2023-01-31,train
160141,2023-02-28,train
160141,2023-03-31,train
160141,2023-04-30,train
160141,2023-05-31,train
160141,2023-06-30,train
160141,2023-07-31,train
160141,2023-08-31,train
160141,2023-09-30,train
160141,2023-10-31,train
160141,2023-11-30,train
160141,2023-12-31,train
160141,2024-01-31,train
160141,2024-02-29,train
160141,2024-03-31,train
160141,2024-04-30,train
160141,2024-05-31,train
160141,2024-06-30,train
160141,2024-07-31,train
160141,2024-08-31,train
160142,2021-07-31,train
160142,2021-08-31,train
160142,2021-09-30,train
160142,2021-10-31,train
160142,2021-11-30,train
160142,2021-12-31,train
160142,2022-01-31,train
160142,2022-02-28,train
160142,2022-03-31,train
160142,2022-04-30,train
160142,2022-05-31,train
160142,2022-06-30,train
160142,2022-07-31,train
160142,2022-08-31,train
160142,2022-09-30,train
160142,2022-10-31,train
160142,2022-11-30,train
160142,2022-12-31,train
160142,2023-01-31,train
160142,2023-02-28,train
160142,2023-03-31,train
160142,2023-04-30,train
160142,2023-05-31,train
160142,2023-06-30,train
160142,2023-07-31,train
160142,2023-08-31,train
160142,2023-09-30,train
160142,2023-10-31,train
160142,2023-11-30,train
160142,2023-12-31,train
160142,2024-01-31,train
160142,2024-02-29,train
160142,2024-03-31,train
160142,2024-04-30,train
160142,2024-05-31,train
160142,2024-06-30,train
160142,2024-07-31,train
160142,2024-08-31,train
160265,2021-07-31,train
160265,2021-08-31,train
160265,2021-09-30,train
160265,2021-10-31,train
160265,2021-11-30,train
160265,2021-12-31,train
160265,2022-01-31,train
160265,2022-02-28,train
160265,2022-03-31,train
160265,2022-04-30,train
160265,2022-05-31,train
160265,2022-06-30,train
160265,2022-07-31,train
160265,2022-08-31,train
160265,2022-09-30,train
160265,2022-10-31,train
160265,2022-11-30,train
160265,2022-12-31,train
160265,2023-01-31,train
160265,2023-02-28,train
160265,2023-03-31,train
160265,2023-04-30,train
160265,2023-05-31,train
160265,2023-06-30,train
160265,2023-07-31,train
160265,2023-08-31,train
160265,2023-09-30,train
160265,2023-10-31,train
160265,2023-11-30,train
160265,2023-12-31,train
160265,2024-01-31,train
160265,2024-02-29,train
160265,2024-03-31,train
160265,2024-04-30,train
160265,2024-05-31,train
160265,2024-06-30,train
160265,2024-07-31,train
160265,2024-08-31,train
160267,2023-01-31,train
160267,2023-02-28,train
160267,2023-03-31,train
160267,2023-04-30,train
160267,2023-05-31,train
160267,2023-06-30,train
160267,2023-07-31,train
160267,2023-08-31,train
160267,2023-09-30,train
160267,2023-10-31,train
160267,2023-11-30,train
160267,2023-12-31,train
160267,2024-01-31,train
160267,2024-02-29,train
160267,2024-03-31,train
160267,2024-04-30,train
160267,2024-05-31,train
160267,2024-06-30,train
160267,2024-07-31,train
160267,2024-08-31,train
160268,2023-01-31,train
160268,2023-02-28,train
160268,2023-03-31,train
160268,2023-04-30,train
160268,2023-05-31,train
160268,2023-06-30,train
160268,2023-07-31,train
160268,2023-08-31,train
160268,2023-09-30,train
160268,2023-10-31,train
160268,2023-11-30,train
160268,2023-12-31,train
160268,2024-01-31,train
160268,2024-02-29,train
160268,2024-03-31,train
160268,2024-04-30,train
160268,2024-05-31,train
160268,2024-06-30,train
160268,2024-07-31,train
160268,2024-08-31,train
160419,2021-07-31,train
160419,2021-08-31,train
160419,2021-09-30,train
160419,2021-10-31,train
160419,2021-11-30,train
160419,2021-12-31,train
160419,2022-01-31,train
160419,2022-02-28,train
160419,2022-03-31,train
160419,2022-04-30,train
160419,2022-05-31,train
160419,2022-06-30,train
160419,2022-07-31,train
160419,2022-08-31,train
160419,2022-09-30,train
160419,2022-10-31,train
160419,2022-11-30,train
160419,2022-12-31,train
160419,2023-01-31,train
160419,2023-02-28,train
160419,2023-03-31,train
160419,2023-04-30,train
160419,2023-05-31,train
160419,2023-06-30,train
160419,2023-07-31,train
160419,2023-08-31,train
160419,2023-09-30,train
160419,2023-10-31,train
160419,2023-11-30,train
160419,2023-12-31,train
160419,2024-01-31,train
160419,2024-02-29,train
160419,2024-03-31,train
160419,2024-04-30,train
160419,2024-05-31,train
160419,2024-06-30,train
160419,2024-07-31,train
160419,2024-08-31,train
160420,2021-07-31,train
160420,2021-08-31,train
160420,2021-09-30,train
160420,2021-10-31,train
160420,2021-11-30,train
160420,2021-12-31,train
160420,2022-01-31,train
160420,2022-02-28,train
160420,2022-03-31,train
160420,2022-04-30,train
160420,2022-05-31,train
160420,2022-06-30,train
160420,2022-07-31,train
160420,2022-08-31,train
160420,2022-09-30,train
160420,2022-10-31,train
160420,2022-11-30,train
160420,2022-12-31,train
160420,2023-01-31,train
160420,2023-02-28,train
160420,2023-03-31,train
160420,2023-04-30,train
160420,2023-05-31,train
160420,2023-06-30,train
160420,2023-07-31,train
160420,2023-08-31,train
160420,2023-09-30,train
160420,2023-10-31,train
160420,2023-11-30,train
160420,2023-12-31,train
160420,2024-01-31,train
160420,2024-02-29,train
160420,2024-03-31,train
160420,2024-04-30,train
160420,2024-05-31,train
160420,2024-06-30,train
160420,2024-07-31,train
160420,2024-08-31,train
160503,2021-07-31,train
160503,2021-08-31,train
160503,2021-09-30,train
160503,2021-10-31,train
160503,2021-11-30,train
160503,2021-12-31,train
160503,2022-01-31,train
160503,2022-02-28,train
160503,2022-03-31,train
160503,2022-04-30,train
160503,2022-05-31,train
160503,2022-06-30,train
160503,2022-07-31,train
160503,2022-08-31,train
160503,2022-09-30,train
160503,2022-10-31,train
160503,2022-11-30,train
160503,2022-12-31,train
160503,2023-01-31,train
160503,2023-02-28,train
160503,2023-03-31,train
160503,2023-04-30,train
160503,2023-05-31,train
160503,2023-06-30,train
160503,2023-07-31,train
160503,2023-08-31,train
160503,2023-09-30,train
160503,2023-10-31,train
160503,2023-11-30,train
160503,2023-12-31,train
160503,2024-01-31,train
160503,2024-02-29,train
160503,2024-03-31,train
160503,2024-04-30,train
160503,2024-05-31,train
160503,2024-06-30,train
160503,2024-07-31,train
160503,2024-08-31,train
160504,2021-07-31,train
160504,2021-08-31,train
160504,2021-09-30,train
160504,2021-10-31,train
160504,2021-11-30,train
160504,2021-12-31,train
160504,2022-01-31,train
160504,2022-02-28,train
160504,2022-03-31,train
160504,2022-04-30,train
160504,2022-05-31,train
160504,2022-06-30,train
160504,2022-07-31,train
160504,2022-08-31,train
160504,2022-09-30,train
160504,2022-10-31,train
160504,2022-11-30,train
160504,2022-12-31,train
160504,2023-01-31,train
160504,2023-02-28,train
160504,2023-03-31,train
160504,2023-04-30,train
160504,2023-05-31,train
160504,2023-06-30,train
160504,2023-07-31,train
160504,2023-08-31,train
160504,2023-09-30,train
160504,2023-10-31,train
160504,2023-11-30,train
160504,2023-12-31,train
160504,2024-01-31,train
160504,2024-02-29,train
160504,2024-03-31,train
160504,2024-04-30,train
160504,2024-05-31,train
160504,2024-06-30,train
160504,2024-07-31,train
160504,2024-08-31,train
160685,2021-07-31,train
160685,2021-08-31,train
160685,2021-09-30,train
160685,2021-10-31,train
160685,2021-11-30,train
160685,2021-12-31,train
160685,2022-01-31,train
160685,2022-02-28,train
160685,2022-03-31,train
160685,2022-04-30,train
160685,2022-05-31,train
160685,2022-06-30,train
160685,2022-07-31,train
160685,2022-08-31,train
160685,2022-09-30,train
160685,2022-10-31,train
160685,2022-11-30,train
160685,2022-12-31,train
160685,2023-01-31,train
160685,2023-02-28,train
160685,2023-03-31,train
160685,2023-04-30,train
160685,2023-05-31,train
160685,2023-06-30,train
160685,2023-07-31,train
160685,2023-08-31,train
160685,2023-09-30,train
160685,2023-10-31,train
160685,2023-11-30,train
160685,2023-12-31,train
160685,2024-01-31,train
160685,2024-02-29,train
160685,2024-03-31,train
160685,2024-04-30,train
160685,2024-05-31,train
160685,2024-06-30,train
160685,2024-07-31,train
160685,2024-08-31,train
160837,2021-07-31,train
160837,2021-08-31,train
160837,2021-09-30,train
160837,2021-10-31,train
160837,2021-11-30,train
160837,2021-12-31,train
160837,2022-01-31,train
160837,2022-02-28,train
160837,2022-03-31,train
160837,2022-04-30,train
160837,2022-05-31,train
160837,2022-06-30,train
160837,2022-07-31,train
160837,2022-08-31,train
160837,2022-09-30,train
160837,2022-10-31,train
160837,2022-11-30,train
160837,2022-12-31,train
160837,2023-01-31,train
160837,2023-02-28,train
160837,2023-03-31,train
160837,2023-04-30,train
160837,2023-05-31,train
160837,2023-06-30,train
160837,2023-07-31,train
160837,2023-08-31,train
160837,2023-09-30,train
160837,2023-10-31,train
160837,2023-11-30,train
160837,2023-12-31,train
160837,2024-01-31,train
160837,2024-02-29,train
160837,2024-03-31,train
160837,2024-04-30,train
160837,2024-05-31,train
160837,2024-06-30,train
160837,2024-07-31,train
160837,2024-08-31,train
160838,2021-07-31,train
160838,2021-08-31,train
160838,2021-09-30,train
160838,2021-10-31,train
160838,2021-11-30,train
160838,2021-12-31,train
160838,2022-01-31,train
160838,2022-02-28,train
160838,2022-03-31,train
160838,2022-04-30,train
160838,2022-05-31,train
160838,2022-06-30,train
160838,2022-07-31,train
160838,2022-08-31,train
160838,2022-09-30,train
160838,2022-10-31,train
160838,2022-11-30,train
160838,2022-12-31,train
160838,2023-01-31,train
160838,2023-02-28,train
160838,2023-03-31,train
160838,2023-04-30,train
160838,2023-05-31,train
160838,2023-06-30,train
160838,2023-07-31,train
160838,2023-08-31,train
160838,2023-09-30,train
160838,2023-10-31,train
160838,2023-11-30,train
160838,2023-12-31,train
160838,2024-01-31,train
160838,2024-02-29,train
160838,2024-03-31,train
160838,2024-04-30,train
160838,2024-05-31,train
160838,2024-06-30,train
160838,2024-07-31,train
160838,2024-08-31,train
160839,2021-07-31,train
160839,2021-08-31,train
160839,2021-09-30,train
160839,2021-10-31,train
160839,2021-11-30,train
160839,2021-12-31,train
160839,2022-01-31,train
160839,2022-02-28,train
160839,2022-03-31,train
160839,2022-04-30,train
160839,2022-05-31,train
160839,2022-06-30,train
160839,2022-07-31,train
160839,2022-08-31,train
160839,2022-09-30,train
160839,2022-10-31,train
160839,2022-11-30,train
160839,2022-12-31,train
160839,2023-01-31,train
160839,2023-02-28,train
160839,2023-03-31,train
160839,2023-04-30,train
160839,2023-05-31,train
160839,2023-06-30,train
160839,2023-07-31,train
160839,2023-08-31,train
160839,2023-09-30,train
160839,2023-10-31,train
160839,2023-11-30,train
160839,2023-12-31,train
160839,2024-01-31,train
160839,2024-02-29,train
160839,2024-03-31,train
160839,2024-04-30,train
160839,2024-05-31,train
160839,2024-06-30,train
160839,2024-07-31,train
160839,2024-08-31,train
161246,2021-07-31,train
161246,2021-08-31,train
161246,2021-09-30,train
161246,2021-10-31,train
161246,2021-11-30,train
161246,2021-12-31,train
161246,2022-01-31,train
161246,2022-02-28,train
161246,2022-03-31,train
161246,2022-04-30,train
161246,2022-05-31,train
161246,2022-06-30,train
161246,2022-07-31,train
161246,2022-08-31,train
161246,2022-09-30,train
161246,2022-10-31,train
161246,2022-11-30,train
161246,2022-12-31,train
161246,2023-01-31,train
161246,2023-02-28,train
161246,2023-03-31,train
161246,2023-04-30,train
161246,2023-05-31,train
161246,2023-06-30,train
161246,2023-07-31,train
161246,2023-08-31,train
161246,2023-09-30,train
161246,2023-10-31,train
161246,2023-11-30,train
161246,2023-12-31,train
161246,2024-01-31,train
161246,2024-02-29,train
161246,2024-03-31,train
161246,2024-04-30,train
161246,2024-05-31,train
161246,2024-06-30,train
161246,2024-07-31,train
161246,2024-08-31,train
161247,2021-07-31,train
161247,2021-08-31,train
161247,2021-09-30,train
161247,2021-10-31,train
161247,2021-11-30,train
161247,2021-12-31,train
161247,2022-01-31,train
161247,2022-02-28,train
161247,2022-03-31,train
161247,2022-04-30,train
161247,2022-05-31,train
161247,2022-06-30,train
161247,2022-07-31,train
161247,2022-08-31,train
161247,2022-09-30,train
161247,2022-10-31,train
161247,2022-11-30,train
161247,2022-12-31,train
161247,2023-01-31,train
161247,2023-02-28,train
161247,2023-03-31,train
161247,2023-04-30,train
161247,2023-05-31,train
161247,2023-06-30,train
161247,2023-07-31,train
161247,2023-08-31,train
161247,2023-09-30,train
161247,2023-10-31,train
161247,2023-11-30,train
161247,2023-12-31,train
161247,2024-01-31,train
161247,2024-02-29,train
161247,2024-03-31,train
161247,2024-04-30,train
161247,2024-05-31,train
161247,2024-06-30,train
161247,2024-07-31,train
161247,2024-08-31,train
161248,2021-07-31,train
161248,2021-08-31,train
161248,2021-09-30,train
161248,2021-10-31,train
161248,2021-11-30,train
161248,2021-12-31,train
161248,2022-01-31,train
161248,2022-02-28,train
161248,2022-03-31,train
161248,2022-04-30,train
161248,2022-05-31,train
161248,2022-06-30,train
161248,2022-07-31,train
161248,2022-08-31,train
161248,2022-09-30,train
161248,2022-10-31,train
161248,2022-11-30,train
161248,2022-12-31,train
161248,2023-01-31,train
161248,2023-02-28,train
161248,2023-03-31,train
161248,2023-04-30,train
161248,2023-05-31,train
161248,2023-06-30,train
161248,2023-07-31,train
161248,2023-08-31,train
161248,2023-09-30,train
161248,2023-10-31,train
161248,2023-11-30,train
161248,2023-12-31,train
161248,2024-01-31,train
161248,2024-02-29,train
161248,2024-03-31,train
161248,2024-04-30,train
161248,2024-05-31,train
161248,2024-06-30,train
161248,2024-07-31,train
161248,2024-08-31,train
161350,2021-07-31,train
161350,2021-08-31,train
161350,2021-09-30,train
161350,2021-10-31,train
161350,2021-11-30,train
161350,2021-12-31,train
161350,2022-01-31,train
161350,2022-02-28,train
161350,2022-03-31,train
161350,2022-04-30,train
161350,2022-05-31,train
161350,2022-06-30,train
161350,2022-07-31,train
161350,2022-08-31,train
161350,2022-09-30,train
161350,2022-10-31,train
161350,2022-11-30,train
161350,2022-12-31,train
161350,2023-01-31,train
161350,2023-02-28,train
161350,2023-03-31,train
161350,2023-04-30,train
161350,2023-05-31,train
161350,2023-06-30,train
161350,2023-07-31,train
161350,2023-08-31,train
161350,2023-09-30,train
161350,2023-10-31,train
161350,2023-11-30,train
161350,2023-12-31,train
161350,2024-01-31,train
161350,2024-02-29,train
161350,2024-03-31,train
161350,2024-04-30,train
161350,2024-05-31,train
161350,2024-06-30,train
161350,2024-07-31,train
161350,2024-08-31,train
161505,2021-07-31,train
161505,2021-08-31,train
161505,2021-09-30,train
161505,2021-10-31,train
161505,2021-11-30,train
161505,2021-12-31,train
161505,2022-01-31,train
161505,2022-02-28,train
161505,2022-03-31,train
161505,2022-04-30,train
161505,2022-05-31,train
161505,2022-06-30,train
161505,2022-07-31,train
161505,2022-08-31,train
161505,2022-09-30,train
161505,2022-10-31,train
161505,2022-11-30,train
161505,2022-12-31,train
161505,2023-01-31,train
161505,2023-02-28,train
161505,2023-03-31,train
161505,2023-04-30,train
161505,2023-05-31,train
161505,2023-06-30,train
161505,2023-07-31,train
161505,2023-08-31,train
161505,2023-09-30,train
161505,2023-10-31,train
161505,2023-11-30,train
161505,2023-12-31,train
161505,2024-01-31,train
161505,2024-02-29,train
161505,2024-03-31,train
161505,2024-04-30,train
161505,2024-05-31,train
161505,2024-06-30,train
161505,2024-07-31,train
161505,2024-08-31,train
161506,2021-07-31,train
161506,2021-08-31,train
161506,2021-09-30,train
161506,2021-10-31,train
161506,2021-11-30,train
161506,2021-12-31,train
161506,2022-01-31,train
161506,2022-02-28,train
161506,2022-03-31,train
161506,2022-04-30,train
161506,2022-05-31,train
161506,2022-06-30,train
161506,2022-07-31,train
161506,2022-08-31,train
161506,2022-09-30,train
161506,2022-10-31,train
161506,2022-11-30,train
161506,2022-12-31,train
161506,2023-01-31,train
161506,2023-02-28,train
161506,2023-03-31,train
161506,2023-04-30,train
161506,2023-05-31,train
161506,2023-06-30,train
161506,2023-07-31,train
161506,2023-08-31,train
161506,2023-09-30,train
161506,2023-10-31,train
161506,2023-11-30,train
161506,2023-12-31,train
161506,2024-01-31,train
161506,2024-02-29,train
161506,2024-03-31,train
161506,2024-04-30,train
161506,2024-05-31,train
161506,2024-06-30,train
161506,2024-07-31,train
161506,2024-08-31,train
161593,2021-07-31,train
161593,2021-08-31,train
161593,2021-09-30,train
161593,2021-10-31,train
161593,2021-11-30,train
161593,2021-12-31,train
161593,2022-01-31,train
161593,2022-02-28,train
161593,2022-03-31,train
161593,2022-04-30,train
161593,2022-05-31,train
161593,2022-06-30,train
161593,2022-07-31,train
161593,2022-08-31,train
161593,2022-09-30,train
161593,2022-10-31,train
161593,2022-11-30,train
161593,2022-12-31,train
161593,2023-01-31,train
161593,2023-02-28,train
161593,2023-03-31,train
161593,2023-04-30,train
161593,2023-05-31,train
161593,2023-06-30,train
161593,2023-07-31,train
161593,2023-08-31,train
161593,2023-09-30,train
161593,2023-10-31,train
161593,2023-11-30,train
161593,2023-12-31,train
161593,2024-01-31,train
161593,2024-02-29,train
161593,2024-03-31,train
161593,2024-04-30,train
161593,2024-05-31,train
161593,2024-06-30,train
161593,2024-07-31,train
161593,2024-08-31,train
161594,2022-10-31,train
161594,2022-11-30,train
161594,2022-12-31,train
161594,2023-01-31,train
161594,2023-02-28,train
161594,2023-03-31,train
161594,2023-04-30,train
161594,2023-05-31,train
161594,2023-06-30,train
161594,2023-07-31,train
161594,2023-08-31,train
161594,2023-09-30,train
161594,2023-10-31,train
161594,2023-11-30,train
161594,2023-12-31,train
161594,2024-01-31,train
161594,2024-02-29,train
161594,2024-03-31,train
161594,2024-04-30,train
161594,2024-05-31,train
161594,2024-06-30,train
161594,2024-07-31,train
161594,2024-08-31,train
161718,2021-07-31,train
161718,2021-08-31,train
161718,2021-09-30,train
161718,2021-10-31,train
161718,2021-11-30,train
161718,2021-12-31,train
161718,2022-01-31,train
161718,2022-02-28,train
161718,2022-03-31,train
161718,2022-04-30,train
161718,2022-05-31,train
161718,2022-06-30,train
161718,2022-07-31,train
161718,2022-08-31,train
161718,2022-09-30,train
161718,2022-10-31,train
161718,2022-11-30,train
161718,2022-12-31,train
161718,2023-01-31,train
161718,2023-02-28,train
161718,2023-03-31,train
161718,2023-04-30,train
161718,2023-05-31,train
161718,2023-06-30,train
161718,2023-07-31,train
161718,2023-08-31,train
161718,2023-09-30,train
161718,2023-10-31,train
161718,2023-11-30,train
161718,2023-12-31,train
161718,2024-01-31,train
161718,2024-02-29,train
161718,2024-03-31,train
161718,2024-04-30,train
161718,2024-05-31,train
161718,2024-06-30,train
161718,2024-07-31,train
161718,2024-08-31,train
162020,2021-07-31,train
162020,2021-08-31,train
162020,2021-09-30,train
162020,2021-10-31,train
162020,2021-11-30,train
162020,2021-12-31,train
162020,2022-01-31,train
162020,2022-02-28,train
162020,2022-03-31,train
162020,2022-04-30,train
162020,2022-05-31,train
162020,2022-06-30,train
162020,2022-07-31,train
162020,2022-08-31,train
162020,2022-09-30,train
162020,2022-10-31,train
162020,2022-11-30,train
162020,2022-12-31,train
162020,2023-01-31,train
162020,2023-02-28,train
162020,2023-03-31,train
162020,2023-04-30,train
162020,2023-05-31,train
162020,2023-06-30,train
162020,2023-07-31,train
162020,2023-08-31,train
162020,2023-09-30,train
162020,2023-10-31,train
162020,2023-11-30,train
162020,2023-12-31,train
162020,2024-01-31,train
162020,2024-02-29,train
162020,2024-03-31,train
162020,2024-04-30,train
162020,2024-05-31,train
162020,2024-06-30,train
162020,2024-07-31,train
162020,2024-08-31,train
162191,2021-09-30,train
162191,2021-10-31,train
162191,2021-11-30,train
162191,2021-12-31,train
162191,2022-01-31,train
162191,2022-02-28,train
162191,2022-03-31,train
162191,2022-04-30,train
162191,2022-05-31,train
162191,2022-06-30,train
162191,2022-07-31,train
162191,2022-08-31,train
162191,2022-09-30,train
162191,2022-10-31,train
162191,2022-11-30,train
162191,2022-12-31,train
162191,2023-01-31,train
162191,2023-02-28,train
162191,2023-03-31,train
162191,2023-04-30,train
162191,2023-05-31,train
162191,2023-06-30,train
162191,2023-07-31,train
162191,2023-08-31,train
162191,2023-09-30,train
162191,2023-10-31,train
162191,2023-11-30,train
162191,2023-12-31,train
162191,2024-01-31,train
162191,2024-02-29,train
162191,2024-03-31,train
162191,2024-04-30,train
162191,2024-05-31,train
162191,2024-06-30,train
162191,2024-07-31,train
162191,2024-08-31,train
162192,2021-09-30,train
162192,2021-10-31,train
162192,2021-11-30,train
162192,2021-12-31,train
162192,2022-01-31,train
162192,2022-02-28,train
162192,2022-03-31,train
162192,2022-04-30,train
162192,2022-05-31,train
162192,2022-06-30,train
162192,2022-07-31,train
162192,2022-08-31,train
162192,2022-09-30,train
162192,2022-10-31,train
162192,2022-11-30,train
162192,2022-12-31,train
162192,2023-01-31,train
162192,2023-02-28,train
162192,2023-03-31,train
162192,2023-04-30,train
162192,2023-05-31,train
162192,2023-06-30,train
162192,2023-07-31,train
162192,2023-08-31,train
162192,2023-09-30,train
162192,2023-10-31,train
162192,2023-11-30,train
162192,2023-12-31,train
162192,2024-01-31,train
162192,2024-02-29,train
162192,2024-03-31,train
162192,2024-04-30,train
162192,2024-05-31,train
162192,2024-06-30,train
162192,2024-07-31,train
162192,2024-08-31,train
162330,2021-11-30,train
162330,2021-12-31,train
162330,2022-01-31,train
162330,2022-02-28,train
162330,2022-03-31,train
162330,2022-04-30,train
162330,2022-05-31,train
162330,2022-06-30,train
162330,2022-07-31,train
162330,2022-08-31,train
162330,2022-09-30,train
162330,2022-10-31,train
162330,2022-11-30,train
162330,2022-12-31,train
162330,2023-01-31,train
162331,2021-11-30,train
162331,2021-12-31,train
162331,2022-01-31,train
162331,2022-02-28,train
162331,2022-03-31,train
162331,2022-04-30,train
162331,2022-05-31,train
162331,2022-06-30,train
162331,2022-07-31,train
162331,2022-08-31,train
162331,2022-09-30,train
162331,2022-10-31,train
162331,2022-11-30,train
162331,2022-12-31,train
162331,2023-01-31,train
163000,2024-02-29,train
163000,2024-03-31,train
163000,2024-04-30,train
163000,2024-05-31,train
163000,2024-06-30,train
163000,2024-07-31,train
163000,2024-08-31,train
8380,2025-01-31,test
8380,2025-02-28,test
8380,2025-03-31,test
8380,2025-04-30,test
8380,2025-05-31,test
8380,2025-06-30,test
8380,2025-07-31,test
8380,2025-08-31,test
8380,2025-09-30,test
8380,2025-10-31,test
8380,2025-11-30,test
8380,2025-12-31,test
8385,2025-01-31,test
8385,2025-02-28,test
8385,2025-03-31,test
8385,2025-04-30,test
8385,2025-05-31,test
8385,2025-06-30,test
8385,2025-07-31,test
8385,2025-08-31,test
8385,2025-09-30,test
8385,2025-10-31,test
8385,2025-11-30,test
8385,2025-12-31,test
8392,2025-01-31,test
8392,2025-02-28,test
8392,2025-03-31,test
8392,2025-04-30,test
8392,2025-05-31,test
8392,2025-06-30,test
8392,2025-07-31,test
8392,2025-08-31,test
8392,2025-09-30,test
8392,2025-10-31,test
8392,2025-11-30,test
8392,2025-12-31,test
8397,2025-01-31,test
8397,2025-02-28,test
8397,2025-03-31,test
8397,2025-04-30,test
8397,2025-05-31,test
8397,2025-06-30,test
8397,2025-07-31,test
8397,2025-08-31,test
8397,2025-09-30,test
8397,2025-10-31,test
8397,2025-11-30,test
8397,2025-12-31,test
8409,2025-01-31,test
8409,2025-02-28,test
8409,2025-03-31,test
8409,2025-04-30,test
8409,2025-05-31,test
8409,2025-06-30,test
8409,2025-07-31,test
8409,2025-08-31,test
8409,2025-09-30,test
8409,2025-10-31,test
8415,2025-01-31,test
8415,2025-02-28,test
8415,2025-03-31,test
8415,2025-04-30,test
8415,2025-05-31,test
8415,2025-06-30,test
8415,2025-07-31,test
8415,2025-08-31,test
8415,2025-09-30,test
8415,2025-10-31,test
8415,2025-11-30,test
8415,2025-12-31,test
10628,2025-01-31,test
10628,2025-02-28,test
10628,2025-03-31,test
10628,2025-04-30,test
39215,2025-01-31,test
39215,2025-02-28,test
39215,2025-03-31,test
39215,2025-04-30,test
39215,2025-05-31,test
39215,2025-06-30,test
39215,2025-07-31,test
39215,2025-08-31,test
39215,2025-09-30,test
39215,2025-10-31,test
39215,2025-11-30,test
39215,2025-12-31,test
39223,2025-01-31,test
39228,2025-01-31,test
39228,2025-02-28,test
39237,2025-01-31,test
39237,2025-02-28,test
39237,2025-03-31,test
64744,2025-01-31,test
64744,2025-02-28,test
64744,2025-03-31,test
64744,2025-04-30,test
64744,2025-05-31,test
64744,2025-06-30,test
64744,2025-07-31,test
64744,2025-08-31,test
64744,2025-09-30,test
64744,2025-10-31,test
64744,2025-11-30,test
64744,2025-12-31,test
64767,2025-01-31,test
64767,2025-02-28,test
64767,2025-03-31,test
64767,2025-04-30,test
64767,2025-05-31,test
64767,2025-06-30,test
64767,2025-07-31,test
64767,2025-08-31,test
64767,2025-09-30,test
64767,2025-10-31,test
64767,2025-11-30,test
64767,2025-12-31,test
64788,2025-01-31,test
64788,2025-02-28,test
64788,2025-03-31,test
64792,2025-01-31,test
64792,2025-02-28,test
64792,2025-03-31,test
64792,2025-04-30,test
64792,2025-05-31,test
64792,2025-06-30,test
64792,2025-07-31,test
64792,2025-08-31,test
64792,2025-09-30,test
64792,2025-10-31,test
64792,2025-11-30,test
64792,2025-12-31,test
65658,2025-01-31,test
65658,2025-02-28,test
65658,2025-03-31,test
65658,2025-04-30,test
65658,2025-05-31,test
65658,2025-06-30,test
65658,2025-07-31,test
65658,2025-08-31,test
65658,2025-09-30,test
65658,2025-10-31,test
65658,2025-11-30,test
65658,2025-12-31,test
68153,2025-01-31,test
68153,2025-02-28,test
68153,2025-03-31,test
68153,2025-04-30,test
68153,2025-05-31,test
68153,2025-06-30,test
68153,2025-07-31,test
68153,2025-08-31,test
68153,2025-09-30,test
68153,2025-10-31,test
68153,2025-11-30,test
68153,2025-12-31,test
68163,2025-01-31,test
68163,2025-02-28,test
68163,2025-03-31,test
68163,2025-04-30,test
68163,2025-05-31,test
68163,2025-06-30,test
68163,2025-07-31,test
68163,2025-08-31,test
68163,2025-09-30,test
68163,2025-10-31,test
68163,2025-11-30,test
68163,2025-12-31,test
68165,2025-01-31,test
68165,2025-02-28,test
68165,2025-03-31,test
68165,2025-04-30,test
68165,2025-05-31,test
68165,2025-06-30,test
68165,2025-07-31,test
68165,2025-08-31,test
68165,2025-09-30,test
68165,2025-10-31,test
68165,2025-11-30,test
68165,2025-12-31,test
68166,2025-01-31,test
68166,2025-02-28,test
68166,2025-03-31,test
68166,2025-04-30,test
68166,2025-05-31,test
68166,2025-06-30,test
68166,2025-07-31,test
68171,2025-01-31,test
68171,2025-02-28,test
68171,2025-03-31,test
68171,2025-04-30,test
68171,2025-05-31,test
68171,2025-06-30,test
68171,2025-07-31,test
68171,2025-08-31,test
68171,2025-09-30,test
68171,2025-10-31,test
68171,2025-11-30,test
68172,2025-02-28,test
68172,2025-03-31,test
68172,2025-04-30,test
68172,2025-05-31,test
68172,2025-06-30,test
68172,2025-07-31,test
68172,2025-08-31,test
68172,2025-09-30,test
68172,2025-10-31,test
68172,2025-11-30,test
68172,2025-12-31,test
69830,2025-01-31,test
69830,2025-02-28,test
69830,2025-03-31,test
69830,2025-04-30,test
69830,2025-05-31,test
69830,2025-06-30,test
69830,2025-07-31,test
69830,2025-08-31,test
69830,2025-09-30,test
69830,2025-10-31,test
69830,2025-11-30,test
69830,2025-12-31,test
69833,2025-01-31,test
69833,2025-02-28,test
69833,2025-03-31,test
69837,2025-01-31,test
69837,2025-02-28,test
69837,2025-03-31,test
69837,2025-04-30,test
69837,2025-05-31,test
69837,2025-06-30,test
69837,2025-07-31,test
69837,2025-08-31,test
69837,2025-09-30,test
69837,2025-10-31,test
69837,2025-11-30,test
69837,2025-12-31,test
69839,2025-01-31,test
69839,2025-02-28,test
69839,2025-03-31,test
69839,2025-04-30,test
69839,2025-05-31,test
69839,2025-06-30,test
69839,2025-07-31,test
69839,2025-08-31,test
69839,2025-09-30,test
69839,2025-10-31,test
69839,2025-11-30,test
69839,2025-12-31,test
69849,2025-01-31,test
69849,2025-02-28,test
69849,2025-03-31,test
69849,2025-04-30,test
69849,2025-05-31,test
69849,2025-06-30,test
69849,2025-07-31,test
69849,2025-08-31,test
69849,2025-09-30,test
69849,2025-10-31,test
69849,2025-11-30,test
69849,2025-12-31,test
69853,2025-01-31,test
69853,2025-02-28,test
69853,2025-03-31,test
69853,2025-04-30,test
69853,2025-05-31,test
69853,2025-06-30,test
69853,2025-07-31,test
69853,2025-08-31,test
69853,2025-09-30,test
69853,2025-10-31,test
69853,2025-11-30,test
69853,2025-12-31,test
69859,2025-01-31,test
69859,2025-02-28,test
69859,2025-03-31,test
69859,2025-04-30,test
69859,2025-05-31,test
69859,2025-06-30,test
69859,2025-07-31,test
69859,2025-08-31,test
69859,2025-09-30,test
69859,2025-10-31,test
69859,2025-11-30,test
69859,2025-12-31,test
69861,2025-01-31,test
69861,2025-02-28,test
69861,2025-03-31,test
69861,2025-04-30,test
69861,2025-05-31,test
69861,2025-06-30,test
69861,2025-07-31,test
69861,2025-08-31,test
69861,2025-09-30,test
69861,2025-10-31,test
69861,2025-11-30,test
69861,2025-12-31,test
69865,2025-01-31,test
69865,2025-02-28,test
69865,2025-03-31,test
69865,2025-04-30,test
69865,2025-05-31,test
69865,2025-06-30,test
69865,2025-07-31,test
69865,2025-08-31,test
69865,2025-09-30,test
69865,2025-10-31,test
69865,2025-11-30,test
69865,2025-12-31,test
69866,2025-01-31,test
69866,2025-02-28,test
69866,2025-03-31,test
69866,2025-04-30,test
69866,2025-05-31,test
69866,2025-06-30,test
69866,2025-07-31,test
69866,2025-08-31,test
69866,2025-09-30,test
69866,2025-10-31,test
69866,2025-11-30,test
69866,2025-12-31,test
69871,2025-01-31,test
69871,2025-02-28,test
69871,2025-03-31,test
69871,2025-04-30,test
69871,2025-05-31,test
69871,2025-06-30,test
69871,2025-07-31,test
69871,2025-08-31,test
69871,2025-09-30,test
69871,2025-10-31,test
69871,2025-11-30,test
69871,2025-12-31,test
69877,2025-01-31,test
69877,2025-02-28,test
69877,2025-03-31,test
69877,2025-04-30,test
69877,2025-05-31,test
69877,2025-06-30,test
69877,2025-07-31,test
69877,2025-08-31,test
69877,2025-09-30,test
69877,2025-10-31,test
69877,2025-11-30,test
69877,2025-12-31,test
69879,2025-01-31,test
69879,2025-02-28,test
69879,2025-03-31,test
69879,2025-04-30,test
69879,2025-05-31,test
69879,2025-06-30,test
69879,2025-07-31,test
69879,2025-08-31,test
69879,2025-09-30,test
69879,2025-10-31,test
69879,2025-11-30,test
69879,2025-12-31,test
69881,2025-01-31,test
69881,2025-02-28,test
69881,2025-03-31,test
69881,2025-04-30,test
69881,2025-05-31,test
69881,2025-06-30,test
69881,2025-07-31,test
69881,2025-08-31,test
69881,2025-09-30,test
69881,2025-10-31,test
69881,2025-11-30,test
69881,2025-12-31,test
69886,2025-01-31,test
69886,2025-02-28,test
69886,2025-03-31,test
69886,2025-04-30,test
69886,2025-05-31,test
69886,2025-06-30,test
69886,2025-07-31,test
69886,2025-08-31,test
69886,2025-09-30,test
69886,2025-10-31,test
69886,2025-11-30,test
69886,2025-12-31,test
69891,2025-01-31,test
69891,2025-02-28,test
69891,2025-03-31,test
69891,2025-04-30,test
69891,2025-05-31,test
69891,2025-06-30,test
69891,2025-07-31,test
69891,2025-08-31,test
69891,2025-09-30,test
69891,2025-10-31,test
69894,2025-01-31,test
69894,2025-02-28,test
69894,2025-03-31,test
69895,2025-01-31,test
69895,2025-02-28,test
69895,2025-03-31,test
69895,2025-04-30,test
69896,2025-01-31,test
69896,2025-02-28,test
69896,2025-03-31,test
69896,2025-04-30,test
69896,2025-05-31,test
69896,2025-06-30,test
69896,2025-07-31,test
69896,2025-08-31,test
69896,2025-09-30,test
69896,2025-10-31,test
69896,2025-11-30,test
69896,2025-12-31,test
69908,2025-01-31,test
69908,2025-02-28,test
69908,2025-03-31,test
69908,2025-04-30,test
69908,2025-05-31,test
69908,2025-06-30,test
69908,2025-07-31,test
69908,2025-08-31,test
69908,2025-09-30,test
69908,2025-10-31,test
69908,2025-11-30,test
69908,2025-12-31,test
69912,2025-01-31,test
69912,2025-02-28,test
69912,2025-03-31,test
69912,2025-04-30,test
69912,2025-05-31,test
69912,2025-06-30,test
69912,2025-07-31,test
69912,2025-08-31,test
69912,2025-09-30,test
69912,2025-10-31,test
69912,2025-11-30,test
69912,2025-12-31,test
69929,2025-01-31,test
69929,2025-02-28,test
69929,2025-03-31,test
69929,2025-04-30,test
69929,2025-05-31,test
69929,2025-06-30,test
69929,2025-07-31,test
69929,2025-08-31,test
69929,2025-09-30,test
69929,2025-10-31,test
69929,2025-11-30,test
69929,2025-12-31,test
69931,2025-01-31,test
69931,2025-02-28,test
69931,2025-03-31,test
69931,2025-04-30,test
69931,2025-05-31,test
69931,2025-06-30,test
69931,2025-07-31,test
69931,2025-08-31,test
69931,2025-09-30,test
69931,2025-10-31,test
69931,2025-11-30,test
69931,2025-12-31,test
69932,2025-01-31,test
69932,2025-02-28,test
69932,2025-03-31,test
69932,2025-04-30,test
69932,2025-05-31,test
69932,2025-06-30,test
69932,2025-07-31,test
69932,2025-08-31,test
69932,2025-09-30,test
69932,2025-10-31,test
69932,2025-11-30,test
69932,2025-12-31,test
69949,2025-01-31,test
69949,2025-02-28,test
69949,2025-03-31,test
69949,2025-04-30,test
69949,2025-05-31,test
69949,2025-06-30,test
69949,2025-07-31,test
69949,2025-08-31,test
69949,2025-09-30,test
69949,2025-10-31,test
69949,2025-11-30,test
69949,2025-12-31,test
69954,2025-01-31,test
69954,2025-02-28,test
69954,2025-03-31,test
69956,2025-01-31,test
69956,2025-02-28,test
69956,2025-03-31,test
69956,2025-04-30,test
69956,2025-05-31,test
69956,2025-06-30,test
69956,2025-07-31,test
69956,2025-08-31,test
69956,2025-09-30,test
69956,2025-10-31,test
69956,2025-11-30,test
69956,2025-12-31,test
70125,2025-01-31,test
70125,2025-02-28,test
70125,2025-03-31,test
70125,2025-04-30,test
70125,2025-05-31,test
70125,2025-06-30,test
70125,2025-07-31,test
70125,2025-08-31,test
70125,2025-09-30,test
70125,2025-10-31,test
70125,2025-11-30,test
70125,2025-12-31,test
70126,2025-01-31,test
70126,2025-02-28,test
70126,2025-03-31,test
70126,2025-04-30,test
70126,2025-05-31,test
70126,2025-06-30,test
70126,2025-07-31,test
70126,2025-08-31,test
70126,2025-09-30,test
70126,2025-10-31,test
70126,2025-11-30,test
70126,2025-12-31,test
70127,2025-01-31,test
70127,2025-02-28,test
70127,2025-03-31,test
70127,2025-04-30,test
70127,2025-05-31,test
70127,2025-06-30,test
70127,2025-07-31,test
70127,2025-08-31,test
70127,2025-09-30,test
70127,2025-10-31,test
70127,2025-11-30,test
70127,2025-12-31,test
75352,2025-01-31,test
75352,2025-02-28,test
75352,2025-03-31,test
75352,2025-04-30,test
75352,2025-05-31,test
75352,2025-06-30,test
75352,2025-07-31,test
75352,2025-08-31,test
75352,2025-09-30,test
75352,2025-10-31,test
75352,2025-11-30,test
75352,2025-12-31,test
75354,2025-01-31,test
75354,2025-02-28,test
75354,2025-03-31,test
75354,2025-04-30,test
75354,2025-05-31,test
75354,2025-06-30,test
75354,2025-07-31,test
75354,2025-08-31,test
75354,2025-09-30,test
75354,2025-10-31,test
75354,2025-11-30,test
75354,2025-12-31,test
75355,2025-01-31,test
75355,2025-02-28,test
75355,2025-03-31,test
75355,2025-04-30,test
75355,2025-05-31,test
75355,2025-06-30,test
75355,2025-07-31,test
75355,2025-08-31,test
75355,2025-09-30,test
75355,2025-10-31,test
75355,2025-11-30,test
75355,2025-12-31,test
75358,2025-01-31,test
75358,2025-02-28,test
75358,2025-03-31,test
75358,2025-04-30,test
75358,2025-05-31,test
75358,2025-06-30,test
75358,2025-07-31,test
75358,2025-08-31,test
75358,2025-09-30,test
75358,2025-10-31,test
75358,2025-11-30,test
75358,2025-12-31,test
75359,2025-01-31,test
75359,2025-02-28,test
75359,2025-03-31,test
75359,2025-04-30,test
75359,2025-05-31,test
75359,2025-06-30,test
75359,2025-07-31,test
75359,2025-08-31,test
75359,2025-09-30,test
75359,2025-10-31,test
75359,2025-11-30,test
75359,2025-12-31,test
75362,2025-01-31,test
75362,2025-02-28,test
75362,2025-03-31,test
75362,2025-04-30,test
75362,2025-05-31,test
75362,2025-06-30,test
75362,2025-07-31,test
75362,2025-08-31,test
75362,2025-09-30,test
75362,2025-10-31,test
75362,2025-11-30,test
75362,2025-12-31,test
75365,2025-01-31,test
75365,2025-02-28,test
75365,2025-03-31,test
75365,2025-04-30,test
75365,2025-05-31,test
75365,2025-06-30,test
75365,2025-07-31,test
75365,2025-08-31,test
75365,2025-09-30,test
75365,2025-10-31,test
75365,2025-11-30,test
75365,2025-12-31,test
75367,2025-01-31,test
75367,2025-02-28,test
75367,2025-03-31,test
75367,2025-04-30,test
75367,2025-05-31,test
75367,2025-06-30,test
75367,2025-07-31,test
75367,2025-08-31,test
75367,2025-09-30,test
75367,2025-10-31,test
75367,2025-11-30,test
75367,2025-12-31,test
75370,2025-01-31,test
75370,2025-02-28,test
75370,2025-03-31,test
75370,2025-04-30,test
75370,2025-05-31,test
75370,2025-06-30,test
75370,2025-07-31,test
75370,2025-08-31,test
75370,2025-09-30,test
75370,2025-10-31,test
75370,2025-11-30,test
75370,2025-12-31,test
75371,2025-01-31,test
75371,2025-02-28,test
75371,2025-03-31,test
75371,2025-04-30,test
75371,2025-05-31,test
75371,2025-06-30,test
75371,2025-07-31,test
75371,2025-08-31,test
75371,2025-09-30,test
75371,2025-10-31,test
75371,2025-11-30,test
75371,2025-12-31,test
75374,2025-01-31,test
75374,2025-02-28,test
75374,2025-03-31,test
75374,2025-04-30,test
75374,2025-05-31,test
75374,2025-06-30,test
75374,2025-07-31,test
75374,2025-08-31,test
75374,2025-09-30,test
75374,2025-10-31,test
75374,2025-11-30,test
75374,2025-12-31,test
75380,2025-01-31,test
75380,2025-02-28,test
75380,2025-03-31,test
75380,2025-04-30,test
75380,2025-05-31,test
75380,2025-06-30,test
75380,2025-07-31,test
75380,2025-08-31,test
75380,2025-09-30,test
75380,2025-10-31,test
75380,2025-11-30,test
75380,2025-12-31,test
75382,2025-01-31,test
75382,2025-02-28,test
75382,2025-03-31,test
75382,2025-04-30,test
75382,2025-05-31,test
75382,2025-06-30,test
75382,2025-07-31,test
75382,2025-08-31,test
75382,2025-09-30,test
75382,2025-10-31,test
75382,2025-11-30,test
75382,2025-12-31,test
75391,2025-01-31,test
75391,2025-02-28,test
75391,2025-03-31,test
75392,2025-01-31,test
75392,2025-02-28,test
75392,2025-03-31,test
75392,2025-04-30,test
75392,2025-05-31,test
75392,2025-06-30,test
75392,2025-07-31,test
75392,2025-08-31,test
75392,2025-09-30,test
75392,2025-10-31,test
75392,2025-11-30,test
75392,2025-12-31,test
75394,2025-01-31,test
75394,2025-02-28,test
75394,2025-03-31,test
75394,2025-04-30,test
75394,2025-05-31,test
75394,2025-06-30,test
75394,2025-07-31,test
75394,2025-08-31,test
75394,2025-09-30,test
75394,2025-10-31,test
75394,2025-11-30,test
75394,2025-12-31,test
75396,2025-01-31,test
75396,2025-02-28,test
75396,2025-03-31,test
75396,2025-04-30,test
75396,2025-05-31,test
75396,2025-06-30,test
75396,2025-07-31,test
75396,2025-08-31,test
75396,2025-09-30,test
75396,2025-10-31,test
75396,2025-11-30,test
75396,2025-12-31,test
75398,2025-01-31,test
75398,2025-02-28,test
75398,2025-03-31,test
75398,2025-04-30,test
75398,2025-05-31,test
75398,2025-06-30,test
75398,2025-07-31,test
75398,2025-08-31,test
75398,2025-09-30,test
75398,2025-10-31,test
75398,2025-11-30,test
75398,2025-12-31,test
75403,2025-01-31,test
75403,2025-02-28,test
75403,2025-03-31,test
75403,2025-04-30,test
75403,2025-05-31,test
75403,2025-06-30,test
75403,2025-07-31,test
75403,2025-08-31,test
75403,2025-09-30,test
75403,2025-10-31,test
75403,2025-11-30,test
75403,2025-12-31,test
75407,2025-01-31,test
75407,2025-02-28,test
75407,2025-03-31,test
75407,2025-04-30,test
75407,2025-05-31,test
75407,2025-06-30,test
75407,2025-07-31,test
75407,2025-08-31,test
75407,2025-09-30,test
75407,2025-10-31,test
75407,2025-11-30,test
75407,2025-12-31,test
75409,2025-01-31,test
75409,2025-02-28,test
75409,2025-03-31,test
75409,2025-04-30,test
75409,2025-05-31,test
75409,2025-06-30,test
75409,2025-07-31,test
75409,2025-08-31,test
75409,2025-09-30,test
75409,2025-10-31,test
75409,2025-11-30,test
75409,2025-12-31,test
75410,2025-01-31,test
75410,2025-02-28,test
75410,2025-03-31,test
75410,2025-04-30,test
75410,2025-05-31,test
75410,2025-06-30,test
75410,2025-07-31,test
75410,2025-08-31,test
75410,2025-09-30,test
75410,2025-10-31,test
75410,2025-11-30,test
75410,2025-12-31,test
75414,2025-01-31,test
75414,2025-02-28,test
75414,2025-03-31,test
75414,2025-04-30,test
75414,2025-05-31,test
75414,2025-06-30,test
75414,2025-07-31,test
75414,2025-08-31,test
75414,2025-09-30,test
75414,2025-10-31,test
75414,2025-11-30,test
75414,2025-12-31,test
75415,2025-01-31,test
75415,2025-02-28,test
75415,2025-03-31,test
75415,2025-04-30,test
75415,2025-05-31,test
75415,2025-06-30,test
75415,2025-07-31,test
75415,2025-08-31,test
75415,2025-09-30,test
75415,2025-10-31,test
75424,2025-01-31,test
75424,2025-02-28,test
75424,2025-03-31,test
75424,2025-04-30,test
75424,2025-05-31,test
75424,2025-06-30,test
75424,2025-07-31,test
75424,2025-08-31,test
75424,2025-09-30,test
75424,2025-10-31,test
75424,2025-11-30,test
75424,2025-12-31,test
75425,2025-01-31,test
75425,2025-02-28,test
75425,2025-03-31,test
75425,2025-04-30,test
75425,2025-05-31,test
75425,2025-06-30,test
75427,2025-01-31,test
75427,2025-02-28,test
75616,2025-01-31,test
75616,2025-02-28,test
75616,2025-03-31,test
75616,2025-04-30,test
75616,2025-05-31,test
75616,2025-06-30,test
75616,2025-07-31,test
75616,2025-08-31,test
75616,2025-09-30,test
75616,2025-10-31,test
75616,2025-11-30,test
75616,2025-12-31,test
75617,2025-01-31,test
75617,2025-02-28,test
75617,2025-03-31,test
75617,2025-04-30,test
75617,2025-05-31,test
75617,2025-06-30,test
75617,2025-07-31,test
75617,2025-08-31,test
75617,2025-09-30,test
75617,2025-10-31,test
75617,2025-11-30,test
75617,2025-12-31,test
75619,2025-01-31,test
75619,2025-02-28,test
75619,2025-03-31,test
75619,2025-04-30,test
75619,2025-05-31,test
75619,2025-06-30,test
75619,2025-07-31,test
75619,2025-08-31,test
75619,2025-09-30,test
75619,2025-10-31,test
75619,2025-11-30,test
75619,2025-12-31,test
119939,2025-01-31,test
119939,2025-02-28,test
119939,2025-03-31,test
119939,2025-04-30,test
119939,2025-05-31,test
119939,2025-06-30,test
119939,2025-07-31,test
119939,2025-08-31,test
119939,2025-09-30,test
119939,2025-10-31,test
119939,2025-11-30,test
119939,2025-12-31,test
122237,2025-01-31,test
122237,2025-02-28,test
122237,2025-03-31,test
122237,2025-04-30,test
122237,2025-05-31,test
122237,2025-06-30,test
122237,2025-07-31,test
122237,2025-08-31,test
122237,2025-09-30,test
122237,2025-10-31,test
122237,2025-11-30,test
122237,2025-12-31,test
122241,2025-01-31,test
122241,2025-02-28,test
122241,2025-03-31,test
122241,2025-04-30,test
122241,2025-05-31,test
122241,2025-06-30,test
122241,2025-07-31,test
122241,2025-08-31,test
122241,2025-09-30,test
122241,2025-10-31,test
122241,2025-11-30,test
122241,2025-12-31,test
122247,2025-01-31,test
122247,2025-02-28,test
122247,2025-03-31,test
122247,2025-04-30,test
122247,2025-05-31,test
122247,2025-06-30,test
122247,2025-07-31,test
122247,2025-08-31,test
122247,2025-09-30,test
122247,2025-10-31,test
122247,2025-11-30,test
122247,2025-12-31,test
122248,2025-01-31,test
122248,2025-02-28,test
122248,2025-03-31,test
122248,2025-04-30,test
122248,2025-05-31,test
122248,2025-06-30,test
122248,2025-07-31,test
122248,2025-08-31,test
122248,2025-09-30,test
122248,2025-10-31,test
122248,2025-11-30,test
122248,2025-12-31,test
122251,2025-01-31,test
122251,2025-02-28,test
122251,2025-03-31,test
122251,2025-04-30,test
122251,2025-05-31,test
122251,2025-06-30,test
122251,2025-07-31,test
122251,2025-08-31,test
122251,2025-09-30,test
122251,2025-10-31,test
122251,2025-11-30,test
122251,2025-12-31,test
122253,2025-01-31,test
122253,2025-02-28,test
122253,2025-03-31,test
122253,2025-04-30,test
122253,2025-05-31,test
122254,2025-01-31,test
122254,2025-02-28,test
122254,2025-03-31,test
122254,2025-04-30,test
122254,2025-05-31,test
122254,2025-06-30,test
122254,2025-07-31,test
122257,2025-01-31,test
122257,2025-02-28,test
122257,2025-03-31,test
122257,2025-04-30,test
122257,2025-05-31,test
122257,2025-06-30,test
122257,2025-07-31,test
122257,2025-08-31,test
122257,2025-09-30,test
122257,2025-10-31,test
122257,2025-11-30,test
122257,2025-12-31,test
122260,2025-01-31,test
122260,2025-02-28,test
122260,2025-03-31,test
122260,2025-04-30,test
122260,2025-05-31,test
122260,2025-06-30,test
122260,2025-07-31,test
122260,2025-08-31,test
122262,2025-01-31,test
122262,2025-02-28,test
122262,2025-03-31,test
122262,2025-04-30,test
122262,2025-05-31,test
122262,2025-06-30,test
122262,2025-07-31,test
122262,2025-08-31,test
122262,2025-09-30,test
122262,2025-10-31,test
122262,2025-11-30,test
122262,2025-12-31,test
122264,2025-01-31,test
122264,2025-02-28,test
122264,2025-03-31,test
122264,2025-04-30,test
122264,2025-05-31,test
122264,2025-06-30,test
122264,2025-07-31,test
122264,2025-08-31,test
122264,2025-09-30,test
122264,2025-10-31,test
122264,2025-11-30,test
122264,2025-12-31,test
122267,2025-01-31,test
122267,2025-02-28,test
122267,2025-03-31,test
122267,2025-04-30,test
122267,2025-05-31,test
122267,2025-06-30,test
122267,2025-07-31,test
122267,2025-08-31,test
122267,2025-09-30,test
122271,2025-01-31,test
122271,2025-02-28,test
122271,2025-03-31,test
122271,2025-04-30,test
122271,2025-05-31,test
122271,2025-06-30,test
122271,2025-07-31,test
122271,2025-08-31,test
122271,2025-09-30,test
122271,2025-10-31,test
122271,2025-11-30,test
122271,2025-12-31,test
122277,2025-01-31,test
122277,2025-02-28,test
122286,2025-01-31,test
122286,2025-02-28,test
122286,2025-03-31,test
122286,2025-04-30,test
122286,2025-05-31,test
122286,2025-06-30,test
122286,2025-07-31,test
122286,2025-08-31,test
122286,2025-09-30,test
122292,2025-01-31,test
122292,2025-02-28,test
122292,2025-03-31,test
122292,2025-04-30,test
122292,2025-05-31,test
122292,2025-06-30,test
122292,2025-07-31,test
122292,2025-08-31,test
122292,2025-09-30,test
122292,2025-10-31,test
122292,2025-11-30,test
122292,2025-12-31,test
122293,2025-01-31,test
122293,2025-02-28,test
122293,2025-03-31,test
122293,2025-04-30,test
122293,2025-05-31,test
122293,2025-06-30,test
122293,2025-07-31,test
122293,2025-08-31,test
122293,2025-09-30,test
122293,2025-10-31,test
122293,2025-11-30,test
122293,2025-12-31,test
122294,2025-01-31,test
122294,2025-02-28,test
122294,2025-03-31,test
122294,2025-04-30,test
122294,2025-05-31,test
122294,2025-06-30,test
122294,2025-07-31,test
122294,2025-08-31,test
122294,2025-09-30,test
122294,2025-10-31,test
122294,2025-11-30,test
122294,2025-12-31,test
122295,2025-01-31,test
122295,2025-02-28,test
122295,2025-03-31,test
122295,2025-04-30,test
122295,2025-05-31,test
122295,2025-06-30,test
122295,2025-07-31,test
122295,2025-08-31,test
122295,2025-09-30,test
122295,2025-10-31,test
122295,2025-11-30,test
122295,2025-12-31,test
122298,2025-01-31,test
122298,2025-02-28,test
122298,2025-03-31,test
122298,2025-04-30,test
122298,2025-05-31,test
122298,2025-06-30,test
122298,2025-07-31,test
122298,2025-08-31,test
122298,2025-09-30,test
122298,2025-10-31,test
122298,2025-11-30,test
122298,2025-12-31,test
122302,2025-01-31,test
122302,2025-02-28,test
122302,2025-03-31,test
122302,2025-04-30,test
122302,2025-05-31,test
122302,2025-06-30,test
122302,2025-07-31,test
122302,2025-08-31,test
122302,2025-09-30,test
122302,2025-10-31,test
122302,2025-11-30,test
122302,2025-12-31,test
122310,2025-01-31,test
122310,2025-02-28,test
122310,2025-03-31,test
122310,2025-04-30,test
122310,2025-05-31,test
122310,2025-06-30,test
122310,2025-07-31,test
122310,2025-08-31,test
122310,2025-09-30,test
122310,2025-10-31,test
122310,2025-11-30,test
122310,2025-12-31,test
122315,2025-01-31,test
122315,2025-02-28,test
122315,2025-03-31,test
122315,2025-04-30,test
122315,2025-05-31,test
122315,2025-06-30,test
122315,2025-07-31,test
122315,2025-08-31,test
122315,2025-09-30,test
122315,2025-10-31,test
122315,2025-11-30,test
122315,2025-12-31,test
122323,2025-01-31,test
122323,2025-02-28,test
122323,2025-03-31,test
122323,2025-04-30,test
122323,2025-05-31,test
122323,2025-06-30,test
122323,2025-07-31,test
122323,2025-08-31,test
122323,2025-09-30,test
122323,2025-10-31,test
122323,2025-11-30,test
122323,2025-12-31,test
122325,2025-01-31,test
122325,2025-02-28,test
122325,2025-03-31,test
122325,2025-04-30,test
122325,2025-05-31,test
122325,2025-06-30,test
122325,2025-07-31,test
122336,2025-01-31,test
122336,2025-02-28,test
122336,2025-03-31,test
122336,2025-04-30,test
122336,2025-05-31,test
122336,2025-06-30,test
122347,2025-01-31,test
122347,2025-02-28,test
122347,2025-03-31,test
122347,2025-04-30,test
122347,2025-05-31,test
122347,2025-06-30,test
122347,2025-07-31,test
122347,2025-08-31,test
122347,2025-09-30,test
122347,2025-10-31,test
122347,2025-11-30,test
122347,2025-12-31,test
122355,2025-01-31,test
122355,2025-02-28,test
122355,2025-03-31,test
122355,2025-04-30,test
122355,2025-05-31,test
122355,2025-06-30,test
122355,2025-07-31,test
122355,2025-08-31,test
122355,2025-09-30,test
122355,2025-10-31,test
122355,2025-11-30,test
122355,2025-12-31,test
122360,2025-01-31,test
122360,2025-02-28,test
122360,2025-03-31,test
122360,2025-04-30,test
122360,2025-05-31,test
122360,2025-06-30,test
122360,2025-07-31,test
122360,2025-08-31,test
122360,2025-09-30,test
122360,2025-10-31,test
122360,2025-11-30,test
122360,2025-12-31,test
122361,2025-01-31,test
122361,2025-02-28,test
122361,2025-03-31,test
122361,2025-04-30,test
122361,2025-05-31,test
122361,2025-06-30,test
122361,2025-07-31,test
122361,2025-08-31,test
122361,2025-09-30,test
122361,2025-10-31,test
122361,2025-11-30,test
122361,2025-12-31,test
122366,2025-01-31,test
122366,2025-02-28,test
122366,2025-03-31,test
122366,2025-04-30,test
122366,2025-05-31,test
122366,2025-06-30,test
122366,2025-07-31,test
122366,2025-08-31,test
122366,2025-09-30,test
122366,2025-10-31,test
122366,2025-11-30,test
122366,2025-12-31,test
122367,2025-01-31,test
122367,2025-02-28,test
122367,2025-03-31,test
122367,2025-04-30,test
122367,2025-05-31,test
122367,2025-06-30,test
122367,2025-07-31,test
122367,2025-08-31,test
122367,2025-09-30,test
122367,2025-10-31,test
122367,2025-11-30,test
122367,2025-12-31,test
122368,2025-01-31,test
122368,2025-02-28,test
122368,2025-03-31,test
122368,2025-04-30,test
122368,2025-05-31,test
122368,2025-06-30,test
122368,2025-07-31,test
122368,2025-08-31,test
122368,2025-09-30,test
122368,2025-10-31,test
122368,2025-11-30,test
122368,2025-12-31,test
122379,2025-01-31,test
122379,2025-02-28,test
122379,2025-03-31,test
122379,2025-04-30,test
122382,2025-01-31,test
122382,2025-02-28,test
122382,2025-03-31,test
122382,2025-04-30,test
122382,2025-05-31,test
122382,2025-06-30,test
122382,2025-07-31,test
122382,2025-08-31,test
122382,2025-09-30,test
122382,2025-10-31,test
122382,2025-11-30,test
122382,2025-12-31,test
122386,2025-01-31,test
122386,2025-02-28,test
122386,2025-03-31,test
122386,2025-04-30,test
122386,2025-05-31,test
122386,2025-06-30,test
122387,2025-01-31,test
122387,2025-02-28,test
122387,2025-03-31,test
122387,2025-04-30,test
122387,2025-05-31,test
122387,2025-06-30,test
122394,2025-01-31,test
122394,2025-02-28,test
122394,2025-03-31,test
122394,2025-04-30,test
122394,2025-05-31,test
122394,2025-06-30,test
122394,2025-07-31,test
122394,2025-08-31,test
122394,2025-09-30,test
122394,2025-10-31,test
122394,2025-11-30,test
122398,2025-01-31,test
122398,2025-02-28,test
122398,2025-03-31,test
122398,2025-04-30,test
122398,2025-05-31,test
122398,2025-06-30,test
122398,2025-07-31,test
122398,2025-08-31,test
122398,2025-09-30,test
122398,2025-10-31,test
122398,2025-11-30,test
122398,2025-12-31,test
122410,2025-01-31,test
122410,2025-02-28,test
122410,2025-03-31,test
122410,2025-04-30,test
122410,2025-05-31,test
122410,2025-06-30,test
122410,2025-07-31,test
122410,2025-08-31,test
122410,2025-09-30,test
122410,2025-10-31,test
122410,2025-11-30,test
122410,2025-12-31,test
122415,2025-01-31,test
122415,2025-02-28,test
122415,2025-03-31,test
122415,2025-04-30,test
122415,2025-05-31,test
122415,2025-06-30,test
122415,2025-07-31,test
122423,2025-01-31,test
122423,2025-02-28,test
122423,2025-03-31,test
122423,2025-04-30,test
122423,2025-05-31,test
122423,2025-06-30,test
122423,2025-07-31,test
122423,2025-08-31,test
122423,2025-09-30,test
122423,2025-10-31,test
122423,2025-11-30,test
122423,2025-12-31,test
122432,2025-01-31,test
122432,2025-02-28,test
122432,2025-03-31,test
122432,2025-04-30,test
122432,2025-05-31,test
122432,2025-06-30,test
122432,2025-07-31,test
122432,2025-08-31,test
122432,2025-09-30,test
122432,2025-10-31,test
122432,2025-11-30,test
122432,2025-12-31,test
122433,2025-01-31,test
122433,2025-02-28,test
122433,2025-03-31,test
122433,2025-04-30,test
122433,2025-05-31,test
122433,2025-06-30,test
122433,2025-07-31,test
122433,2025-08-31,test
122433,2025-09-30,test
122433,2025-10-31,test
122433,2025-11-30,test
122433,2025-12-31,test
122434,2025-01-31,test
122434,2025-02-28,test
122434,2025-03-31,test
122434,2025-04-30,test
122434,2025-05-31,test
122434,2025-06-30,test
122434,2025-07-31,test
122434,2025-08-31,test
122434,2025-09-30,test
122434,2025-10-31,test
122434,2025-11-30,test
122434,2025-12-31,test
122435,2025-01-31,test
122435,2025-02-28,test
122435,2025-03-31,test
122435,2025-04-30,test
122435,2025-05-31,test
122435,2025-06-30,test
122435,2025-07-31,test
122435,2025-08-31,test
122435,2025-09-30,test
122435,2025-10-31,test
122435,2025-11-30,test
122435,2025-12-31,test
122436,2025-01-31,test
122436,2025-02-28,test
122436,2025-03-31,test
122436,2025-04-30,test
122436,2025-05-31,test
122436,2025-06-30,test
122436,2025-07-31,test
122436,2025-08-31,test
122436,2025-09-30,test
122436,2025-10-31,test
122436,2025-11-30,test
122436,2025-12-31,test
122440,2025-01-31,test
122440,2025-02-28,test
122440,2025-03-31,test
122440,2025-04-30,test
122440,2025-05-31,test
122440,2025-06-30,test
122440,2025-07-31,test
122440,2025-08-31,test
122440,2025-09-30,test
122440,2025-10-31,test
122440,2025-11-30,test
122440,2025-12-31,test
122470,2025-01-31,test
122470,2025-02-28,test
122470,2025-03-31,test
122470,2025-04-30,test
122470,2025-05-31,test
122470,2025-06-30,test
122470,2025-07-31,test
122470,2025-08-31,test
122470,2025-09-30,test
122470,2025-10-31,test
122470,2025-11-30,test
122470,2025-12-31,test
122489,2025-01-31,test
122489,2025-02-28,test
122489,2025-03-31,test
122489,2025-04-30,test
122489,2025-05-31,test
122489,2025-06-30,test
122489,2025-07-31,test
122489,2025-08-31,test
122489,2025-09-30,test
122489,2025-10-31,test
122489,2025-11-30,test
122489,2025-12-31,test
122555,2025-01-31,test
122555,2025-02-28,test
122555,2025-03-31,test
122555,2025-04-30,test
122555,2025-05-31,test
122555,2025-06-30,test
122556,2025-01-31,test
122556,2025-02-28,test
122556,2025-03-31,test
122556,2025-04-30,test
122556,2025-05-31,test
122556,2025-06-30,test
122567,2025-01-31,test
122567,2025-02-28,test
122567,2025-03-31,test
122567,2025-04-30,test
122567,2025-05-31,test
122567,2025-06-30,test
122567,2025-07-31,test
122567,2025-08-31,test
122567,2025-09-30,test
122567,2025-10-31,test
122567,2025-11-30,test
122567,2025-12-31,test
122593,2025-01-31,test
122593,2025-02-28,test
122593,2025-03-31,test
122593,2025-04-30,test
122593,2025-05-31,test
122593,2025-06-30,test
122593,2025-07-31,test
122593,2025-08-31,test
122593,2025-09-30,test
122593,2025-10-31,test
122593,2025-11-30,test
122593,2025-12-31,test
122594,2025-01-31,test
122594,2025-02-28,test
122594,2025-03-31,test
122594,2025-04-30,test
122594,2025-05-31,test
122594,2025-06-30,test
122594,2025-07-31,test
122594,2025-08-31,test
122594,2025-09-30,test
122594,2025-10-31,test
122594,2025-11-30,test
122594,2025-12-31,test
122602,2025-01-31,test
122602,2025-02-28,test
122602,2025-03-31,test
122602,2025-04-30,test
122602,2025-05-31,test
122602,2025-06-30,test
122602,2025-07-31,test
122602,2025-08-31,test
122602,2025-09-30,test
122602,2025-10-31,test
122602,2025-11-30,test
122602,2025-12-31,test
122603,2025-01-31,test
122603,2025-02-28,test
122603,2025-03-31,test
122603,2025-04-30,test
122603,2025-05-31,test
122603,2025-06-30,test
122603,2025-07-31,test
122603,2025-08-31,test
122603,2025-09-30,test
122603,2025-10-31,test
122603,2025-11-30,test
122603,2025-12-31,test
122604,2025-01-31,test
122604,2025-02-28,test
122604,2025-03-31,test
122604,2025-04-30,test
122604,2025-05-31,test
122604,2025-06-30,test
122604,2025-07-31,test
122604,2025-08-31,test
122604,2025-09-30,test
122604,2025-10-31,test
122604,2025-11-30,test
122604,2025-12-31,test
122621,2025-01-31,test
122621,2025-02-28,test
122621,2025-03-31,test
122621,2025-04-30,test
122621,2025-05-31,test
122621,2025-06-30,test
122621,2025-07-31,test
122621,2025-08-31,test
122621,2025-09-30,test
122621,2025-10-31,test
122621,2025-11-30,test
122621,2025-12-31,test
122627,2025-01-31,test
122627,2025-02-28,test
122627,2025-03-31,test
122627,2025-04-30,test
122627,2025-05-31,test
122627,2025-06-30,test
122627,2025-07-31,test
122627,2025-08-31,test
122627,2025-09-30,test
122627,2025-10-31,test
122627,2025-11-30,test
122627,2025-12-31,test
122628,2025-01-31,test
122628,2025-02-28,test
122628,2025-03-31,test
122628,2025-04-30,test
122628,2025-05-31,test
122628,2025-06-30,test
122628,2025-07-31,test
122628,2025-08-31,test
122628,2025-09-30,test
122628,2025-10-31,test
122628,2025-11-30,test
122628,2025-12-31,test
122629,2025-01-31,test
122629,2025-02-28,test
122629,2025-03-31,test
122629,2025-04-30,test
122629,2025-05-31,test
122629,2025-06-30,test
122629,2025-07-31,test
122629,2025-08-31,test
122629,2025-09-30,test
122629,2025-10-31,test
122629,2025-11-30,test
122629,2025-12-31,test
122630,2025-01-31,test
122630,2025-02-28,test
122630,2025-03-31,test
122630,2025-04-30,test
122630,2025-05-31,test
122630,2025-06-30,test
122630,2025-07-31,test
122630,2025-08-31,test
122630,2025-09-30,test
122630,2025-10-31,test
122630,2025-11-30,test
122630,2025-12-31,test
122643,2025-01-31,test
122643,2025-02-28,test
122643,2025-03-31,test
122643,2025-04-30,test
122643,2025-05-31,test
122643,2025-06-30,test
122643,2025-07-31,test
122643,2025-08-31,test
122643,2025-09-30,test
122654,2025-01-31,test
122654,2025-02-28,test
122654,2025-03-31,test
122654,2025-04-30,test
122654,2025-05-31,test
122654,2025-06-30,test
122654,2025-07-31,test
122654,2025-08-31,test
122654,2025-09-30,test
122654,2025-10-31,test
122654,2025-11-30,test
122654,2025-12-31,test
122655,2025-01-31,test
122655,2025-02-28,test
122655,2025-03-31,test
122655,2025-04-30,test
122655,2025-05-31,test
122655,2025-06-30,test
122655,2025-07-31,test
122655,2025-08-31,test
122655,2025-09-30,test
122655,2025-10-31,test
122655,2025-11-30,test
122655,2025-12-31,test
122657,2025-01-31,test
122657,2025-02-28,test
122657,2025-03-31,test
122657,2025-04-30,test
122657,2025-05-31,test
122657,2025-06-30,test
122657,2025-07-31,test
122657,2025-08-31,test
122657,2025-09-30,test
122657,2025-10-31,test
122657,2025-11-30,test
122657,2025-12-31,test
122660,2025-01-31,test
122660,2025-02-28,test
122660,2025-03-31,test
122660,2025-04-30,test
122660,2025-05-31,test
122660,2025-06-30,test
122660,2025-07-31,test
122660,2025-08-31,test
122660,2025-09-30,test
122660,2025-10-31,test
122660,2025-11-30,test
122660,2025-12-31,test
122661,2025-01-31,test
122666,2025-01-31,test
122666,2025-02-28,test
122666,2025-03-31,test
122666,2025-04-30,test
122666,2025-05-31,test
122666,2025-06-30,test
122666,2025-07-31,test
122666,2025-08-31,test
122666,2025-09-30,test
122666,2025-10-31,test
122666,2025-11-30,test
122666,2025-12-31,test
122676,2025-01-31,test
122676,2025-02-28,test
122676,2025-03-31,test
122676,2025-04-30,test
122676,2025-05-31,test
122676,2025-06-30,test
122676,2025-07-31,test
122676,2025-08-31,test
122676,2025-09-30,test
122676,2025-10-31,test
122676,2025-11-30,test
122676,2025-12-31,test
122680,2025-01-31,test
122680,2025-02-28,test
122680,2025-03-31,test
122680,2025-04-30,test
122680,2025-05-31,test
122680,2025-06-30,test
122680,2025-07-31,test
122680,2025-08-31,test
122680,2025-09-30,test
122680,2025-10-31,test
122680,2025-11-30,test
122680,2025-12-31,test
122684,2025-01-31,test
122684,2025-02-28,test
122684,2025-03-31,test
122684,2025-04-30,test
122684,2025-05-31,test
122684,2025-06-30,test
122684,2025-07-31,test
122684,2025-08-31,test
122684,2025-09-30,test
122684,2025-10-31,test
122684,2025-11-30,test
122684,2025-12-31,test
122685,2025-01-31,test
122685,2025-02-28,test
122685,2025-03-31,test
122685,2025-04-30,test
122685,2025-05-31,test
122685,2025-06-30,test
122685,2025-07-31,test
122685,2025-08-31,test
122685,2025-09-30,test
122685,2025-10-31,test
122685,2025-11-30,test
122685,2025-12-31,test
122697,2025-01-31,test
122697,2025-02-28,test
122697,2025-03-31,test
122697,2025-04-30,test
122697,2025-05-31,test
122697,2025-06-30,test
122697,2025-07-31,test
122697,2025-08-31,test
122700,2025-01-31,test
122700,2025-02-28,test
122700,2025-03-31,test
122700,2025-04-30,test
122700,2025-05-31,test
122700,2025-06-30,test
122700,2025-07-31,test
122700,2025-08-31,test
122700,2025-09-30,test
122700,2025-10-31,test
122700,2025-11-30,test
122700,2025-12-31,test
122707,2025-01-31,test
122707,2025-02-28,test
122707,2025-03-31,test
122707,2025-04-30,test
122707,2025-05-31,test
122707,2025-06-30,test
122707,2025-07-31,test
122707,2025-08-31,test
122707,2025-09-30,test
122707,2025-10-31,test
122707,2025-11-30,test
122707,2025-12-31,test
122710,2025-01-31,test
122710,2025-02-28,test
122710,2025-03-31,test
122710,2025-04-30,test
122710,2025-05-31,test
122710,2025-06-30,test
122710,2025-07-31,test
122710,2025-08-31,test
122710,2025-09-30,test
122710,2025-10-31,test
122710,2025-11-30,test
122714,2025-01-31,test
122714,2025-02-28,test
122714,2025-03-31,test
122714,2025-04-30,test
122716,2025-01-31,test
122716,2025-02-28,test
122716,2025-03-31,test
122716,2025-04-30,test
122716,2025-05-31,test
122716,2025-06-30,test
122717,2025-01-31,test
122717,2025-02-28,test
122717,2025-03-31,test
122717,2025-04-30,test
122717,2025-05-31,test
122717,2025-06-30,test
122717,2025-07-31,test
122717,2025-08-31,test
122717,2025-09-30,test
122717,2025-10-31,test
122717,2025-11-30,test
122717,2025-12-31,test
122718,2025-01-31,test
122718,2025-02-28,test
122718,2025-03-31,test
122718,2025-04-30,test
122721,2025-01-31,test
122721,2025-02-28,test
122721,2025-03-31,test
122721,2025-04-30,test
122721,2025-05-31,test
122721,2025-06-30,test
122721,2025-07-31,test
122721,2025-08-31,test
122721,2025-09-30,test
122721,2025-10-31,test
122721,2025-11-30,test
122724,2025-01-31,test
122724,2025-02-28,test
122724,2025-03-31,test
122724,2025-04-30,test
122724,2025-05-31,test
122724,2025-06-30,test
122724,2025-07-31,test
122724,2025-08-31,test
122724,2025-09-30,test
122724,2025-10-31,test
122724,2025-11-30,test
122724,2025-12-31,test
122725,2025-01-31,test
122725,2025-02-28,test
122725,2025-03-31,test
122726,2025-01-31,test
122726,2025-02-28,test
122726,2025-03-31,test
122726,2025-04-30,test
122726,2025-05-31,test
122726,2025-06-30,test
122726,2025-07-31,test
122726,2025-08-31,test
122726,2025-09-30,test
122726,2025-10-31,test
122726,2025-11-30,test
122726,2025-12-31,test
122727,2025-01-31,test
122727,2025-02-28,test
122727,2025-03-31,test
122727,2025-04-30,test
122727,2025-05-31,test
122727,2025-06-30,test
122727,2025-07-31,test
122727,2025-08-31,test
122727,2025-09-30,test
122727,2025-10-31,test
122727,2025-11-30,test
122727,2025-12-31,test
122732,2025-01-31,test
122732,2025-02-28,test
122732,2025-03-31,test
122732,2025-04-30,test
122732,2025-05-31,test
122732,2025-06-30,test
122732,2025-07-31,test
122732,2025-08-31,test
122732,2025-09-30,test
122732,2025-10-31,test
122732,2025-11-30,test
122732,2025-12-31,test
122734,2025-01-31,test
122734,2025-02-28,test
122734,2025-03-31,test
122734,2025-04-30,test
122734,2025-05-31,test
122734,2025-06-30,test
122734,2025-07-31,test
122734,2025-08-31,test
122734,2025-09-30,test
122734,2025-10-31,test
122734,2025-11-30,test
122734,2025-12-31,test
122736,2025-01-31,test
122736,2025-02-28,test
122736,2025-03-31,test
122736,2025-04-30,test
122736,2025-05-31,test
122736,2025-06-30,test
122736,2025-07-31,test
122736,2025-08-31,test
122736,2025-09-30,test
122736,2025-10-31,test
122736,2025-11-30,test
122736,2025-12-31,test
122737,2025-01-31,test
122737,2025-02-28,test
122737,2025-03-31,test
122737,2025-04-30,test
122737,2025-05-31,test
122737,2025-06-30,test
122737,2025-07-31,test
122743,2025-01-31,test
122743,2025-02-28,test
122743,2025-03-31,test
122743,2025-04-30,test
122743,2025-05-31,test
122743,2025-06-30,test
122743,2025-07-31,test
122743,2025-08-31,test
122743,2025-09-30,test
122743,2025-10-31,test
122743,2025-11-30,test
122743,2025-12-31,test
122744,2025-01-31,test
122744,2025-02-28,test
122744,2025-03-31,test
122744,2025-04-30,test
122744,2025-05-31,test
122744,2025-06-30,test
122744,2025-07-31,test
122744,2025-08-31,test
122744,2025-09-30,test
122744,2025-10-31,test
122744,2025-11-30,test
122744,2025-12-31,test
122746,2025-01-31,test
122746,2025-02-28,test
122746,2025-03-31,test
122746,2025-04-30,test
122746,2025-05-31,test
122746,2025-06-30,test
122746,2025-07-31,test
122746,2025-08-31,test
122746,2025-09-30,test
122746,2025-10-31,test
122746,2025-11-30,test
122746,2025-12-31,test
122761,2025-01-31,test
122761,2025-02-28,test
122761,2025-03-31,test
122761,2025-04-30,test
122761,2025-05-31,test
122761,2025-06-30,test
122761,2025-07-31,test
122761,2025-08-31,test
122761,2025-09-30,test
122761,2025-10-31,test
122761,2025-11-30,test
122761,2025-12-31,test
122764,2025-01-31,test
122764,2025-02-28,test
122764,2025-03-31,test
122764,2025-04-30,test
122764,2025-05-31,test
122764,2025-06-30,test
122764,2025-07-31,test
122764,2025-08-31,test
122764,2025-09-30,test
122764,2025-10-31,test
122764,2025-11-30,test
122764,2025-12-31,test
122766,2025-01-31,test
122766,2025-02-28,test
122766,2025-03-31,test
122766,2025-04-30,test
122766,2025-05-31,test
122766,2025-06-30,test
122766,2025-07-31,test
122766,2025-08-31,test
122766,2025-09-30,test
122766,2025-10-31,test
122766,2025-11-30,test
122766,2025-12-31,test
122771,2025-01-31,test
122771,2025-02-28,test
122771,2025-03-31,test
122771,2025-04-30,test
122771,2025-05-31,test
122771,2025-06-30,test
122771,2025-07-31,test
122771,2025-08-31,test
122771,2025-09-30,test
122771,2025-10-31,test
122771,2025-11-30,test
122771,2025-12-31,test
122772,2025-01-31,test
122772,2025-02-28,test
122772,2025-03-31,test
122772,2025-04-30,test
122772,2025-05-31,test
122772,2025-06-30,test
122772,2025-07-31,test
122772,2025-08-31,test
122772,2025-09-30,test
122772,2025-10-31,test
122772,2025-11-30,test
122772,2025-12-31,test
122773,2025-01-31,test
122773,2025-02-28,test
122773,2025-03-31,test
122773,2025-04-30,test
122773,2025-05-31,test
122773,2025-06-30,test
122773,2025-07-31,test
122773,2025-08-31,test
122773,2025-09-30,test
122773,2025-10-31,test
122773,2025-11-30,test
122773,2025-12-31,test
122776,2025-01-31,test
122776,2025-02-28,test
122776,2025-03-31,test
122776,2025-04-30,test
122776,2025-05-31,test
122776,2025-06-30,test
122776,2025-07-31,test
122776,2025-08-31,test
122776,2025-09-30,test
122776,2025-10-31,test
122776,2025-11-30,test
122776,2025-12-31,test
122777,2025-01-31,test
122777,2025-02-28,test
122777,2025-03-31,test
122777,2025-04-30,test
122777,2025-05-31,test
122777,2025-06-30,test
122777,2025-07-31,test
122777,2025-08-31,test
122777,2025-09-30,test
122777,2025-10-31,test
122777,2025-11-30,test
122777,2025-12-31,test
122778,2025-01-31,test
122778,2025-02-28,test
122778,2025-03-31,test
122778,2025-04-30,test
122778,2025-05-31,test
122778,2025-06-30,test
122778,2025-07-31,test
122778,2025-08-31,test
122778,2025-09-30,test
122778,2025-10-31,test
122778,2025-11-30,test
122778,2025-12-31,test
122781,2025-01-31,test
122781,2025-02-28,test
122781,2025-03-31,test
122781,2025-04-30,test
122781,2025-05-31,test
122781,2025-06-30,test
122781,2025-07-31,test
122781,2025-08-31,test
122781,2025-09-30,test
122781,2025-10-31,test
122781,2025-11-30,test
122781,2025-12-31,test
122782,2025-01-31,test
122782,2025-02-28,test
122782,2025-03-31,test
122782,2025-04-30,test
122782,2025-05-31,test
122782,2025-06-30,test
122782,2025-07-31,test
122782,2025-08-31,test
122782,2025-09-30,test
122782,2025-10-31,test
122782,2025-11-30,test
122782,2025-12-31,test
122783,2025-01-31,test
122783,2025-02-28,test
122783,2025-03-31,test
122783,2025-04-30,test
122783,2025-05-31,test
122783,2025-06-30,test
122783,2025-07-31,test
122783,2025-08-31,test
122783,2025-09-30,test
122783,2025-10-31,test
122783,2025-11-30,test
122783,2025-12-31,test
122784,2025-01-31,test
122784,2025-02-28,test
122784,2025-03-31,test
122784,2025-04-30,test
122784,2025-05-31,test
122784,2025-06-30,test
122784,2025-07-31,test
122784,2025-08-31,test
122784,2025-09-30,test
122784,2025-10-31,test
122784,2025-11-30,test
122784,2025-12-31,test
122788,2025-01-31,test
122788,2025-02-28,test
122788,2025-03-31,test
122788,2025-04-30,test
122788,2025-05-31,test
122788,2025-06-30,test
122788,2025-07-31,test
122788,2025-08-31,test
122788,2025-09-30,test
122788,2025-10-31,test
122788,2025-11-30,test
122788,2025-12-31,test
122790,2025-01-31,test
122790,2025-02-28,test
122790,2025-03-31,test
122790,2025-04-30,test
122790,2025-05-31,test
122790,2025-06-30,test
122790,2025-07-31,test
122790,2025-08-31,test
122792,2025-01-31,test
122792,2025-02-28,test
122792,2025-03-31,test
122792,2025-04-30,test
122792,2025-05-31,test
122792,2025-06-30,test
122792,2025-07-31,test
122792,2025-08-31,test
122792,2025-09-30,test
122792,2025-10-31,test
122792,2025-11-30,test
122792,2025-12-31,test
122799,2025-01-31,test
122799,2025-02-28,test
122799,2025-03-31,test
122799,2025-04-30,test
122799,2025-05-31,test
122799,2025-06-30,test
122799,2025-07-31,test
122799,2025-08-31,test
122799,2025-09-30,test
122799,2025-10-31,test
122799,2025-11-30,test
122799,2025-12-31,test
122802,2025-01-31,test
122802,2025-02-28,test
122802,2025-03-31,test
122802,2025-04-30,test
122802,2025-05-31,test
122802,2025-06-30,test
122802,2025-07-31,test
122802,2025-08-31,test
122802,2025-09-30,test
122802,2025-10-31,test
122802,2025-11-30,test
122802,2025-12-31,test
122803,2025-01-31,test
122803,2025-02-28,test
122803,2025-03-31,test
122803,2025-04-30,test
122806,2025-01-31,test
122806,2025-02-28,test
122806,2025-03-31,test
122806,2025-04-30,test
122806,2025-05-31,test
122806,2025-06-30,test
122806,2025-07-31,test
122806,2025-08-31,test
122806,2025-09-30,test
122806,2025-10-31,test
122806,2025-11-30,test
122806,2025-12-31,test
122808,2025-01-31,test
122808,2025-02-28,test
122808,2025-03-31,test
122808,2025-04-30,test
122808,2025-05-31,test
122808,2025-06-30,test
122808,2025-07-31,test
122808,2025-08-31,test
122808,2025-09-30,test
122808,2025-10-31,test
122808,2025-11-30,test
122808,2025-12-31,test
122812,2025-01-31,test
122812,2025-02-28,test
122812,2025-03-31,test
122812,2025-04-30,test
122812,2025-05-31,test
122815,2025-01-31,test
122815,2025-02-28,test
122815,2025-03-31,test
122815,2025-04-30,test
122815,2025-05-31,test
122815,2025-06-30,test
122815,2025-07-31,test
122815,2025-08-31,test
122815,2025-09-30,test
122815,2025-10-31,test
122815,2025-11-30,test
122815,2025-12-31,test
122818,2025-01-31,test
122818,2025-02-28,test
122818,2025-03-31,test
122818,2025-04-30,test
122818,2025-05-31,test
122818,2025-06-30,test
122818,2025-07-31,test
122818,2025-08-31,test
122818,2025-09-30,test
122818,2025-10-31,test
122818,2025-11-30,test
122818,2025-12-31,test
122822,2025-01-31,test
122822,2025-02-28,test
122822,2025-03-31,test
122822,2025-04-30,test
122822,2025-05-31,test
122822,2025-06-30,test
122822,2025-07-31,test
122822,2025-08-31,test
122822,2025-09-30,test
122822,2025-10-31,test
122822,2025-11-30,test
122822,2025-12-31,test
122825,2025-01-31,test
122825,2025-02-28,test
122825,2025-03-31,test
122825,2025-04-30,test
122825,2025-05-31,test
122825,2025-06-30,test
122825,2025-07-31,test
122825,2025-08-31,test
122825,2025-09-30,test
122825,2025-10-31,test
122825,2025-11-30,test
122825,2025-12-31,test
122826,2025-01-31,test
122826,2025-02-28,test
122826,2025-03-31,test
122826,2025-04-30,test
122826,2025-05-31,test
122826,2025-06-30,test
122826,2025-07-31,test
122826,2025-08-31,test
122826,2025-09-30,test
122826,2025-10-31,test
122826,2025-11-30,test
122826,2025-12-31,test
122830,2025-01-31,test
122830,2025-02-28,test
122830,2025-03-31,test
122830,2025-04-30,test
122830,2025-05-31,test
122830,2025-06-30,test
122830,2025-07-31,test
122830,2025-08-31,test
122830,2025-09-30,test
122830,2025-10-31,test
122830,2025-11-30,test
122830,2025-12-31,test
122837,2025-01-31,test
122837,2025-02-28,test
122837,2025-03-31,test
122837,2025-04-30,test
122837,2025-05-31,test
122837,2025-06-30,test
122837,2025-07-31,test
122837,2025-08-31,test
122837,2025-09-30,test
122837,2025-10-31,test
122837,2025-11-30,test
122837,2025-12-31,test
122848,2025-01-31,test
122848,2025-02-28,test
122848,2025-03-31,test
122848,2025-04-30,test
122848,2025-05-31,test
122848,2025-06-30,test
122848,2025-07-31,test
122848,2025-08-31,test
122848,2025-09-30,test
122848,2025-10-31,test
122848,2025-11-30,test
122848,2025-12-31,test
122854,2025-01-31,test
122854,2025-02-28,test
122854,2025-03-31,test
122854,2025-04-30,test
122854,2025-05-31,test
122854,2025-06-30,test
122854,2025-07-31,test
122854,2025-08-31,test
122854,2025-09-30,test
122854,2025-10-31,test
122854,2025-11-30,test
122854,2025-12-31,test
122869,2025-01-31,test
122869,2025-02-28,test
122869,2025-03-31,test
122869,2025-04-30,test
122869,2025-05-31,test
122869,2025-06-30,test
122869,2025-07-31,test
122869,2025-08-31,test
122869,2025-09-30,test
122869,2025-10-31,test
122869,2025-11-30,test
122869,2025-12-31,test
122891,2025-01-31,test
122891,2025-02-28,test
122891,2025-03-31,test
122891,2025-04-30,test
122891,2025-05-31,test
122891,2025-06-30,test
122891,2025-07-31,test
122891,2025-08-31,test
122891,2025-09-30,test
122891,2025-10-31,test
122891,2025-11-30,test
122891,2025-12-31,test
122904,2025-01-31,test
122904,2025-02-28,test
122904,2025-03-31,test
122904,2025-04-30,test
122904,2025-05-31,test
122904,2025-06-30,test
122904,2025-07-31,test
122904,2025-08-31,test
122904,2025-09-30,test
122904,2025-10-31,test
122904,2025-11-30,test
122904,2025-12-31,test
122905,2025-01-31,test
122905,2025-02-28,test
122905,2025-03-31,test
122905,2025-04-30,test
122905,2025-05-31,test
122905,2025-06-30,test
122905,2025-07-31,test
122905,2025-08-31,test
122905,2025-09-30,test
122905,2025-10-31,test
122905,2025-11-30,test
122905,2025-12-31,test
122908,2025-01-31,test
122908,2025-02-28,test
122908,2025-03-31,test
122908,2025-04-30,test
122908,2025-05-31,test
122908,2025-06-30,test
122908,2025-07-31,test
122908,2025-08-31,test
122908,2025-09-30,test
122908,2025-10-31,test
122908,2025-11-30,test
122908,2025-12-31,test
122912,2025-01-31,test
122912,2025-02-28,test
122912,2025-03-31,test
122912,2025-04-30,test
122912,2025-05-31,test
122912,2025-06-30,test
122912,2025-07-31,test
122912,2025-08-31,test
122918,2025-01-31,test
122918,2025-02-28,test
122918,2025-03-31,test
122918,2025-04-30,test
122918,2025-05-31,test
122918,2025-06-30,test
122918,2025-07-31,test
122918,2025-08-31,test
122918,2025-09-30,test
122918,2025-10-31,test
122918,2025-11-30,test
122918,2025-12-31,test
122922,2025-01-31,test
122922,2025-02-28,test
122922,2025-03-31,test
122922,2025-04-30,test
122922,2025-05-31,test
122922,2025-06-30,test
122922,2025-07-31,test
122922,2025-08-31,test
122922,2025-09-30,test
122922,2025-10-31,test
122922,2025-11-30,test
122922,2025-12-31,test
122923,2025-01-31,test
122923,2025-02-28,test
122923,2025-03-31,test
122923,2025-04-30,test
122923,2025-05-31,test
122923,2025-06-30,test
122923,2025-07-31,test
122923,2025-08-31,test
122923,2025-09-30,test
122923,2025-10-31,test
122923,2025-11-30,test
122923,2025-12-31,test
122931,2025-01-31,test
122931,2025-02-28,test
122931,2025-03-31,test
122931,2025-04-30,test
122931,2025-05-31,test
122931,2025-06-30,test
122931,2025-07-31,test
122931,2025-08-31,test
122931,2025-09-30,test
122931,2025-10-31,test
122931,2025-11-30,test
122931,2025-12-31,test
122937,2025-01-31,test
122937,2025-02-28,test
122937,2025-03-31,test
122937,2025-04-30,test
122937,2025-05-31,test
122937,2025-06-30,test
122937,2025-07-31,test
122937,2025-08-31,test
122937,2025-09-30,test
122937,2025-10-31,test
122937,2025-11-30,test
122937,2025-12-31,test
122940,2025-01-31,test
122940,2025-02-28,test
122940,2025-03-31,test
122940,2025-04-30,test
122940,2025-05-31,test
122940,2025-06-30,test
122940,2025-07-31,test
122940,2025-08-31,test
122940,2025-09-30,test
122940,2025-10-31,test
122940,2025-11-30,test
122940,2025-12-31,test
122941,2025-01-31,test
122941,2025-02-28,test
122941,2025-03-31,test
122941,2025-04-30,test
122941,2025-05-31,test
122941,2025-06-30,test
122941,2025-07-31,test
122941,2025-08-31,test
122941,2025-09-30,test
122941,2025-10-31,test
122941,2025-11-30,test
122941,2025-12-31,test
122942,2025-01-31,test
122942,2025-02-28,test
122942,2025-03-31,test
122942,2025-04-30,test
122942,2025-05-31,test
122942,2025-06-30,test
122942,2025-07-31,test
122942,2025-08-31,test
122942,2025-09-30,test
122942,2025-10-31,test
122942,2025-11-30,test
122942,2025-12-31,test
122943,2025-01-31,test
122943,2025-02-28,test
122943,2025-03-31,test
122943,2025-04-30,test
122943,2025-05-31,test
122943,2025-06-30,test
122943,2025-07-31,test
122943,2025-08-31,test
122943,2025-09-30,test
122943,2025-10-31,test
122943,2025-11-30,test
122943,2025-12-31,test
122948,2025-01-31,test
122948,2025-02-28,test
122988,2025-01-31,test
122988,2025-02-28,test
122988,2025-03-31,test
122988,2025-04-30,test
122988,2025-05-31,test
122988,2025-06-30,test
122988,2025-07-31,test
122988,2025-08-31,test
122988,2025-09-30,test
122988,2025-10-31,test
122988,2025-11-30,test
122988,2025-12-31,test
122990,2025-01-31,test
122990,2025-02-28,test
122990,2025-03-31,test
122990,2025-04-30,test
122990,2025-05-31,test
122990,2025-06-30,test
122990,2025-07-31,test
122990,2025-08-31,test
122990,2025-09-30,test
122990,2025-10-31,test
122990,2025-11-30,test
122990,2025-12-31,test
123008,2025-01-31,test
123008,2025-02-28,test
123008,2025-03-31,test
123008,2025-04-30,test
123008,2025-05-31,test
123008,2025-06-30,test
123008,2025-07-31,test
123008,2025-08-31,test
123008,2025-09-30,test
123008,2025-10-31,test
123008,2025-11-30,test
123008,2025-12-31,test
123019,2025-01-31,test
123019,2025-02-28,test
123019,2025-03-31,test
123019,2025-04-30,test
123019,2025-05-31,test
123019,2025-06-30,test
123019,2025-07-31,test
123019,2025-08-31,test
123019,2025-09-30,test
123019,2025-10-31,test
123019,2025-11-30,test
123019,2025-12-31,test
123026,2025-01-31,test
123026,2025-02-28,test
123026,2025-03-31,test
123034,2025-01-31,test
123034,2025-02-28,test
123034,2025-03-31,test
123034,2025-04-30,test
123034,2025-05-31,test
123034,2025-06-30,test
123034,2025-07-31,test
123034,2025-08-31,test
123034,2025-09-30,test
123034,2025-10-31,test
123034,2025-11-30,test
123034,2025-12-31,test
123036,2025-01-31,test
123036,2025-02-28,test
123036,2025-03-31,test
123036,2025-04-30,test
123036,2025-05-31,test
123036,2025-06-30,test
123036,2025-07-31,test
123036,2025-08-31,test
123036,2025-09-30,test
123036,2025-10-31,test
123036,2025-11-30,test
123036,2025-12-31,test
123044,2025-01-31,test
123044,2025-02-28,test
123044,2025-03-31,test
123044,2025-04-30,test
123044,2025-05-31,test
123044,2025-06-30,test
123044,2025-07-31,test
123044,2025-08-31,test
123044,2025-09-30,test
123044,2025-10-31,test
123044,2025-11-30,test
123044,2025-12-31,test
123049,2025-02-28,test
123049,2025-03-31,test
123049,2025-04-30,test
123049,2025-05-31,test
123049,2025-06-30,test
123049,2025-07-31,test
123049,2025-08-31,test
123049,2025-09-30,test
123049,2025-10-31,test
123049,2025-11-30,test
123049,2025-12-31,test
123056,2025-01-31,test
123056,2025-02-28,test
123056,2025-03-31,test
123056,2025-04-30,test
123056,2025-05-31,test
123056,2025-06-30,test
123056,2025-07-31,test
123056,2025-08-31,test
123056,2025-09-30,test
123056,2025-10-31,test
123056,2025-11-30,test
123056,2025-12-31,test
123057,2025-01-31,test
123057,2025-02-28,test
123057,2025-03-31,test
123057,2025-04-30,test
123057,2025-05-31,test
123057,2025-06-30,test
123057,2025-07-31,test
123057,2025-08-31,test
123057,2025-09-30,test
123057,2025-10-31,test
123060,2025-01-31,test
123061,2025-01-31,test
123061,2025-02-28,test
123061,2025-03-31,test
123061,2025-04-30,test
123061,2025-05-31,test
123061,2025-06-30,test
123061,2025-07-31,test
123061,2025-08-31,test
123061,2025-09-30,test
123061,2025-10-31,test
123061,2025-11-30,test
123061,2025-12-31,test
123063,2025-01-31,test
123063,2025-02-28,test
123063,2025-03-31,test
123063,2025-04-30,test
123063,2025-05-31,test
123063,2025-06-30,test
123063,2025-07-31,test
123063,2025-08-31,test
123063,2025-09-30,test
123063,2025-10-31,test
123080,2025-01-31,test
123080,2025-02-28,test
123080,2025-03-31,test
123080,2025-04-30,test
123080,2025-05-31,test
123080,2025-06-30,test
123080,2025-07-31,test
123080,2025-08-31,test
123080,2025-09-30,test
123080,2025-10-31,test
123080,2025-11-30,test
123080,2025-12-31,test
123100,2025-01-31,test
123100,2025-02-28,test
123100,2025-03-31,test
123100,2025-04-30,test
123100,2025-05-31,test
123100,2025-06-30,test
123100,2025-07-31,test
123100,2025-08-31,test
123100,2025-09-30,test
123100,2025-10-31,test
123100,2025-11-30,test
123100,2025-12-31,test
123101,2025-01-31,test
123101,2025-02-28,test
123101,2025-03-31,test
123101,2025-04-30,test
123101,2025-05-31,test
123101,2025-06-30,test
123101,2025-07-31,test
123101,2025-08-31,test
123101,2025-09-30,test
123101,2025-10-31,test
123101,2025-11-30,test
123101,2025-12-31,test
123104,2025-01-31,test
123104,2025-02-28,test
123105,2025-01-31,test
123105,2025-02-28,test
123105,2025-03-31,test
123105,2025-04-30,test
123105,2025-05-31,test
123105,2025-06-30,test
123105,2025-07-31,test
123105,2025-08-31,test
123105,2025-09-30,test
123105,2025-10-31,test
123105,2025-11-30,test
123105,2025-12-31,test
123106,2025-01-31,test
123106,2025-02-28,test
123106,2025-03-31,test
123106,2025-04-30,test
123106,2025-05-31,test
123106,2025-06-30,test
123106,2025-07-31,test
123106,2025-08-31,test
123106,2025-09-30,test
123106,2025-10-31,test
123106,2025-11-30,test
123106,2025-12-31,test
123107,2025-01-31,test
123107,2025-02-28,test
123107,2025-03-31,test
123107,2025-04-30,test
123107,2025-05-31,test
123107,2025-06-30,test
123107,2025-07-31,test
123107,2025-08-31,test
123107,2025-09-30,test
123107,2025-10-31,test
123107,2025-11-30,test
123107,2025-12-31,test
123111,2025-01-31,test
123111,2025-02-28,test
123111,2025-03-31,test
123111,2025-04-30,test
123111,2025-05-31,test
123111,2025-06-30,test
123111,2025-07-31,test
123111,2025-08-31,test
123111,2025-09-30,test
123111,2025-10-31,test
123111,2025-11-30,test
123111,2025-12-31,test
123112,2025-01-31,test
123112,2025-02-28,test
123112,2025-03-31,test
123113,2025-01-31,test
123113,2025-02-28,test
123113,2025-03-31,test
123113,2025-04-30,test
123113,2025-05-31,test
123113,2025-06-30,test
123113,2025-07-31,test
123113,2025-08-31,test
123113,2025-09-30,test
123113,2025-10-31,test
123113,2025-11-30,test
123113,2025-12-31,test
123114,2025-01-31,test
123114,2025-02-28,test
123114,2025-03-31,test
123114,2025-04-30,test
123114,2025-05-31,test
123114,2025-06-30,test
123114,2025-07-31,test
123114,2025-08-31,test
123114,2025-09-30,test
123114,2025-10-31,test
123114,2025-11-30,test
123114,2025-12-31,test
123115,2025-01-31,test
123115,2025-02-28,test
123115,2025-03-31,test
123115,2025-04-30,test
123115,2025-05-31,test
123115,2025-06-30,test
123115,2025-07-31,test
123115,2025-08-31,test
123115,2025-09-30,test
123115,2025-10-31,test
123115,2025-11-30,test
123115,2025-12-31,test
123116,2025-01-31,test
123116,2025-02-28,test
123116,2025-03-31,test
123116,2025-04-30,test
123116,2025-05-31,test
123116,2025-06-30,test
123116,2025-07-31,test
123116,2025-08-31,test
123116,2025-09-30,test
123116,2025-10-31,test
123116,2025-11-30,test
123116,2025-12-31,test
123117,2025-01-31,test
123117,2025-02-28,test
123117,2025-03-31,test
123117,2025-04-30,test
123117,2025-05-31,test
123117,2025-06-30,test
123117,2025-07-31,test
123117,2025-08-31,test
123117,2025-09-30,test
123117,2025-10-31,test
123117,2025-11-30,test
123117,2025-12-31,test
123122,2025-01-31,test
123122,2025-02-28,test
123122,2025-03-31,test
123122,2025-04-30,test
123122,2025-05-31,test
123122,2025-06-30,test
123122,2025-07-31,test
123122,2025-08-31,test
123122,2025-09-30,test
123122,2025-10-31,test
123122,2025-11-30,test
123122,2025-12-31,test
123131,2025-01-31,test
123131,2025-02-28,test
123131,2025-03-31,test
123131,2025-04-30,test
123131,2025-05-31,test
123131,2025-06-30,test
123131,2025-07-31,test
123131,2025-08-31,test
123131,2025-09-30,test
123131,2025-10-31,test
123131,2025-11-30,test
123131,2025-12-31,test
123132,2025-01-31,test
123132,2025-02-28,test
123132,2025-03-31,test
123132,2025-04-30,test
123132,2025-05-31,test
123132,2025-06-30,test
123132,2025-07-31,test
123132,2025-08-31,test
123132,2025-09-30,test
123132,2025-10-31,test
123132,2025-11-30,test
123132,2025-12-31,test
123196,2025-01-31,test
123196,2025-02-28,test
123196,2025-03-31,test
123196,2025-04-30,test
123196,2025-05-31,test
123196,2025-06-30,test
123196,2025-07-31,test
123196,2025-08-31,test
123196,2025-09-30,test
123196,2025-10-31,test
123196,2025-11-30,test
123196,2025-12-31,test
123213,2025-01-31,test
123213,2025-02-28,test
123213,2025-03-31,test
123213,2025-04-30,test
123213,2025-05-31,test
123213,2025-06-30,test
123213,2025-07-31,test
123213,2025-08-31,test
123218,2025-01-31,test
123218,2025-02-28,test
123218,2025-03-31,test
123218,2025-04-30,test
123218,2025-05-31,test
123218,2025-06-30,test
123218,2025-07-31,test
123218,2025-08-31,test
123218,2025-09-30,test
123218,2025-10-31,test
123218,2025-11-30,test
123218,2025-12-31,test
123220,2025-01-31,test
123220,2025-02-28,test
123220,2025-03-31,test
123220,2025-04-30,test
123220,2025-05-31,test
123220,2025-06-30,test
123220,2025-07-31,test
123220,2025-08-31,test
123220,2025-09-30,test
123220,2025-10-31,test
123220,2025-11-30,test
123220,2025-12-31,test
123225,2025-01-31,test
123225,2025-02-28,test
123225,2025-03-31,test
123225,2025-04-30,test
123225,2025-05-31,test
123225,2025-06-30,test
123225,2025-07-31,test
123225,2025-08-31,test
123225,2025-09-30,test
123225,2025-10-31,test
123225,2025-11-30,test
123225,2025-12-31,test
123226,2025-01-31,test
123226,2025-02-28,test
123226,2025-03-31,test
123226,2025-04-30,test
123226,2025-05-31,test
123226,2025-06-30,test
123226,2025-07-31,test
123226,2025-08-31,test
123226,2025-09-30,test
123226,2025-10-31,test
123226,2025-11-30,test
123226,2025-12-31,test
123231,2025-01-31,test
123231,2025-02-28,test
123231,2025-03-31,test
123231,2025-04-30,test
123231,2025-05-31,test
123231,2025-06-30,test
123231,2025-07-31,test
123231,2025-08-31,test
123231,2025-09-30,test
123231,2025-10-31,test
123231,2025-11-30,test
123231,2025-12-31,test
123279,2025-01-31,test
123279,2025-02-28,test
123279,2025-03-31,test
123279,2025-04-30,test
123279,2025-05-31,test
123279,2025-06-30,test
123279,2025-07-31,test
123285,2025-01-31,test
123285,2025-02-28,test
123285,2025-03-31,test
123285,2025-04-30,test
123285,2025-05-31,test
123285,2025-06-30,test
123285,2025-07-31,test
123285,2025-08-31,test
123285,2025-09-30,test
123285,2025-10-31,test
123285,2025-11-30,test
123285,2025-12-31,test
123293,2025-01-31,test
123293,2025-02-28,test
123293,2025-03-31,test
123293,2025-04-30,test
123293,2025-05-31,test
123293,2025-06-30,test
123293,2025-07-31,test
123293,2025-08-31,test
123293,2025-09-30,test
123293,2025-10-31,test
123293,2025-11-30,test
123293,2025-12-31,test
123295,2025-01-31,test
123295,2025-02-28,test
123295,2025-03-31,test
123295,2025-04-30,test
123295,2025-05-31,test
123295,2025-06-30,test
123295,2025-07-31,test
123295,2025-08-31,test
123295,2025-09-30,test
123295,2025-10-31,test
123295,2025-11-30,test
123295,2025-12-31,test
123302,2025-01-31,test
123302,2025-02-28,test
123308,2025-01-31,test
123308,2025-02-28,test
123308,2025-03-31,test
123308,2025-04-30,test
123308,2025-05-31,test
123308,2025-06-30,test
123308,2025-07-31,test
123308,2025-08-31,test
123308,2025-09-30,test
123308,2025-10-31,test
123309,2025-01-31,test
123309,2025-02-28,test
123309,2025-03-31,test
123309,2025-04-30,test
123309,2025-05-31,test
123309,2025-06-30,test
123309,2025-07-31,test
123309,2025-08-31,test
123309,2025-09-30,test
123309,2025-10-31,test
123309,2025-11-30,test
123309,2025-12-31,test
123310,2025-01-31,test
123310,2025-02-28,test
123310,2025-03-31,test
123310,2025-04-30,test
123310,2025-05-31,test
123310,2025-06-30,test
123310,2025-07-31,test
123310,2025-08-31,test
123310,2025-09-30,test
123310,2025-10-31,test
123310,2025-11-30,test
123310,2025-12-31,test
123311,2025-01-31,test
123311,2025-02-28,test
123311,2025-03-31,test
123311,2025-04-30,test
123311,2025-05-31,test
123311,2025-06-30,test
123311,2025-07-31,test
123311,2025-08-31,test
123311,2025-09-30,test
123315,2025-01-31,test
123315,2025-02-28,test
123315,2025-03-31,test
123315,2025-04-30,test
123315,2025-05-31,test
123315,2025-06-30,test
123315,2025-07-31,test
123315,2025-08-31,test
123315,2025-09-30,test
123315,2025-10-31,test
123315,2025-11-30,test
123315,2025-12-31,test
123317,2025-01-31,test
123317,2025-02-28,test
123317,2025-03-31,test
123317,2025-04-30,test
123317,2025-05-31,test
123317,2025-06-30,test
123317,2025-07-31,test
123317,2025-08-31,test
123317,2025-09-30,test
123317,2025-10-31,test
123317,2025-11-30,test
123317,2025-12-31,test
123320,2025-01-31,test
123320,2025-02-28,test
123320,2025-03-31,test
123320,2025-04-30,test
123320,2025-05-31,test
123320,2025-06-30,test
123320,2025-07-31,test
123320,2025-08-31,test
123320,2025-09-30,test
123320,2025-10-31,test
123320,2025-11-30,test
123320,2025-12-31,test
123321,2025-01-31,test
123321,2025-02-28,test
123321,2025-03-31,test
123321,2025-04-30,test
123321,2025-05-31,test
123321,2025-06-30,test
123321,2025-07-31,test
123321,2025-08-31,test
123321,2025-09-30,test
123321,2025-10-31,test
123321,2025-11-30,test
123321,2025-12-31,test
123324,2025-01-31,test
123324,2025-02-28,test
123324,2025-03-31,test
123324,2025-04-30,test
123324,2025-05-31,test
123324,2025-06-30,test
123324,2025-07-31,test
123324,2025-08-31,test
123324,2025-09-30,test
123324,2025-10-31,test
123324,2025-11-30,test
123324,2025-12-31,test
123325,2025-01-31,test
123325,2025-02-28,test
123325,2025-03-31,test
123325,2025-04-30,test
123325,2025-05-31,test
123325,2025-06-30,test
123325,2025-07-31,test
123325,2025-08-31,test
123325,2025-09-30,test
123325,2025-10-31,test
123325,2025-11-30,test
123325,2025-12-31,test
123333,2025-01-31,test
123333,2025-02-28,test
123333,2025-03-31,test
123333,2025-04-30,test
123333,2025-05-31,test
123333,2025-06-30,test
123333,2025-07-31,test
123333,2025-08-31,test
123333,2025-09-30,test
123333,2025-10-31,test
123333,2025-11-30,test
123333,2025-12-31,test
123337,2025-01-31,test
123337,2025-02-28,test
123337,2025-03-31,test
123337,2025-04-30,test
123337,2025-05-31,test
123337,2025-06-30,test
123337,2025-07-31,test
123337,2025-08-31,test
123337,2025-09-30,test
123337,2025-10-31,test
123337,2025-11-30,test
123337,2025-12-31,test
123339,2025-01-31,test
123339,2025-02-28,test
123339,2025-03-31,test
123339,2025-04-30,test
123339,2025-05-31,test
123339,2025-06-30,test
123339,2025-07-31,test
123339,2025-08-31,test
123339,2025-09-30,test
123339,2025-10-31,test
123339,2025-11-30,test
123339,2025-12-31,test
123340,2025-01-31,test
123340,2025-02-28,test
123340,2025-03-31,test
123340,2025-04-30,test
123340,2025-05-31,test
123340,2025-06-30,test
123340,2025-07-31,test
123340,2025-08-31,test
123340,2025-09-30,test
123340,2025-10-31,test
123340,2025-11-30,test
123340,2025-12-31,test
123341,2025-01-31,test
123341,2025-02-28,test
123341,2025-03-31,test
123341,2025-04-30,test
123341,2025-05-31,test
123341,2025-06-30,test
123341,2025-07-31,test
123341,2025-08-31,test
123341,2025-09-30,test
123341,2025-10-31,test
123341,2025-11-30,test
123341,2025-12-31,test
123342,2025-01-31,test
123342,2025-02-28,test
123342,2025-03-31,test
123342,2025-04-30,test
123342,2025-05-31,test
123342,2025-06-30,test
123342,2025-07-31,test
123342,2025-08-31,test
123342,2025-09-30,test
123342,2025-10-31,test
123342,2025-11-30,test
123342,2025-12-31,test
123343,2025-01-31,test
123343,2025-02-28,test
123343,2025-03-31,test
123343,2025-04-30,test
123343,2025-05-31,test
123343,2025-06-30,test
123343,2025-07-31,test
123343,2025-08-31,test
123343,2025-09-30,test
123343,2025-10-31,test
123343,2025-11-30,test
123343,2025-12-31,test
123344,2025-01-31,test
123344,2025-02-28,test
123344,2025-03-31,test
123344,2025-04-30,test
123344,2025-05-31,test
123344,2025-06-30,test
123344,2025-07-31,test
123344,2025-08-31,test
123344,2025-09-30,test
123344,2025-10-31,test
123344,2025-11-30,test
123344,2025-12-31,test
123345,2025-01-31,test
123345,2025-02-28,test
123345,2025-03-31,test
123345,2025-04-30,test
123345,2025-05-31,test
123345,2025-06-30,test
123346,2025-01-31,test
123346,2025-02-28,test
123346,2025-03-31,test
123346,2025-04-30,test
123346,2025-05-31,test
123346,2025-06-30,test
123346,2025-07-31,test
123346,2025-08-31,test
123346,2025-09-30,test
123346,2025-10-31,test
123346,2025-11-30,test
123346,2025-12-31,test
123347,2025-01-31,test
123347,2025-02-28,test
123347,2025-03-31,test
123347,2025-04-30,test
123347,2025-05-31,test
123347,2025-06-30,test
123347,2025-07-31,test
123347,2025-08-31,test
123347,2025-09-30,test
123347,2025-10-31,test
123347,2025-11-30,test
123347,2025-12-31,test
123373,2025-01-31,test
123373,2025-02-28,test
123373,2025-03-31,test
123373,2025-04-30,test
123373,2025-05-31,test
123373,2025-06-30,test
123373,2025-07-31,test
123373,2025-08-31,test
123373,2025-09-30,test
123373,2025-10-31,test
123373,2025-11-30,test
123373,2025-12-31,test
123374,2025-01-31,test
123374,2025-02-28,test
123374,2025-03-31,test
123374,2025-04-30,test
123374,2025-05-31,test
123374,2025-06-30,test
123374,2025-07-31,test
123374,2025-08-31,test
123374,2025-09-30,test
123374,2025-10-31,test
123374,2025-11-30,test
123374,2025-12-31,test
123377,2025-01-31,test
123377,2025-02-28,test
123377,2025-03-31,test
123377,2025-04-30,test
123377,2025-05-31,test
123377,2025-06-30,test
123377,2025-07-31,test
123377,2025-08-31,test
123377,2025-09-30,test
123377,2025-10-31,test
123377,2025-11-30,test
123377,2025-12-31,test
123378,2025-01-31,test
123378,2025-02-28,test
123378,2025-03-31,test
123378,2025-04-30,test
123378,2025-05-31,test
123378,2025-06-30,test
123378,2025-07-31,test
123378,2025-08-31,test
123378,2025-09-30,test
123378,2025-10-31,test
123378,2025-11-30,test
123378,2025-12-31,test
123384,2025-01-31,test
123384,2025-02-28,test
123384,2025-03-31,test
123384,2025-04-30,test
123384,2025-05-31,test
123384,2025-06-30,test
123384,2025-07-31,test
123384,2025-08-31,test
123384,2025-09-30,test
123384,2025-10-31,test
123384,2025-11-30,test
123384,2025-12-31,test
123390,2025-01-31,test
123390,2025-02-28,test
123390,2025-03-31,test
123391,2025-01-31,test
123391,2025-02-28,test
123391,2025-03-31,test
123392,2025-01-31,test
123392,2025-02-28,test
123392,2025-03-31,test
123393,2025-01-31,test
123393,2025-02-28,test
123393,2025-03-31,test
123403,2025-01-31,test
123403,2025-02-28,test
123403,2025-03-31,test
123403,2025-04-30,test
123403,2025-05-31,test
123403,2025-06-30,test
123403,2025-07-31,test
123403,2025-08-31,test
123403,2025-09-30,test
123403,2025-10-31,test
123405,2025-01-31,test
123405,2025-02-28,test
123405,2025-03-31,test
123405,2025-04-30,test
123405,2025-05-31,test
123405,2025-06-30,test
123405,2025-07-31,test
123405,2025-08-31,test
123405,2025-09-30,test
123405,2025-10-31,test
123405,2025-11-30,test
123405,2025-12-31,test
123411,2025-01-31,test
123411,2025-02-28,test
123411,2025-03-31,test
123411,2025-04-30,test
123411,2025-05-31,test
123411,2025-06-30,test
123411,2025-07-31,test
123411,2025-08-31,test
123411,2025-09-30,test
123411,2025-10-31,test
123411,2025-11-30,test
123411,2025-12-31,test
123421,2025-01-31,test
123421,2025-02-28,test
123421,2025-03-31,test
123421,2025-04-30,test
123421,2025-05-31,test
123421,2025-06-30,test
123421,2025-07-31,test
123421,2025-08-31,test
123421,2025-09-30,test
123421,2025-10-31,test
123421,2025-11-30,test
123421,2025-12-31,test
123425,2025-01-31,test
123425,2025-02-28,test
123425,2025-03-31,test
123425,2025-04-30,test
123425,2025-05-31,test
123425,2025-06-30,test
123425,2025-07-31,test
123425,2025-08-31,test
123425,2025-09-30,test
123425,2025-10-31,test
123425,2025-11-30,test
123425,2025-12-31,test
123426,2025-01-31,test
123426,2025-02-28,test
123426,2025-03-31,test
123426,2025-04-30,test
123426,2025-05-31,test
123426,2025-06-30,test
123426,2025-07-31,test
123426,2025-08-31,test
123426,2025-09-30,test
123426,2025-10-31,test
123426,2025-11-30,test
123426,2025-12-31,test
123427,2025-01-31,test
123427,2025-02-28,test
123427,2025-03-31,test
123427,2025-04-30,test
123427,2025-05-31,test
123427,2025-06-30,test
123427,2025-07-31,test
123427,2025-08-31,test
123427,2025-09-30,test
123427,2025-10-31,test
123427,2025-11-30,test
123427,2025-12-31,test
123428,2025-01-31,test
123428,2025-02-28,test
123428,2025-03-31,test
123428,2025-04-30,test
123428,2025-05-31,test
123428,2025-06-30,test
123428,2025-07-31,test
123428,2025-08-31,test
123428,2025-09-30,test
123428,2025-10-31,test
123428,2025-11-30,test
123428,2025-12-31,test
123433,2025-01-31,test
123433,2025-02-28,test
123433,2025-03-31,test
123433,2025-04-30,test
123433,2025-05-31,test
123433,2025-06-30,test
123433,2025-07-31,test
123433,2025-08-31,test
123433,2025-09-30,test
123433,2025-10-31,test
123433,2025-11-30,test
123433,2025-12-31,test
123440,2025-01-31,test
123440,2025-02-28,test
123440,2025-03-31,test
123440,2025-04-30,test
123440,2025-05-31,test
123440,2025-06-30,test
123440,2025-07-31,test
123440,2025-08-31,test
123440,2025-09-30,test
123440,2025-10-31,test
123440,2025-11-30,test
123440,2025-12-31,test
123458,2025-01-31,test
123458,2025-02-28,test
123458,2025-03-31,test
123458,2025-04-30,test
123458,2025-05-31,test
123458,2025-06-30,test
123458,2025-07-31,test
123458,2025-08-31,test
123458,2025-09-30,test
123458,2025-10-31,test
123458,2025-11-30,test
123458,2025-12-31,test
123462,2025-01-31,test
123462,2025-02-28,test
123462,2025-03-31,test
123462,2025-04-30,test
123463,2025-01-31,test
123463,2025-02-28,test
123463,2025-03-31,test
123463,2025-04-30,test
123463,2025-05-31,test
123463,2025-06-30,test
123463,2025-07-31,test
123463,2025-08-31,test
123463,2025-09-30,test
123463,2025-10-31,test
123463,2025-11-30,test
123463,2025-12-31,test
123466,2025-01-31,test
123466,2025-02-28,test
123466,2025-03-31,test
123466,2025-04-30,test
123466,2025-05-31,test
123466,2025-06-30,test
123467,2025-01-31,test
123467,2025-02-28,test
123467,2025-03-31,test
123467,2025-04-30,test
123467,2025-05-31,test
123467,2025-06-30,test
123467,2025-07-31,test
123467,2025-08-31,test
123467,2025-09-30,test
123467,2025-10-31,test
123467,2025-11-30,test
123467,2025-12-31,test
123470,2025-01-31,test
123470,2025-02-28,test
123470,2025-03-31,test
123470,2025-04-30,test
123470,2025-05-31,test
123470,2025-06-30,test
123470,2025-07-31,test
123470,2025-08-31,test
123470,2025-09-30,test
123470,2025-10-31,test
123470,2025-11-30,test
123470,2025-12-31,test
123471,2025-01-31,test
123471,2025-02-28,test
123471,2025-03-31,test
123471,2025-04-30,test
123471,2025-05-31,test
123471,2025-06-30,test
123471,2025-07-31,test
123471,2025-08-31,test
123471,2025-09-30,test
123471,2025-10-31,test
123471,2025-11-30,test
123471,2025-12-31,test
123477,2025-01-31,test
123477,2025-02-28,test
123477,2025-03-31,test
123477,2025-04-30,test
123477,2025-05-31,test
123477,2025-06-30,test
123477,2025-07-31,test
123477,2025-08-31,test
123477,2025-09-30,test
123477,2025-10-31,test
123477,2025-11-30,test
123477,2025-12-31,test
123478,2025-01-31,test
123478,2025-02-28,test
123478,2025-03-31,test
123478,2025-04-30,test
123478,2025-05-31,test
123478,2025-06-30,test
123478,2025-07-31,test
123478,2025-08-31,test
123478,2025-09-30,test
123478,2025-10-31,test
123478,2025-11-30,test
123478,2025-12-31,test
123479,2025-01-31,test
123479,2025-02-28,test
123479,2025-03-31,test
123479,2025-04-30,test
123479,2025-05-31,test
123479,2025-06-30,test
123479,2025-07-31,test
123479,2025-08-31,test
123479,2025-09-30,test
123479,2025-10-31,test
123479,2025-11-30,test
123479,2025-12-31,test
123480,2025-01-31,test
123480,2025-02-28,test
123480,2025-03-31,test
123480,2025-04-30,test
123480,2025-05-31,test
123480,2025-06-30,test
123480,2025-07-31,test
123480,2025-08-31,test
123480,2025-09-30,test
123480,2025-10-31,test
123480,2025-11-30,test
123480,2025-12-31,test
123483,2025-01-31,test
123483,2025-02-28,test
123483,2025-03-31,test
123483,2025-04-30,test
123483,2025-05-31,test
123483,2025-06-30,test
123483,2025-07-31,test
123483,2025-08-31,test
123483,2025-09-30,test
123483,2025-10-31,test
123483,2025-11-30,test
123483,2025-12-31,test
123484,2025-01-31,test
123484,2025-02-28,test
123484,2025-03-31,test
123484,2025-04-30,test
123484,2025-05-31,test
123484,2025-06-30,test
123484,2025-07-31,test
123484,2025-08-31,test
123484,2025-09-30,test
123484,2025-10-31,test
123484,2025-11-30,test
123484,2025-12-31,test
123495,2025-01-31,test
123495,2025-02-28,test
123495,2025-03-31,test
123495,2025-04-30,test
123495,2025-05-31,test
123495,2025-06-30,test
123495,2025-07-31,test
123495,2025-08-31,test
123495,2025-09-30,test
123495,2025-10-31,test
123495,2025-11-30,test
123495,2025-12-31,test
123498,2025-01-31,test
123498,2025-02-28,test
123498,2025-03-31,test
123498,2025-04-30,test
123498,2025-05-31,test
123498,2025-06-30,test
123498,2025-07-31,test
123498,2025-08-31,test
123498,2025-09-30,test
123498,2025-10-31,test
123498,2025-11-30,test
123498,2025-12-31,test
123502,2025-01-31,test
123502,2025-02-28,test
123502,2025-03-31,test
123502,2025-04-30,test
123504,2025-01-31,test
123504,2025-02-28,test
123504,2025-03-31,test
123504,2025-04-30,test
123504,2025-05-31,test
123504,2025-06-30,test
123504,2025-07-31,test
123504,2025-08-31,test
123504,2025-09-30,test
123504,2025-10-31,test
123504,2025-11-30,test
123504,2025-12-31,test
123505,2025-01-31,test
123505,2025-02-28,test
123505,2025-03-31,test
123505,2025-04-30,test
123505,2025-05-31,test
123505,2025-06-30,test
123505,2025-07-31,test
123505,2025-08-31,test
123505,2025-09-30,test
123505,2025-10-31,test
123505,2025-11-30,test
123505,2025-12-31,test
123511,2025-01-31,test
123511,2025-02-28,test
123511,2025-03-31,test
123511,2025-04-30,test
123511,2025-05-31,test
123511,2025-06-30,test
123511,2025-07-31,test
123511,2025-08-31,test
123511,2025-09-30,test
123511,2025-10-31,test
123511,2025-11-30,test
123511,2025-12-31,test
123512,2025-01-31,test
123512,2025-02-28,test
123512,2025-03-31,test
123512,2025-04-30,test
123512,2025-05-31,test
123512,2025-06-30,test
123512,2025-07-31,test
123512,2025-08-31,test
123512,2025-09-30,test
123512,2025-10-31,test
123512,2025-11-30,test
123512,2025-12-31,test
123516,2025-01-31,test
123516,2025-02-28,test
123516,2025-03-31,test
123516,2025-04-30,test
123516,2025-05-31,test
123516,2025-06-30,test
123516,2025-07-31,test
123519,2025-01-31,test
123519,2025-02-28,test
123519,2025-03-31,test
123519,2025-04-30,test
123519,2025-05-31,test
123519,2025-06-30,test
123519,2025-07-31,test
123519,2025-08-31,test
123519,2025-09-30,test
123519,2025-10-31,test
123519,2025-11-30,test
123519,2025-12-31,test
123528,2025-01-31,test
123528,2025-02-28,test
123528,2025-03-31,test
123528,2025-04-30,test
123528,2025-05-31,test
123528,2025-06-30,test
123528,2025-07-31,test
123528,2025-08-31,test
123528,2025-09-30,test
123528,2025-10-31,test
123528,2025-11-30,test
123528,2025-12-31,test
123529,2025-01-31,test
123529,2025-02-28,test
123529,2025-03-31,test
123529,2025-04-30,test
123529,2025-05-31,test
123538,2025-01-31,test
123538,2025-02-28,test
123538,2025-03-31,test
123538,2025-04-30,test
123538,2025-05-31,test
123538,2025-06-30,test
123538,2025-07-31,test
123538,2025-08-31,test
123538,2025-09-30,test
123538,2025-10-31,test
123538,2025-11-30,test
123538,2025-12-31,test
123563,2025-01-31,test
123563,2025-02-28,test
123563,2025-03-31,test
123563,2025-04-30,test
123563,2025-05-31,test
123563,2025-06-30,test
123563,2025-07-31,test
123563,2025-08-31,test
123563,2025-09-30,test
123563,2025-10-31,test
123563,2025-11-30,test
123563,2025-12-31,test
123574,2025-01-31,test
123574,2025-02-28,test
123574,2025-03-31,test
123574,2025-04-30,test
123574,2025-05-31,test
123574,2025-06-30,test
123574,2025-07-31,test
123574,2025-08-31,test
123574,2025-09-30,test
123574,2025-10-31,test
123574,2025-11-30,test
123574,2025-12-31,test
123587,2025-01-31,test
123587,2025-02-28,test
123587,2025-03-31,test
123587,2025-04-30,test
123587,2025-05-31,test
123587,2025-06-30,test
123587,2025-07-31,test
123587,2025-08-31,test
123587,2025-09-30,test
123587,2025-10-31,test
123587,2025-11-30,test
123587,2025-12-31,test
123612,2025-01-31,test
123612,2025-02-28,test
123612,2025-03-31,test
123612,2025-04-30,test
123612,2025-05-31,test
123612,2025-06-30,test
123612,2025-07-31,test
123612,2025-08-31,test
123612,2025-09-30,test
123612,2025-10-31,test
123612,2025-11-30,test
123612,2025-12-31,test
123621,2025-01-31,test
123621,2025-02-28,test
123621,2025-03-31,test
123621,2025-04-30,test
123621,2025-05-31,test
123621,2025-06-30,test
123621,2025-07-31,test
123621,2025-08-31,test
123621,2025-09-30,test
123621,2025-10-31,test
123621,2025-11-30,test
123621,2025-12-31,test
123623,2025-01-31,test
123623,2025-02-28,test
123623,2025-03-31,test
123623,2025-04-30,test
123623,2025-05-31,test
123623,2025-06-30,test
123714,2025-01-31,test
123714,2025-02-28,test
123714,2025-03-31,test
123714,2025-04-30,test
123714,2025-05-31,test
123714,2025-06-30,test
123714,2025-07-31,test
123714,2025-08-31,test
123714,2025-09-30,test
123714,2025-10-31,test
123714,2025-11-30,test
123714,2025-12-31,test
123738,2025-01-31,test
123738,2025-02-28,test
123738,2025-03-31,test
123738,2025-04-30,test
123738,2025-05-31,test
123741,2025-01-31,test
123741,2025-02-28,test
123741,2025-03-31,test
123741,2025-04-30,test
123741,2025-05-31,test
123741,2025-06-30,test
123741,2025-07-31,test
123741,2025-08-31,test
123741,2025-09-30,test
123741,2025-10-31,test
123741,2025-11-30,test
123741,2025-12-31,test
123776,2025-01-31,test
123776,2025-02-28,test
123776,2025-03-31,test
123776,2025-04-30,test
123776,2025-05-31,test
123776,2025-06-30,test
123776,2025-07-31,test
123776,2025-08-31,test
123776,2025-09-30,test
123776,2025-10-31,test
123776,2025-11-30,test
123776,2025-12-31,test
123778,2025-01-31,test
123778,2025-02-28,test
123778,2025-03-31,test
123778,2025-04-30,test
123778,2025-05-31,test
123778,2025-06-30,test
123778,2025-07-31,test
123778,2025-08-31,test
123778,2025-09-30,test
123778,2025-10-31,test
123778,2025-11-30,test
123778,2025-12-31,test
123805,2025-01-31,test
123805,2025-02-28,test
123805,2025-03-31,test
123805,2025-04-30,test
123805,2025-05-31,test
123805,2025-06-30,test
123805,2025-07-31,test
123805,2025-08-31,test
123805,2025-09-30,test
123805,2025-10-31,test
123805,2025-11-30,test
123805,2025-12-31,test
123841,2025-01-31,test
123841,2025-02-28,test
123841,2025-03-31,test
123841,2025-04-30,test
123841,2025-05-31,test
123841,2025-06-30,test
123841,2025-07-31,test
123841,2025-08-31,test
123841,2025-09-30,test
123841,2025-10-31,test
123841,2025-11-30,test
123841,2025-12-31,test
123842,2025-01-31,test
123842,2025-02-28,test
123842,2025-03-31,test
123842,2025-04-30,test
123842,2025-05-31,test
123842,2025-06-30,test
123842,2025-07-31,test
123842,2025-08-31,test
123842,2025-09-30,test
123842,2025-10-31,test
123842,2025-11-30,test
123842,2025-12-31,test
123847,2025-01-31,test
123847,2025-02-28,test
123847,2025-03-31,test
123847,2025-04-30,test
123847,2025-05-31,test
123847,2025-06-30,test
123847,2025-07-31,test
123847,2025-08-31,test
123847,2025-09-30,test
123847,2025-10-31,test
123847,2025-11-30,test
123847,2025-12-31,test
123848,2025-01-31,test
123848,2025-02-28,test
123848,2025-03-31,test
123848,2025-04-30,test
123848,2025-05-31,test
123848,2025-06-30,test
123848,2025-07-31,test
123848,2025-08-31,test
123848,2025-09-30,test
123848,2025-10-31,test
123848,2025-11-30,test
123848,2025-12-31,test
123854,2025-01-31,test
123854,2025-02-28,test
123854,2025-03-31,test
123854,2025-04-30,test
123854,2025-05-31,test
123854,2025-06-30,test
123854,2025-07-31,test
123854,2025-08-31,test
123854,2025-09-30,test
123854,2025-10-31,test
123854,2025-11-30,test
123854,2025-12-31,test
123872,2025-01-31,test
123872,2025-02-28,test
123872,2025-03-31,test
123872,2025-04-30,test
123872,2025-05-31,test
123872,2025-06-30,test
123872,2025-07-31,test
123872,2025-08-31,test
123872,2025-09-30,test
123872,2025-10-31,test
123872,2025-11-30,test
123872,2025-12-31,test
123873,2025-01-31,test
123873,2025-02-28,test
123873,2025-03-31,test
123873,2025-04-30,test
123873,2025-05-31,test
123873,2025-06-30,test
123873,2025-07-31,test
123873,2025-08-31,test
123873,2025-09-30,test
123873,2025-10-31,test
123873,2025-11-30,test
123873,2025-12-31,test
123875,2025-01-31,test
123875,2025-02-28,test
123875,2025-03-31,test
123875,2025-04-30,test
123875,2025-05-31,test
123875,2025-06-30,test
123875,2025-07-31,test
123875,2025-08-31,test
123875,2025-09-30,test
123875,2025-10-31,test
123875,2025-11-30,test
123875,2025-12-31,test
123876,2025-01-31,test
123876,2025-02-28,test
123876,2025-03-31,test
123876,2025-04-30,test
123876,2025-05-31,test
123876,2025-06-30,test
123876,2025-07-31,test
123876,2025-08-31,test
123876,2025-09-30,test
123876,2025-10-31,test
123876,2025-11-30,test
123876,2025-12-31,test
123877,2025-01-31,test
123877,2025-02-28,test
123877,2025-03-31,test
123877,2025-04-30,test
123877,2025-05-31,test
123877,2025-06-30,test
123877,2025-07-31,test
123877,2025-08-31,test
123877,2025-09-30,test
123877,2025-10-31,test
123877,2025-11-30,test
123877,2025-12-31,test
123878,2025-01-31,test
123878,2025-02-28,test
123878,2025-03-31,test
123878,2025-04-30,test
123878,2025-05-31,test
123878,2025-06-30,test
123878,2025-07-31,test
123878,2025-08-31,test
123878,2025-09-30,test
123878,2025-10-31,test
123878,2025-11-30,test
123878,2025-12-31,test
123879,2025-01-31,test
123879,2025-02-28,test
123879,2025-03-31,test
123879,2025-04-30,test
123879,2025-05-31,test
123879,2025-06-30,test
123879,2025-07-31,test
123879,2025-08-31,test
123879,2025-09-30,test
123879,2025-10-31,test
123879,2025-11-30,test
123879,2025-12-31,test
123880,2025-01-31,test
123880,2025-02-28,test
123880,2025-03-31,test
123880,2025-04-30,test
123880,2025-05-31,test
123880,2025-06-30,test
123880,2025-07-31,test
123880,2025-08-31,test
123880,2025-09-30,test
123880,2025-10-31,test
123880,2025-11-30,test
123880,2025-12-31,test
123881,2025-01-31,test
123881,2025-02-28,test
123881,2025-03-31,test
123881,2025-04-30,test
123881,2025-05-31,test
123881,2025-06-30,test
123881,2025-07-31,test
123881,2025-08-31,test
123881,2025-09-30,test
123881,2025-10-31,test
123881,2025-11-30,test
123881,2025-12-31,test
123884,2025-01-31,test
123884,2025-02-28,test
123884,2025-03-31,test
123884,2025-04-30,test
123884,2025-05-31,test
123884,2025-06-30,test
123884,2025-07-31,test
123884,2025-08-31,test
123884,2025-09-30,test
123884,2025-10-31,test
123884,2025-11-30,test
123884,2025-12-31,test
123885,2025-01-31,test
123885,2025-02-28,test
123885,2025-03-31,test
123895,2025-01-31,test
123895,2025-02-28,test
123895,2025-03-31,test
123895,2025-04-30,test
123895,2025-05-31,test
123895,2025-06-30,test
123895,2025-07-31,test
123895,2025-08-31,test
123895,2025-09-30,test
123895,2025-10-31,test
123895,2025-11-30,test
123895,2025-12-31,test
123896,2025-01-31,test
123896,2025-02-28,test
123896,2025-03-31,test
123896,2025-04-30,test
123896,2025-05-31,test
123896,2025-06-30,test
123896,2025-07-31,test
123896,2025-08-31,test
123896,2025-09-30,test
123896,2025-10-31,test
123896,2025-11-30,test
123896,2025-12-31,test
123902,2025-01-31,test
123902,2025-02-28,test
123902,2025-03-31,test
123902,2025-04-30,test
123902,2025-05-31,test
123902,2025-06-30,test
123902,2025-07-31,test
123902,2025-08-31,test
123902,2025-09-30,test
123902,2025-10-31,test
123902,2025-11-30,test
123902,2025-12-31,test
123909,2025-01-31,test
123909,2025-02-28,test
123909,2025-03-31,test
123909,2025-04-30,test
123909,2025-05-31,test
123909,2025-06-30,test
123909,2025-07-31,test
123909,2025-08-31,test
123909,2025-09-30,test
123909,2025-10-31,test
123909,2025-11-30,test
123909,2025-12-31,test
123917,2025-01-31,test
123917,2025-02-28,test
123917,2025-03-31,test
123917,2025-04-30,test
123917,2025-05-31,test
123917,2025-06-30,test
123917,2025-07-31,test
123917,2025-08-31,test
123917,2025-09-30,test
123917,2025-10-31,test
123917,2025-11-30,test
123917,2025-12-31,test
123927,2025-01-31,test
123927,2025-02-28,test
123927,2025-03-31,test
123927,2025-04-30,test
123927,2025-05-31,test
123927,2025-06-30,test
123927,2025-07-31,test
123927,2025-08-31,test
123927,2025-09-30,test
123927,2025-10-31,test
123927,2025-11-30,test
123927,2025-12-31,test
123935,2025-01-31,test
123935,2025-02-28,test
123935,2025-03-31,test
123935,2025-04-30,test
123935,2025-05-31,test
123935,2025-06-30,test
123935,2025-07-31,test
123935,2025-08-31,test
123935,2025-09-30,test
123935,2025-10-31,test
123935,2025-11-30,test
123935,2025-12-31,test
123948,2025-01-31,test
123948,2025-02-28,test
123948,2025-03-31,test
123948,2025-04-30,test
123948,2025-05-31,test
123948,2025-06-30,test
123948,2025-07-31,test
123948,2025-08-31,test
123948,2025-09-30,test
123948,2025-10-31,test
123948,2025-11-30,test
123948,2025-12-31,test
123953,2025-01-31,test
123953,2025-02-28,test
123953,2025-03-31,test
123953,2025-04-30,test
123953,2025-05-31,test
123953,2025-06-30,test
123953,2025-07-31,test
123953,2025-08-31,test
123953,2025-09-30,test
123953,2025-10-31,test
123953,2025-11-30,test
123953,2025-12-31,test
123954,2025-01-31,test
123954,2025-02-28,test
123954,2025-03-31,test
123954,2025-04-30,test
123954,2025-05-31,test
123954,2025-06-30,test
123954,2025-07-31,test
123954,2025-08-31,test
123954,2025-09-30,test
123954,2025-10-31,test
123954,2025-11-30,test
123954,2025-12-31,test
123955,2025-01-31,test
123955,2025-02-28,test
123955,2025-03-31,test
123955,2025-04-30,test
123955,2025-05-31,test
123955,2025-06-30,test
123955,2025-07-31,test
123955,2025-08-31,test
123955,2025-09-30,test
123955,2025-10-31,test
123955,2025-11-30,test
123955,2025-12-31,test
123963,2025-01-31,test
123963,2025-02-28,test
123963,2025-03-31,test
123963,2025-04-30,test
123963,2025-05-31,test
123963,2025-06-30,test
123963,2025-07-31,test
123963,2025-08-31,test
123963,2025-09-30,test
123963,2025-10-31,test
123963,2025-11-30,test
123963,2025-12-31,test
123964,2025-01-31,test
123964,2025-02-28,test
123964,2025-03-31,test
123964,2025-04-30,test
123964,2025-05-31,test
123964,2025-06-30,test
123964,2025-07-31,test
123964,2025-08-31,test
123964,2025-09-30,test
123964,2025-10-31,test
123964,2025-11-30,test
123964,2025-12-31,test
123965,2025-01-31,test
123965,2025-02-28,test
123965,2025-03-31,test
123965,2025-04-30,test
123965,2025-05-31,test
123965,2025-06-30,test
123965,2025-07-31,test
123966,2025-01-31,test
123966,2025-02-28,test
123966,2025-03-31,test
123966,2025-04-30,test
123966,2025-05-31,test
123966,2025-06-30,test
123966,2025-07-31,test
123967,2025-01-31,test
123967,2025-02-28,test
123967,2025-03-31,test
123967,2025-04-30,test
123967,2025-05-31,test
123967,2025-06-30,test
123967,2025-07-31,test
123967,2025-08-31,test
123967,2025-09-30,test
123967,2025-10-31,test
123967,2025-11-30,test
123967,2025-12-31,test
123968,2025-01-31,test
123968,2025-02-28,test
123968,2025-03-31,test
123968,2025-04-30,test
123968,2025-05-31,test
123968,2025-06-30,test
123968,2025-07-31,test
123968,2025-08-31,test
123968,2025-09-30,test
123968,2025-10-31,test
123968,2025-11-30,test
123968,2025-12-31,test
123985,2025-01-31,test
123985,2025-02-28,test
123985,2025-03-31,test
123985,2025-04-30,test
123985,2025-05-31,test
123985,2025-06-30,test
123985,2025-07-31,test
123985,2025-08-31,test
123985,2025-09-30,test
123985,2025-10-31,test
123985,2025-11-30,test
123985,2025-12-31,test
123986,2025-01-31,test
123986,2025-02-28,test
123986,2025-03-31,test
123986,2025-04-30,test
123986,2025-05-31,test
123986,2025-06-30,test
123986,2025-07-31,test
123986,2025-08-31,test
123986,2025-09-30,test
123986,2025-10-31,test
123986,2025-11-30,test
123986,2025-12-31,test
123991,2025-01-31,test
123991,2025-02-28,test
123991,2025-03-31,test
123991,2025-04-30,test
123991,2025-05-31,test
123991,2025-06-30,test
123991,2025-07-31,test
123991,2025-08-31,test
123991,2025-09-30,test
123991,2025-10-31,test
123991,2025-11-30,test
123991,2025-12-31,test
123996,2025-01-31,test
123996,2025-02-28,test
123996,2025-03-31,test
123996,2025-04-30,test
123996,2025-05-31,test
123996,2025-06-30,test
123996,2025-07-31,test
123996,2025-08-31,test
123996,2025-09-30,test
123996,2025-10-31,test
123996,2025-11-30,test
123996,2025-12-31,test
123997,2025-01-31,test
123997,2025-02-28,test
123997,2025-03-31,test
123997,2025-04-30,test
123997,2025-05-31,test
123997,2025-06-30,test
123997,2025-07-31,test
123997,2025-08-31,test
123997,2025-09-30,test
123997,2025-10-31,test
123997,2025-11-30,test
123997,2025-12-31,test
123999,2025-01-31,test
123999,2025-02-28,test
123999,2025-03-31,test
123999,2025-04-30,test
123999,2025-05-31,test
123999,2025-06-30,test
123999,2025-07-31,test
123999,2025-08-31,test
123999,2025-09-30,test
123999,2025-10-31,test
123999,2025-11-30,test
123999,2025-12-31,test
124006,2025-01-31,test
124006,2025-02-28,test
124006,2025-03-31,test
124006,2025-04-30,test
124006,2025-05-31,test
124006,2025-06-30,test
124006,2025-07-31,test
124006,2025-08-31,test
124006,2025-09-30,test
124006,2025-10-31,test
124006,2025-11-30,test
124006,2025-12-31,test
124009,2025-01-31,test
124009,2025-02-28,test
124009,2025-03-31,test
124009,2025-04-30,test
124009,2025-05-31,test
124009,2025-06-30,test
124009,2025-07-31,test
124009,2025-08-31,test
124009,2025-09-30,test
124009,2025-10-31,test
124009,2025-11-30,test
124009,2025-12-31,test
124018,2025-01-31,test
124018,2025-02-28,test
124018,2025-03-31,test
124018,2025-04-30,test
124018,2025-05-31,test
124018,2025-06-30,test
124018,2025-07-31,test
124018,2025-08-31,test
124018,2025-09-30,test
124018,2025-10-31,test
124018,2025-11-30,test
124018,2025-12-31,test
124029,2025-01-31,test
124029,2025-02-28,test
124029,2025-03-31,test
124029,2025-04-30,test
124029,2025-05-31,test
124029,2025-06-30,test
124029,2025-07-31,test
124029,2025-08-31,test
124029,2025-09-30,test
124030,2025-01-31,test
124030,2025-02-28,test
124030,2025-03-31,test
124030,2025-04-30,test
124030,2025-05-31,test
124030,2025-06-30,test
124030,2025-07-31,test
124030,2025-08-31,test
124030,2025-09-30,test
124031,2025-01-31,test
124031,2025-02-28,test
124031,2025-03-31,test
124031,2025-04-30,test
124031,2025-05-31,test
124031,2025-06-30,test
124031,2025-07-31,test
124031,2025-08-31,test
124031,2025-09-30,test
124031,2025-10-31,test
124031,2025-11-30,test
124031,2025-12-31,test
124056,2025-01-31,test
124056,2025-02-28,test
124056,2025-03-31,test
124056,2025-04-30,test
124056,2025-05-31,test
124056,2025-06-30,test
124056,2025-07-31,test
124056,2025-08-31,test
124056,2025-09-30,test
124056,2025-10-31,test
124056,2025-11-30,test
124056,2025-12-31,test
124058,2025-01-31,test
124058,2025-02-28,test
124058,2025-03-31,test
124058,2025-04-30,test
124058,2025-05-31,test
124058,2025-06-30,test
124058,2025-07-31,test
124058,2025-08-31,test
124058,2025-09-30,test
124058,2025-10-31,test
124058,2025-11-30,test
124058,2025-12-31,test
124060,2025-01-31,test
124060,2025-02-28,test
124060,2025-03-31,test
124060,2025-04-30,test
124060,2025-05-31,test
124060,2025-06-30,test
124060,2025-07-31,test
124060,2025-08-31,test
124060,2025-09-30,test
124060,2025-10-31,test
124060,2025-11-30,test
124060,2025-12-31,test
124067,2025-01-31,test
124067,2025-02-28,test
124067,2025-03-31,test
124067,2025-04-30,test
124067,2025-05-31,test
124067,2025-06-30,test
124067,2025-07-31,test
124067,2025-08-31,test
124067,2025-09-30,test
124067,2025-10-31,test
124067,2025-11-30,test
124067,2025-12-31,test
124071,2025-01-31,test
124071,2025-02-28,test
124071,2025-03-31,test
124071,2025-04-30,test
124071,2025-05-31,test
124071,2025-06-30,test
124071,2025-07-31,test
124071,2025-08-31,test
124071,2025-09-30,test
124071,2025-10-31,test
124071,2025-11-30,test
124071,2025-12-31,test
124072,2025-01-31,test
124072,2025-02-28,test
124072,2025-03-31,test
124072,2025-04-30,test
124072,2025-05-31,test
124072,2025-06-30,test
124072,2025-07-31,test
124072,2025-08-31,test
124072,2025-09-30,test
124072,2025-10-31,test
124072,2025-11-30,test
124072,2025-12-31,test
124074,2025-01-31,test
124074,2025-02-28,test
124074,2025-03-31,test
124074,2025-04-30,test
124074,2025-05-31,test
124074,2025-06-30,test
124074,2025-07-31,test
124074,2025-08-31,test
124074,2025-09-30,test
124074,2025-10-31,test
124074,2025-11-30,test
124074,2025-12-31,test
124090,2025-01-31,test
124090,2025-02-28,test
124090,2025-03-31,test
124090,2025-04-30,test
124090,2025-05-31,test
124090,2025-06-30,test
124090,2025-07-31,test
124090,2025-08-31,test
124090,2025-09-30,test
124090,2025-10-31,test
124090,2025-11-30,test
124090,2025-12-31,test
124091,2025-01-31,test
124091,2025-02-28,test
124091,2025-03-31,test
124091,2025-04-30,test
124091,2025-05-31,test
124091,2025-06-30,test
124091,2025-07-31,test
124091,2025-08-31,test
124091,2025-09-30,test
124091,2025-10-31,test
124091,2025-11-30,test
124091,2025-12-31,test
124094,2025-01-31,test
124094,2025-02-28,test
124094,2025-03-31,test
124094,2025-04-30,test
124094,2025-05-31,test
124094,2025-06-30,test
124094,2025-07-31,test
124094,2025-08-31,test
124094,2025-09-30,test
124094,2025-10-31,test
124094,2025-11-30,test
124094,2025-12-31,test
124106,2025-01-31,test
124106,2025-02-28,test
124106,2025-03-31,test
124106,2025-04-30,test
124106,2025-05-31,test
124106,2025-06-30,test
124106,2025-07-31,test
124106,2025-08-31,test
124106,2025-09-30,test
124106,2025-10-31,test
124106,2025-11-30,test
124106,2025-12-31,test
124107,2025-01-31,test
124107,2025-02-28,test
124107,2025-03-31,test
124107,2025-04-30,test
124107,2025-05-31,test
124107,2025-06-30,test
124107,2025-07-31,test
124107,2025-08-31,test
124107,2025-09-30,test
124107,2025-10-31,test
124107,2025-11-30,test
124107,2025-12-31,test
124115,2025-01-31,test
124115,2025-02-28,test
124115,2025-03-31,test
124115,2025-04-30,test
124115,2025-05-31,test
124115,2025-06-30,test
124115,2025-07-31,test
124115,2025-08-31,test
124115,2025-09-30,test
124115,2025-10-31,test
124115,2025-11-30,test
124115,2025-12-31,test
124116,2025-01-31,test
124116,2025-02-28,test
124116,2025-03-31,test
124116,2025-04-30,test
124116,2025-05-31,test
124116,2025-06-30,test
124116,2025-07-31,test
124116,2025-08-31,test
124116,2025-09-30,test
124116,2025-10-31,test
124116,2025-11-30,test
124116,2025-12-31,test
124130,2025-01-31,test
124130,2025-02-28,test
124130,2025-03-31,test
124130,2025-04-30,test
124130,2025-05-31,test
124130,2025-06-30,test
124130,2025-07-31,test
124130,2025-08-31,test
124130,2025-09-30,test
124130,2025-10-31,test
124130,2025-11-30,test
124130,2025-12-31,test
124131,2025-01-31,test
124131,2025-02-28,test
124131,2025-03-31,test
124131,2025-04-30,test
124131,2025-05-31,test
124131,2025-06-30,test
124131,2025-07-31,test
124131,2025-08-31,test
124131,2025-09-30,test
124131,2025-10-31,test
124131,2025-11-30,test
124131,2025-12-31,test
124158,2025-01-31,test
124162,2025-01-31,test
124162,2025-02-28,test
124162,2025-03-31,test
124162,2025-04-30,test
124162,2025-05-31,test
124162,2025-06-30,test
124162,2025-07-31,test
124162,2025-08-31,test
124162,2025-09-30,test
124162,2025-10-31,test
124162,2025-11-30,test
124162,2025-12-31,test
124177,2025-01-31,test
124177,2025-02-28,test
124177,2025-03-31,test
124177,2025-04-30,test
124177,2025-05-31,test
124177,2025-06-30,test
124178,2025-01-31,test
124178,2025-02-28,test
124178,2025-03-31,test
124178,2025-04-30,test
124178,2025-05-31,test
124178,2025-06-30,test
124207,2025-01-31,test
124207,2025-02-28,test
124207,2025-03-31,test
124207,2025-04-30,test
124207,2025-05-31,test
124207,2025-06-30,test
124207,2025-07-31,test
124207,2025-08-31,test
124207,2025-09-30,test
124207,2025-10-31,test
124207,2025-11-30,test
124207,2025-12-31,test
124211,2025-01-31,test
124211,2025-02-28,test
124211,2025-03-31,test
124211,2025-04-30,test
124211,2025-05-31,test
124211,2025-06-30,test
124211,2025-07-31,test
124211,2025-08-31,test
124211,2025-09-30,test
124211,2025-10-31,test
124211,2025-11-30,test
124211,2025-12-31,test
124212,2025-01-31,test
124212,2025-02-28,test
124212,2025-03-31,test
124212,2025-04-30,test
124212,2025-05-31,test
124212,2025-06-30,test
124212,2025-07-31,test
124212,2025-08-31,test
124212,2025-09-30,test
124212,2025-10-31,test
124212,2025-11-30,test
124212,2025-12-31,test
124218,2025-01-31,test
124218,2025-02-28,test
124218,2025-03-31,test
124218,2025-04-30,test
124218,2025-05-31,test
124218,2025-06-30,test
124218,2025-07-31,test
124219,2025-01-31,test
124219,2025-02-28,test
124219,2025-03-31,test
124219,2025-04-30,test
124219,2025-05-31,test
124219,2025-06-30,test
124219,2025-07-31,test
124229,2025-01-31,test
124229,2025-02-28,test
124229,2025-03-31,test
124229,2025-04-30,test
124229,2025-05-31,test
124229,2025-06-30,test
124230,2025-01-31,test
124230,2025-02-28,test
124230,2025-03-31,test
124230,2025-04-30,test
124230,2025-05-31,test
124230,2025-06-30,test
124230,2025-07-31,test
124230,2025-08-31,test
124230,2025-09-30,test
124230,2025-10-31,test
124230,2025-11-30,test
124230,2025-12-31,test
124236,2025-01-31,test
124236,2025-02-28,test
124236,2025-03-31,test
124236,2025-04-30,test
124236,2025-05-31,test
124236,2025-06-30,test
124236,2025-07-31,test
124236,2025-08-31,test
124236,2025-09-30,test
124236,2025-10-31,test
124236,2025-11-30,test
124236,2025-12-31,test
124237,2025-01-31,test
124237,2025-02-28,test
124237,2025-03-31,test
124237,2025-04-30,test
124237,2025-05-31,test
124237,2025-06-30,test
124237,2025-07-31,test
124237,2025-08-31,test
124237,2025-09-30,test
124237,2025-10-31,test
124237,2025-11-30,test
124237,2025-12-31,test
124238,2025-01-31,test
124238,2025-02-28,test
124238,2025-03-31,test
124238,2025-04-30,test
124238,2025-05-31,test
124238,2025-06-30,test
124238,2025-07-31,test
124238,2025-08-31,test
124238,2025-09-30,test
124238,2025-10-31,test
124238,2025-11-30,test
124238,2025-12-31,test
124240,2025-01-31,test
124240,2025-02-28,test
124240,2025-03-31,test
124240,2025-04-30,test
124240,2025-05-31,test
124240,2025-06-30,test
124240,2025-07-31,test
124240,2025-08-31,test
124240,2025-09-30,test
124240,2025-10-31,test
124240,2025-11-30,test
124240,2025-12-31,test
124280,2025-01-31,test
124280,2025-02-28,test
124280,2025-03-31,test
124280,2025-04-30,test
124280,2025-05-31,test
124280,2025-06-30,test
124280,2025-07-31,test
124280,2025-08-31,test
124280,2025-09-30,test
124280,2025-10-31,test
124280,2025-11-30,test
124286,2025-01-31,test
124286,2025-02-28,test
124286,2025-03-31,test
124286,2025-04-30,test
124286,2025-05-31,test
124286,2025-06-30,test
124286,2025-07-31,test
124286,2025-08-31,test
124286,2025-09-30,test
124286,2025-10-31,test
124286,2025-11-30,test
124286,2025-12-31,test
124291,2025-01-31,test
124291,2025-02-28,test
124291,2025-03-31,test
124291,2025-04-30,test
124291,2025-05-31,test
124291,2025-06-30,test
124291,2025-07-31,test
124291,2025-08-31,test
124291,2025-09-30,test
124291,2025-10-31,test
124291,2025-11-30,test
124291,2025-12-31,test
124300,2025-01-31,test
124300,2025-02-28,test
124300,2025-03-31,test
124300,2025-04-30,test
124300,2025-05-31,test
124300,2025-06-30,test
124300,2025-07-31,test
124300,2025-08-31,test
124300,2025-09-30,test
124300,2025-10-31,test
124300,2025-11-30,test
124300,2025-12-31,test
124303,2025-01-31,test
124303,2025-02-28,test
124303,2025-03-31,test
124303,2025-04-30,test
124303,2025-05-31,test
124303,2025-06-30,test
124303,2025-07-31,test
124303,2025-08-31,test
124303,2025-09-30,test
124303,2025-10-31,test
124303,2025-11-30,test
124303,2025-12-31,test
124323,2025-01-31,test
124323,2025-02-28,test
124330,2025-01-31,test
124330,2025-02-28,test
124330,2025-03-31,test
124330,2025-04-30,test
124330,2025-05-31,test
124330,2025-06-30,test
124330,2025-07-31,test
124330,2025-08-31,test
124330,2025-09-30,test
124330,2025-10-31,test
124330,2025-11-30,test
124330,2025-12-31,test
124338,2025-01-31,test
124338,2025-02-28,test
124338,2025-03-31,test
124338,2025-04-30,test
124338,2025-05-31,test
124338,2025-06-30,test
124338,2025-07-31,test
124338,2025-08-31,test
124338,2025-09-30,test
124338,2025-10-31,test
124338,2025-11-30,test
124338,2025-12-31,test
124339,2025-01-31,test
124339,2025-02-28,test
124339,2025-03-31,test
124339,2025-04-30,test
124339,2025-05-31,test
124339,2025-06-30,test
124339,2025-07-31,test
124339,2025-08-31,test
124339,2025-09-30,test
124339,2025-10-31,test
124339,2025-11-30,test
124339,2025-12-31,test
124340,2025-01-31,test
124340,2025-02-28,test
124340,2025-03-31,test
124340,2025-04-30,test
124340,2025-05-31,test
124340,2025-06-30,test
124340,2025-07-31,test
124341,2025-01-31,test
124341,2025-02-28,test
124341,2025-03-31,test
124341,2025-04-30,test
124341,2025-05-31,test
124341,2025-06-30,test
124341,2025-07-31,test
124346,2025-01-31,test
124346,2025-02-28,test
124346,2025-03-31,test
124346,2025-04-30,test
124346,2025-05-31,test
124346,2025-06-30,test
124346,2025-07-31,test
124346,2025-08-31,test
124346,2025-09-30,test
124346,2025-10-31,test
124346,2025-11-30,test
124346,2025-12-31,test
124347,2025-01-31,test
124347,2025-02-28,test
124347,2025-03-31,test
124347,2025-04-30,test
124347,2025-05-31,test
124347,2025-06-30,test
124347,2025-07-31,test
124347,2025-08-31,test
124347,2025-09-30,test
124347,2025-10-31,test
124347,2025-11-30,test
124347,2025-12-31,test
124353,2025-01-31,test
124353,2025-02-28,test
124353,2025-03-31,test
124353,2025-04-30,test
124353,2025-05-31,test
124353,2025-06-30,test
124353,2025-07-31,test
124353,2025-08-31,test
124353,2025-09-30,test
124353,2025-10-31,test
124353,2025-11-30,test
124353,2025-12-31,test
124354,2025-01-31,test
124354,2025-02-28,test
124354,2025-03-31,test
124354,2025-04-30,test
124354,2025-05-31,test
124354,2025-06-30,test
124354,2025-07-31,test
124354,2025-08-31,test
124354,2025-09-30,test
124354,2025-10-31,test
124354,2025-11-30,test
124354,2025-12-31,test
124361,2025-01-31,test
124361,2025-02-28,test
124361,2025-03-31,test
124361,2025-04-30,test
124367,2025-01-31,test
124367,2025-02-28,test
124367,2025-03-31,test
124367,2025-04-30,test
124367,2025-05-31,test
124367,2025-06-30,test
124367,2025-07-31,test
124367,2025-08-31,test
124367,2025-09-30,test
124367,2025-10-31,test
124367,2025-11-30,test
124367,2025-12-31,test
124371,2025-01-31,test
124371,2025-02-28,test
124371,2025-03-31,test
124371,2025-04-30,test
124371,2025-05-31,test
124371,2025-06-30,test
124371,2025-07-31,test
124371,2025-08-31,test
124371,2025-09-30,test
124371,2025-10-31,test
124371,2025-11-30,test
124371,2025-12-31,test
124380,2025-01-31,test
124380,2025-02-28,test
124380,2025-03-31,test
124380,2025-04-30,test
124380,2025-05-31,test
124380,2025-06-30,test
124380,2025-07-31,test
124380,2025-08-31,test
124380,2025-09-30,test
124380,2025-10-31,test
124380,2025-11-30,test
124380,2025-12-31,test
124399,2025-01-31,test
124399,2025-02-28,test
124402,2025-01-31,test
124402,2025-02-28,test
124402,2025-03-31,test
124402,2025-04-30,test
124402,2025-05-31,test
124402,2025-06-30,test
124402,2025-07-31,test
124402,2025-08-31,test
124402,2025-09-30,test
124402,2025-10-31,test
124402,2025-11-30,test
124402,2025-12-31,test
124407,2025-01-31,test
124407,2025-02-28,test
124407,2025-03-31,test
124407,2025-04-30,test
124407,2025-05-31,test
124407,2025-06-30,test
124407,2025-07-31,test
124407,2025-08-31,test
124407,2025-09-30,test
124407,2025-10-31,test
124420,2025-01-31,test
124420,2025-02-28,test
124420,2025-03-31,test
124420,2025-04-30,test
124420,2025-05-31,test
124420,2025-06-30,test
124420,2025-07-31,test
124420,2025-08-31,test
124420,2025-09-30,test
124420,2025-10-31,test
124420,2025-11-30,test
124420,2025-12-31,test
124424,2025-01-31,test
124424,2025-02-28,test
124424,2025-03-31,test
124424,2025-04-30,test
124424,2025-05-31,test
124424,2025-06-30,test
124424,2025-07-31,test
124424,2025-08-31,test
124424,2025-09-30,test
124424,2025-10-31,test
124424,2025-11-30,test
124424,2025-12-31,test
124438,2025-01-31,test
124438,2025-02-28,test
124438,2025-03-31,test
124438,2025-04-30,test
124438,2025-05-31,test
124438,2025-06-30,test
124438,2025-07-31,test
124438,2025-08-31,test
124438,2025-09-30,test
124459,2025-01-31,test
124459,2025-02-28,test
124459,2025-03-31,test
124459,2025-04-30,test
124459,2025-05-31,test
124459,2025-06-30,test
124459,2025-07-31,test
124459,2025-08-31,test
124459,2025-09-30,test
124459,2025-10-31,test
124459,2025-11-30,test
124459,2025-12-31,test
124473,2025-01-31,test
124473,2025-02-28,test
124473,2025-03-31,test
124473,2025-04-30,test
124473,2025-05-31,test
124473,2025-06-30,test
124473,2025-07-31,test
124473,2025-08-31,test
124473,2025-09-30,test
124473,2025-10-31,test
124473,2025-11-30,test
124473,2025-12-31,test
124474,2025-01-31,test
124474,2025-02-28,test
124474,2025-03-31,test
124474,2025-04-30,test
124474,2025-05-31,test
124474,2025-06-30,test
124474,2025-07-31,test
124474,2025-08-31,test
124474,2025-09-30,test
124474,2025-10-31,test
124474,2025-11-30,test
124474,2025-12-31,test
124480,2025-01-31,test
124480,2025-02-28,test
124480,2025-03-31,test
124480,2025-04-30,test
124480,2025-05-31,test
124480,2025-06-30,test
124480,2025-07-31,test
124480,2025-08-31,test
124480,2025-09-30,test
124480,2025-10-31,test
124480,2025-11-30,test
124480,2025-12-31,test
124499,2025-01-31,test
124499,2025-02-28,test
124499,2025-03-31,test
124499,2025-04-30,test
124499,2025-05-31,test
124499,2025-06-30,test
124499,2025-07-31,test
124499,2025-08-31,test
124499,2025-09-30,test
124499,2025-10-31,test
124499,2025-11-30,test
124499,2025-12-31,test
124500,2025-01-31,test
124500,2025-02-28,test
124500,2025-03-31,test
124500,2025-04-30,test
124500,2025-05-31,test
124500,2025-06-30,test
124500,2025-07-31,test
124500,2025-08-31,test
124500,2025-09-30,test
124500,2025-10-31,test
124500,2025-11-30,test
124500,2025-12-31,test
124524,2025-01-31,test
124524,2025-02-28,test
124524,2025-03-31,test
124524,2025-04-30,test
124524,2025-05-31,test
124524,2025-06-30,test
124524,2025-07-31,test
124524,2025-08-31,test
124524,2025-09-30,test
124524,2025-10-31,test
124524,2025-11-30,test
124524,2025-12-31,test
124537,2025-01-31,test
124537,2025-02-28,test
124537,2025-03-31,test
124537,2025-04-30,test
124537,2025-05-31,test
124537,2025-06-30,test
124537,2025-07-31,test
124537,2025-08-31,test
124537,2025-09-30,test
124537,2025-10-31,test
124537,2025-11-30,test
124537,2025-12-31,test
124545,2025-01-31,test
124545,2025-02-28,test
124545,2025-03-31,test
124545,2025-04-30,test
124545,2025-05-31,test
124545,2025-06-30,test
124545,2025-07-31,test
124545,2025-08-31,test
124545,2025-09-30,test
124545,2025-10-31,test
124545,2025-11-30,test
124545,2025-12-31,test
124549,2025-01-31,test
124549,2025-02-28,test
124549,2025-03-31,test
124549,2025-04-30,test
124549,2025-05-31,test
124549,2025-06-30,test
124551,2025-01-31,test
124551,2025-02-28,test
124551,2025-03-31,test
124551,2025-04-30,test
124551,2025-05-31,test
124551,2025-06-30,test
124551,2025-07-31,test
124551,2025-08-31,test
124551,2025-09-30,test
124551,2025-10-31,test
124551,2025-11-30,test
124551,2025-12-31,test
124553,2025-01-31,test
124553,2025-02-28,test
124553,2025-03-31,test
124553,2025-04-30,test
124553,2025-05-31,test
124553,2025-06-30,test
124553,2025-07-31,test
124553,2025-08-31,test
124553,2025-09-30,test
124553,2025-10-31,test
124553,2025-11-30,test
124553,2025-12-31,test
124556,2025-01-31,test
124556,2025-02-28,test
124556,2025-03-31,test
124556,2025-04-30,test
124556,2025-05-31,test
124556,2025-06-30,test
124556,2025-07-31,test
124556,2025-08-31,test
124556,2025-09-30,test
124556,2025-10-31,test
124556,2025-11-30,test
124556,2025-12-31,test
124557,2025-01-31,test
124557,2025-02-28,test
124557,2025-03-31,test
124557,2025-04-30,test
124557,2025-05-31,test
124557,2025-06-30,test
124557,2025-07-31,test
124557,2025-08-31,test
124557,2025-09-30,test
124557,2025-10-31,test
124573,2025-01-31,test
124573,2025-02-28,test
124573,2025-03-31,test
124573,2025-04-30,test
124573,2025-05-31,test
124573,2025-06-30,test
124573,2025-07-31,test
124573,2025-08-31,test
124573,2025-09-30,test
124573,2025-10-31,test
124573,2025-11-30,test
124573,2025-12-31,test
124665,2025-01-31,test
124665,2025-02-28,test
124665,2025-03-31,test
124665,2025-04-30,test
124665,2025-05-31,test
124665,2025-06-30,test
124665,2025-07-31,test
124665,2025-08-31,test
124665,2025-09-30,test
124665,2025-10-31,test
124665,2025-11-30,test
124665,2025-12-31,test
125168,2025-01-31,test
125168,2025-02-28,test
125168,2025-03-31,test
125168,2025-04-30,test
125168,2025-05-31,test
125168,2025-06-30,test
125168,2025-07-31,test
125168,2025-08-31,test
125168,2025-09-30,test
125168,2025-10-31,test
125168,2025-11-30,test
125168,2025-12-31,test
125179,2025-01-31,test
125241,2025-01-31,test
125241,2025-02-28,test
125241,2025-03-31,test
125241,2025-04-30,test
125241,2025-05-31,test
125241,2025-06-30,test
125241,2025-07-31,test
125241,2025-08-31,test
125241,2025-09-30,test
125241,2025-10-31,test
125241,2025-11-30,test
125241,2025-12-31,test
125252,2025-01-31,test
125252,2025-02-28,test
125252,2025-03-31,test
125252,2025-04-30,test
125252,2025-05-31,test
125252,2025-06-30,test
125252,2025-07-31,test
125252,2025-08-31,test
125252,2025-09-30,test
125252,2025-10-31,test
125252,2025-11-30,test
125252,2025-12-31,test
125888,2025-01-31,test
125888,2025-02-28,test
125888,2025-03-31,test
125888,2025-04-30,test
125888,2025-05-31,test
125888,2025-06-30,test
125888,2025-07-31,test
125888,2025-08-31,test
125888,2025-09-30,test
125888,2025-10-31,test
125888,2025-11-30,test
125888,2025-12-31,test
125889,2025-01-31,test
125889,2025-02-28,test
125889,2025-03-31,test
125889,2025-04-30,test
125889,2025-05-31,test
125889,2025-06-30,test
125889,2025-07-31,test
125889,2025-08-31,test
125889,2025-09-30,test
125889,2025-10-31,test
125889,2025-11-30,test
125889,2025-12-31,test
126143,2025-01-31,test
126143,2025-02-28,test
126143,2025-03-31,test
126143,2025-04-30,test
126143,2025-05-31,test
126143,2025-06-30,test
126143,2025-07-31,test
126143,2025-08-31,test
126143,2025-09-30,test
126143,2025-10-31,test
126143,2025-11-30,test
126143,2025-12-31,test
126170,2025-01-31,test
126170,2025-02-28,test
126170,2025-03-31,test
126170,2025-04-30,test
126170,2025-05-31,test
126170,2025-06-30,test
126170,2025-07-31,test
126170,2025-08-31,test
126170,2025-09-30,test
126170,2025-10-31,test
126170,2025-11-30,test
126170,2025-12-31,test
126362,2025-01-31,test
126362,2025-02-28,test
126362,2025-03-31,test
126362,2025-04-30,test
126362,2025-05-31,test
126362,2025-06-30,test
126362,2025-07-31,test
126362,2025-08-31,test
126362,2025-09-30,test
126362,2025-10-31,test
126362,2025-11-30,test
126362,2025-12-31,test
126500,2025-01-31,test
126500,2025-02-28,test
126500,2025-03-31,test
126500,2025-04-30,test
126500,2025-05-31,test
126500,2025-06-30,test
126500,2025-07-31,test
126500,2025-08-31,test
126500,2025-09-30,test
126500,2025-10-31,test
126500,2025-11-30,test
126500,2025-12-31,test
128068,2025-01-31,test
128068,2025-02-28,test
128068,2025-03-31,test
128068,2025-04-30,test
128068,2025-05-31,test
128068,2025-06-30,test
128068,2025-07-31,test
128068,2025-08-31,test
128068,2025-09-30,test
128068,2025-10-31,test
128068,2025-11-30,test
128068,2025-12-31,test
129877,2025-01-31,test
129877,2025-02-28,test
129877,2025-03-31,test
129877,2025-04-30,test
129877,2025-05-31,test
129877,2025-06-30,test
129877,2025-07-31,test
129877,2025-08-31,test
129877,2025-09-30,test
129877,2025-10-31,test
129877,2025-11-30,test
129877,2025-12-31,test
130176,2025-01-31,test
130176,2025-02-28,test
130176,2025-03-31,test
130176,2025-04-30,test
130176,2025-05-31,test
130176,2025-06-30,test
130176,2025-07-31,test
130176,2025-08-31,test
130176,2025-09-30,test
130176,2025-10-31,test
130176,2025-11-30,test
130176,2025-12-31,test
130875,2025-01-31,test
130875,2025-02-28,test
130875,2025-03-31,test
130875,2025-04-30,test
130875,2025-05-31,test
130875,2025-06-30,test
130875,2025-07-31,test
130875,2025-08-31,test
130875,2025-09-30,test
130875,2025-10-31,test
130875,2025-11-30,test
130875,2025-12-31,test
131085,2025-01-31,test
131085,2025-02-28,test
131085,2025-03-31,test
131085,2025-04-30,test
131085,2025-05-31,test
131085,2025-06-30,test
131085,2025-07-31,test
131085,2025-08-31,test
131085,2025-09-30,test
131085,2025-10-31,test
131085,2025-11-30,test
131085,2025-12-31,test
131100,2025-01-31,test
131100,2025-02-28,test
131100,2025-03-31,test
131100,2025-04-30,test
131100,2025-05-31,test
131100,2025-06-30,test
131100,2025-07-31,test
131100,2025-08-31,test
131100,2025-09-30,test
131100,2025-10-31,test
131100,2025-11-30,test
131100,2025-12-31,test
131595,2025-01-31,test
131595,2025-02-28,test
131595,2025-03-31,test
131595,2025-04-30,test
131595,2025-05-31,test
131595,2025-06-30,test
132723,2025-01-31,test
132723,2025-02-28,test
132723,2025-03-31,test
132723,2025-04-30,test
132723,2025-05-31,test
132723,2025-06-30,test
132723,2025-07-31,test
132723,2025-08-31,test
132723,2025-09-30,test
132723,2025-10-31,test
132723,2025-11-30,test
132723,2025-12-31,test
132993,2025-01-31,test
132993,2025-02-28,test
132993,2025-03-31,test
132993,2025-04-30,test
132993,2025-05-31,test
132993,2025-06-30,test
132993,2025-07-31,test
132993,2025-08-31,test
132993,2025-09-30,test
132993,2025-10-31,test
132993,2025-11-30,test
132993,2025-12-31,test
133330,2025-01-31,test
133330,2025-02-28,test
133330,2025-03-31,test
133330,2025-04-30,test
133330,2025-05-31,test
133330,2025-06-30,test
133330,2025-07-31,test
133378,2025-01-31,test
133378,2025-02-28,test
133378,2025-03-31,test
133378,2025-04-30,test
133378,2025-05-31,test
133378,2025-06-30,test
133378,2025-07-31,test
133378,2025-08-31,test
133378,2025-09-30,test
133378,2025-10-31,test
133378,2025-11-30,test
133378,2025-12-31,test
133529,2025-01-31,test
133529,2025-02-28,test
133529,2025-03-31,test
133529,2025-04-30,test
133529,2025-05-31,test
133529,2025-06-30,test
133529,2025-07-31,test
133529,2025-08-31,test
133529,2025-09-30,test
133529,2025-10-31,test
133529,2025-11-30,test
133529,2025-12-31,test
133530,2025-01-31,test
133530,2025-02-28,test
133530,2025-03-31,test
133530,2025-04-30,test
133530,2025-05-31,test
133530,2025-06-30,test
133530,2025-07-31,test
133530,2025-08-31,test
133530,2025-09-30,test
133530,2025-10-31,test
133530,2025-11-30,test
133530,2025-12-31,test
133930,2025-01-31,test
133930,2025-02-28,test
133930,2025-03-31,test
133930,2025-04-30,test
133930,2025-05-31,test
133930,2025-06-30,test
133930,2025-07-31,test
133930,2025-08-31,test
133930,2025-09-30,test
133930,2025-10-31,test
133930,2025-11-30,test
133930,2025-12-31,test
134139,2025-01-31,test
134139,2025-02-28,test
134139,2025-03-31,test
134139,2025-04-30,test
134139,2025-05-31,test
134139,2025-06-30,test
134139,2025-07-31,test
134139,2025-08-31,test
134139,2025-09-30,test
134139,2025-10-31,test
134139,2025-11-30,test
134139,2025-12-31,test
134291,2025-01-31,test
134291,2025-02-28,test
134291,2025-03-31,test
134291,2025-04-30,test
134291,2025-05-31,test
134291,2025-06-30,test
134291,2025-07-31,test
134291,2025-08-31,test
134291,2025-09-30,test
134291,2025-10-31,test
134291,2025-11-30,test
134291,2025-12-31,test
134292,2025-01-31,test
134292,2025-02-28,test
134292,2025-03-31,test
134292,2025-04-30,test
134292,2025-05-31,test
134292,2025-06-30,test
134292,2025-07-31,test
134292,2025-08-31,test
134292,2025-09-30,test
134292,2025-10-31,test
134292,2025-11-30,test
134292,2025-12-31,test
134390,2025-01-31,test
134390,2025-02-28,test
134390,2025-03-31,test
134390,2025-04-30,test
134390,2025-05-31,test
134390,2025-06-30,test
134390,2025-07-31,test
134390,2025-08-31,test
134390,2025-09-30,test
134390,2025-10-31,test
134390,2025-11-30,test
134390,2025-12-31,test
134392,2025-01-31,test
134392,2025-02-28,test
134392,2025-03-31,test
134392,2025-04-30,test
134392,2025-05-31,test
134392,2025-06-30,test
134392,2025-07-31,test
134392,2025-08-31,test
134534,2025-01-31,test
134534,2025-02-28,test
134534,2025-03-31,test
134534,2025-04-30,test
134534,2025-05-31,test
134534,2025-06-30,test
134534,2025-07-31,test
134534,2025-08-31,test
134534,2025-09-30,test
134536,2025-01-31,test
134536,2025-02-28,test
134536,2025-03-31,test
134536,2025-04-30,test
134536,2025-05-31,test
134536,2025-06-30,test
134536,2025-07-31,test
134536,2025-08-31,test
134536,2025-09-30,test
134536,2025-10-31,test
134536,2025-11-30,test
134689,2025-01-31,test
134689,2025-02-28,test
134689,2025-03-31,test
134689,2025-04-30,test
134689,2025-05-31,test
134689,2025-06-30,test
134689,2025-07-31,test
134689,2025-08-31,test
134689,2025-09-30,test
134689,2025-10-31,test
134689,2025-11-30,test
134689,2025-12-31,test
134690,2025-01-31,test
134690,2025-02-28,test
134690,2025-03-31,test
134690,2025-04-30,test
134690,2025-05-31,test
134690,2025-06-30,test
134690,2025-07-31,test
134690,2025-08-31,test
134690,2025-09-30,test
134690,2025-10-31,test
134690,2025-11-30,test
134690,2025-12-31,test
134691,2025-01-31,test
134691,2025-02-28,test
134691,2025-03-31,test
134691,2025-04-30,test
134691,2025-05-31,test
134691,2025-06-30,test
134691,2025-07-31,test
134691,2025-08-31,test
134691,2025-09-30,test
134691,2025-10-31,test
134691,2025-11-30,test
134691,2025-12-31,test
134694,2025-01-31,test
134694,2025-02-28,test
134694,2025-03-31,test
134694,2025-04-30,test
134694,2025-05-31,test
134694,2025-06-30,test
134694,2025-07-31,test
134694,2025-08-31,test
134694,2025-09-30,test
134694,2025-10-31,test
134694,2025-11-30,test
134694,2025-12-31,test
134862,2025-01-31,test
134862,2025-02-28,test
134862,2025-03-31,test
134862,2025-04-30,test
134862,2025-05-31,test
134862,2025-06-30,test
134862,2025-07-31,test
134862,2025-08-31,test
134862,2025-09-30,test
134862,2025-10-31,test
134862,2025-11-30,test
134862,2025-12-31,test
134863,2025-01-31,test
134863,2025-02-28,test
134863,2025-03-31,test
134863,2025-04-30,test
134863,2025-05-31,test
134863,2025-06-30,test
134863,2025-07-31,test
134863,2025-08-31,test
134863,2025-09-30,test
134863,2025-10-31,test
134863,2025-11-30,test
134863,2025-12-31,test
134977,2025-01-31,test
134977,2025-02-28,test
134977,2025-03-31,test
134977,2025-04-30,test
134977,2025-05-31,test
134977,2025-06-30,test
134977,2025-07-31,test
134977,2025-08-31,test
134977,2025-09-30,test
134977,2025-10-31,test
134977,2025-11-30,test
134977,2025-12-31,test
135237,2025-01-31,test
135237,2025-02-28,test
135237,2025-03-31,test
135237,2025-04-30,test
135237,2025-05-31,test
135237,2025-06-30,test
135237,2025-07-31,test
135237,2025-08-31,test
135237,2025-09-30,test
135237,2025-10-31,test
135237,2025-11-30,test
135237,2025-12-31,test
135487,2025-01-31,test
135487,2025-02-28,test
135487,2025-03-31,test
135487,2025-04-30,test
135487,2025-05-31,test
135487,2025-06-30,test
135487,2025-07-31,test
135487,2025-08-31,test
135487,2025-09-30,test
135487,2025-10-31,test
135487,2025-11-30,test
135487,2025-12-31,test
135636,2025-01-31,test
135636,2025-02-28,test
135636,2025-03-31,test
135636,2025-04-30,test
135636,2025-05-31,test
135636,2025-06-30,test
135636,2025-07-31,test
135636,2025-08-31,test
135636,2025-09-30,test
135795,2025-01-31,test
135795,2025-02-28,test
135795,2025-03-31,test
135795,2025-04-30,test
135795,2025-05-31,test
135795,2025-06-30,test
135795,2025-07-31,test
135797,2025-01-31,test
135797,2025-02-28,test
135797,2025-03-31,test
135797,2025-04-30,test
135797,2025-05-31,test
135797,2025-06-30,test
135797,2025-07-31,test
135797,2025-08-31,test
135797,2025-09-30,test
135797,2025-10-31,test
135797,2025-11-30,test
135797,2025-12-31,test
135799,2025-01-31,test
135799,2025-02-28,test
135799,2025-03-31,test
135799,2025-04-30,test
135799,2025-05-31,test
135799,2025-06-30,test
135799,2025-07-31,test
135799,2025-08-31,test
135799,2025-09-30,test
135799,2025-10-31,test
135799,2025-11-30,test
135937,2025-01-31,test
135937,2025-02-28,test
135937,2025-03-31,test
135937,2025-04-30,test
135937,2025-05-31,test
135937,2025-06-30,test
135937,2025-07-31,test
136208,2025-01-31,test
136208,2025-02-28,test
136208,2025-03-31,test
136208,2025-04-30,test
136208,2025-05-31,test
136208,2025-06-30,test
136208,2025-07-31,test
136208,2025-08-31,test
136208,2025-09-30,test
136208,2025-10-31,test
136208,2025-11-30,test
136208,2025-12-31,test
136209,2025-01-31,test
136209,2025-02-28,test
136209,2025-03-31,test
136209,2025-04-30,test
136209,2025-05-31,test
136209,2025-06-30,test
136209,2025-07-31,test
136209,2025-08-31,test
136209,2025-09-30,test
136209,2025-10-31,test
136209,2025-11-30,test
136209,2025-12-31,test
136210,2025-01-31,test
136210,2025-02-28,test
136210,2025-03-31,test
136210,2025-04-30,test
136210,2025-05-31,test
136210,2025-06-30,test
136210,2025-07-31,test
136210,2025-08-31,test
136210,2025-09-30,test
136210,2025-10-31,test
136210,2025-11-30,test
136210,2025-12-31,test
136384,2025-01-31,test
136384,2025-02-28,test
136384,2025-03-31,test
136384,2025-04-30,test
136384,2025-05-31,test
136384,2025-06-30,test
136384,2025-07-31,test
136384,2025-08-31,test
136384,2025-09-30,test
136384,2025-10-31,test
136384,2025-11-30,test
136384,2025-12-31,test
136590,2025-01-31,test
136590,2025-02-28,test
136590,2025-03-31,test
136590,2025-04-30,test
136590,2025-05-31,test
136590,2025-06-30,test
136733,2025-01-31,test
136733,2025-02-28,test
136733,2025-03-31,test
136733,2025-04-30,test
136733,2025-05-31,test
136733,2025-06-30,test
136733,2025-07-31,test
136733,2025-08-31,test
136733,2025-09-30,test
136733,2025-10-31,test
136733,2025-11-30,test
136733,2025-12-31,test
136816,2025-01-31,test
136816,2025-02-28,test
136816,2025-03-31,test
136816,2025-04-30,test
136816,2025-05-31,test
136816,2025-06-30,test
136816,2025-07-31,test
136816,2025-08-31,test
136816,2025-09-30,test
136816,2025-10-31,test
136816,2025-11-30,test
136816,2025-12-31,test
136918,2025-01-31,test
136918,2025-02-28,test
136918,2025-03-31,test
136918,2025-04-30,test
136918,2025-05-31,test
136918,2025-06-30,test
136918,2025-07-31,test
136918,2025-08-31,test
136918,2025-09-30,test
137099,2025-01-31,test
137099,2025-02-28,test
137099,2025-03-31,test
137099,2025-04-30,test
137099,2025-05-31,test
137099,2025-06-30,test
137099,2025-07-31,test
137230,2025-01-31,test
137230,2025-02-28,test
137230,2025-03-31,test
137230,2025-04-30,test
137230,2025-05-31,test
137230,2025-06-30,test
137230,2025-07-31,test
137230,2025-08-31,test
137230,2025-09-30,test
137230,2025-10-31,test
137230,2025-11-30,test
137230,2025-12-31,test
137384,2025-01-31,test
137384,2025-02-28,test
137384,2025-03-31,test
137384,2025-04-30,test
137384,2025-05-31,test
137384,2025-06-30,test
137384,2025-07-31,test
137384,2025-08-31,test
137384,2025-09-30,test
137384,2025-10-31,test
137384,2025-11-30,test
137384,2025-12-31,test
137725,2025-01-31,test
137725,2025-02-28,test
137725,2025-03-31,test
137725,2025-04-30,test
137725,2025-05-31,test
137725,2025-06-30,test
137725,2025-07-31,test
137725,2025-08-31,test
137725,2025-09-30,test
137725,2025-10-31,test
137725,2025-11-30,test
137725,2025-12-31,test
137733,2025-01-31,test
137733,2025-02-28,test
137733,2025-03-31,test
137733,2025-04-30,test
137733,2025-05-31,test
137733,2025-06-30,test
137733,2025-07-31,test
137733,2025-08-31,test
137733,2025-09-30,test
137733,2025-10-31,test
137733,2025-11-30,test
137733,2025-12-31,test
143863,2025-01-31,test
143863,2025-02-28,test
143863,2025-03-31,test
143863,2025-04-30,test
143863,2025-05-31,test
143863,2025-06-30,test
143863,2025-07-31,test
143863,2025-08-31,test
143863,2025-09-30,test
143863,2025-10-31,test
143863,2025-11-30,test
143863,2025-12-31,test
144016,2025-01-31,test
144016,2025-02-28,test
144016,2025-03-31,test
144016,2025-04-30,test
144016,2025-05-31,test
144016,2025-06-30,test
144016,2025-07-31,test
144016,2025-08-31,test
144016,2025-09-30,test
144120,2025-01-31,test
144120,2025-02-28,test
144120,2025-03-31,test
144120,2025-04-30,test
144120,2025-05-31,test
144120,2025-06-30,test
144120,2025-07-31,test
144120,2025-08-31,test
144120,2025-09-30,test
144120,2025-10-31,test
144120,2025-11-30,test
144120,2025-12-31,test
144121,2025-01-31,test
144121,2025-02-28,test
144121,2025-03-31,test
144121,2025-04-30,test
144121,2025-05-31,test
144121,2025-06-30,test
144121,2025-07-31,test
144121,2025-08-31,test
144121,2025-09-30,test
144121,2025-10-31,test
144121,2025-11-30,test
144121,2025-12-31,test
144248,2025-01-31,test
144248,2025-02-28,test
144248,2025-03-31,test
144248,2025-04-30,test
144248,2025-05-31,test
144248,2025-06-30,test
144248,2025-07-31,test
144248,2025-08-31,test
144248,2025-09-30,test
144248,2025-10-31,test
144248,2025-11-30,test
144248,2025-12-31,test
144251,2025-01-31,test
144251,2025-02-28,test
144251,2025-03-31,test
144251,2025-04-30,test
144251,2025-05-31,test
144251,2025-06-30,test
144251,2025-07-31,test
144251,2025-08-31,test
144251,2025-09-30,test
144251,2025-10-31,test
144251,2025-11-30,test
144251,2025-12-31,test
144366,2025-01-31,test
144366,2025-02-28,test
144366,2025-03-31,test
144366,2025-04-30,test
144366,2025-05-31,test
144366,2025-06-30,test
144366,2025-07-31,test
144366,2025-08-31,test
144366,2025-09-30,test
144366,2025-10-31,test
144366,2025-11-30,test
144366,2025-12-31,test
144643,2025-01-31,test
144643,2025-02-28,test
145246,2025-01-31,test
145246,2025-02-28,test
145246,2025-03-31,test
145246,2025-04-30,test
145246,2025-05-31,test
145246,2025-06-30,test
145246,2025-07-31,test
145246,2025-08-31,test
145246,2025-09-30,test
145246,2025-10-31,test
145246,2025-11-30,test
145246,2025-12-31,test
145247,2025-01-31,test
145247,2025-02-28,test
145247,2025-03-31,test
145247,2025-04-30,test
145247,2025-05-31,test
145247,2025-06-30,test
145247,2025-07-31,test
145247,2025-08-31,test
145247,2025-09-30,test
145247,2025-10-31,test
145247,2025-11-30,test
145247,2025-12-31,test
145371,2025-01-31,test
145371,2025-02-28,test
145371,2025-03-31,test
145371,2025-04-30,test
145371,2025-05-31,test
145371,2025-06-30,test
145371,2025-07-31,test
145371,2025-08-31,test
145371,2025-09-30,test
145371,2025-10-31,test
145371,2025-11-30,test
145371,2025-12-31,test
145373,2025-01-31,test
145373,2025-02-28,test
145373,2025-03-31,test
145373,2025-04-30,test
145373,2025-05-31,test
145373,2025-06-30,test
145373,2025-07-31,test
145373,2025-08-31,test
145373,2025-09-30,test
145373,2025-10-31,test
145373,2025-11-30,test
145373,2025-12-31,test
145528,2025-01-31,test
145528,2025-02-28,test
145528,2025-03-31,test
145528,2025-04-30,test
145528,2025-05-31,test
145528,2025-06-30,test
145528,2025-07-31,test
145528,2025-08-31,test
145528,2025-09-30,test
145528,2025-10-31,test
145528,2025-11-30,test
145528,2025-12-31,test
145695,2025-01-31,test
145695,2025-02-28,test
145695,2025-03-31,test
145695,2025-04-30,test
145695,2025-05-31,test
145695,2025-06-30,test
145695,2025-07-31,test
145695,2025-08-31,test
145695,2025-09-30,test
145695,2025-10-31,test
145695,2025-11-30,test
145695,2025-12-31,test
145699,2025-01-31,test
145699,2025-02-28,test
145699,2025-03-31,test
145699,2025-04-30,test
145699,2025-05-31,test
145699,2025-06-30,test
145699,2025-07-31,test
145699,2025-08-31,test
145699,2025-09-30,test
145699,2025-10-31,test
145699,2025-11-30,test
145699,2025-12-31,test
145700,2025-01-31,test
145700,2025-02-28,test
145700,2025-03-31,test
145700,2025-04-30,test
145700,2025-05-31,test
145700,2025-06-30,test
145700,2025-07-31,test
145700,2025-08-31,test
145700,2025-09-30,test
145700,2025-10-31,test
145700,2025-11-30,test
145700,2025-12-31,test
145847,2025-01-31,test
145847,2025-02-28,test
145847,2025-03-31,test
145847,2025-04-30,test
145847,2025-05-31,test
145847,2025-06-30,test
145847,2025-07-31,test
145847,2025-08-31,test
145847,2025-09-30,test
145847,2025-10-31,test
145847,2025-11-30,test
145847,2025-12-31,test
146191,2025-01-31,test
146191,2025-02-28,test
146191,2025-03-31,test
146191,2025-04-30,test
146191,2025-05-31,test
146191,2025-06-30,test
146191,2025-07-31,test
146191,2025-08-31,test
146191,2025-09-30,test
146191,2025-10-31,test
146241,2025-01-31,test
146241,2025-02-28,test
146241,2025-03-31,test
146241,2025-04-30,test
146241,2025-05-31,test
146241,2025-06-30,test
146241,2025-07-31,test
146241,2025-08-31,test
146241,2025-09-30,test
146241,2025-10-31,test
146241,2025-11-30,test
146241,2025-12-31,test
146362,2025-01-31,test
146362,2025-02-28,test
146362,2025-03-31,test
146362,2025-04-30,test
146362,2025-05-31,test
146362,2025-06-30,test
146362,2025-07-31,test
146362,2025-08-31,test
146362,2025-09-30,test
146362,2025-10-31,test
146362,2025-11-30,test
146362,2025-12-31,test
146433,2025-01-31,test
146433,2025-02-28,test
146433,2025-03-31,test
146433,2025-04-30,test
146433,2025-05-31,test
146433,2025-06-30,test
146433,2025-07-31,test
146433,2025-08-31,test
146433,2025-09-30,test
146433,2025-10-31,test
146433,2025-11-30,test
146433,2025-12-31,test
146752,2025-01-31,test
146752,2025-02-28,test
146752,2025-03-31,test
146752,2025-04-30,test
146752,2025-05-31,test
146752,2025-06-30,test
146752,2025-07-31,test
147132,2025-01-31,test
147132,2025-02-28,test
147132,2025-03-31,test
147132,2025-04-30,test
147132,2025-05-31,test
147132,2025-06-30,test
147132,2025-07-31,test
147132,2025-08-31,test
147132,2025-09-30,test
147132,2025-10-31,test
147132,2025-11-30,test
147132,2025-12-31,test
147265,2025-01-31,test
147265,2025-02-28,test
147265,2025-03-31,test
147265,2025-04-30,test
147265,2025-05-31,test
147265,2025-06-30,test
147265,2025-07-31,test
147265,2025-08-31,test
147265,2025-09-30,test
147265,2025-10-31,test
147265,2025-11-30,test
147265,2025-12-31,test
147266,2025-01-31,test
147266,2025-02-28,test
147266,2025-03-31,test
147266,2025-04-30,test
147266,2025-05-31,test
147266,2025-06-30,test
147266,2025-07-31,test
147266,2025-08-31,test
147266,2025-09-30,test
147266,2025-10-31,test
147266,2025-11-30,test
147266,2025-12-31,test
147268,2025-01-31,test
147268,2025-02-28,test
147268,2025-03-31,test
147268,2025-04-30,test
147268,2025-05-31,test
147268,2025-06-30,test
147268,2025-07-31,test
147268,2025-08-31,test
147268,2025-09-30,test
147268,2025-10-31,test
147268,2025-11-30,test
147268,2025-12-31,test
147453,2025-01-31,test
147453,2025-02-28,test
147453,2025-03-31,test
147453,2025-04-30,test
147453,2025-05-31,test
147453,2025-06-30,test
147453,2025-07-31,test
147454,2025-01-31,test
147454,2025-02-28,test
147454,2025-03-31,test
147454,2025-04-30,test
147454,2025-05-31,test
147454,2025-06-30,test
147454,2025-07-31,test
147454,2025-08-31,test
147454,2025-09-30,test
147454,2025-10-31,test
147454,2025-11-30,test
147454,2025-12-31,test
152973,2025-01-31,test
152973,2025-02-28,test
152973,2025-03-31,test
152973,2025-04-30,test
152973,2025-05-31,test
152974,2025-01-31,test
152974,2025-02-28,test
152974,2025-03-31,test
152974,2025-04-30,test
152974,2025-05-31,test
153132,2025-01-31,test
153132,2025-02-28,test
153132,2025-03-31,test
153132,2025-04-30,test
153132,2025-05-31,test
153132,2025-06-30,test
153297,2025-01-31,test
153297,2025-02-28,test
153297,2025-03-31,test
153297,2025-04-30,test
153297,2025-05-31,test
153297,2025-06-30,test
153297,2025-07-31,test
153297,2025-08-31,test
153297,2025-09-30,test
153297,2025-10-31,test
153297,2025-11-30,test
153297,2025-12-31,test
153440,2025-01-31,test
153440,2025-02-28,test
153440,2025-03-31,test
153440,2025-04-30,test
153440,2025-05-31,test
153440,2025-06-30,test
153440,2025-07-31,test
153440,2025-08-31,test
153440,2025-09-30,test
153440,2025-10-31,test
153440,2025-11-30,test
153440,2025-12-31,test
153576,2025-01-31,test
153576,2025-02-28,test
153576,2025-03-31,test
153576,2025-04-30,test
153576,2025-05-31,test
153576,2025-06-30,test
153576,2025-07-31,test
153576,2025-08-31,test
153576,2025-09-30,test
153576,2025-10-31,test
153576,2025-11-30,test
153576,2025-12-31,test
153578,2025-01-31,test
153578,2025-02-28,test
153578,2025-03-31,test
153578,2025-04-30,test
153578,2025-05-31,test
153578,2025-06-30,test
153578,2025-07-31,test
153578,2025-08-31,test
153578,2025-09-30,test
153578,2025-10-31,test
153578,2025-11-30,test
153578,2025-12-31,test
153727,2025-01-31,test
153727,2025-02-28,test
153727,2025-03-31,test
153727,2025-04-30,test
153727,2025-05-31,test
153727,2025-06-30,test
153727,2025-07-31,test
153727,2025-08-31,test
153727,2025-09-30,test
153727,2025-10-31,test
153727,2025-11-30,test
153727,2025-12-31,test
153846,2025-01-31,test
153846,2025-02-28,test
153846,2025-03-31,test
153846,2025-04-30,test
153846,2025-05-31,test
153846,2025-06-30,test
153846,2025-07-31,test
153846,2025-08-31,test
153846,2025-09-30,test
153846,2025-10-31,test
153846,2025-11-30,test
153846,2025-12-31,test
153955,2025-01-31,test
153955,2025-02-28,test
153955,2025-03-31,test
153955,2025-04-30,test
153955,2025-05-31,test
153955,2025-06-30,test
153955,2025-07-31,test
153955,2025-08-31,test
153955,2025-09-30,test
153955,2025-10-31,test
153955,2025-11-30,test
153955,2025-12-31,test
153956,2025-01-31,test
153956,2025-02-28,test
153956,2025-03-31,test
153956,2025-04-30,test
153956,2025-05-31,test
153956,2025-06-30,test
153956,2025-07-31,test
153956,2025-08-31,test
153956,2025-09-30,test
153956,2025-10-31,test
153956,2025-11-30,test
154166,2025-01-31,test
154166,2025-02-28,test
154166,2025-03-31,test
154166,2025-04-30,test
154166,2025-05-31,test
154166,2025-06-30,test
154166,2025-07-31,test
154166,2025-08-31,test
154166,2025-09-30,test
154166,2025-10-31,test
154166,2025-11-30,test
154166,2025-12-31,test
154167,2025-01-31,test
154167,2025-02-28,test
154167,2025-03-31,test
154167,2025-04-30,test
154167,2025-05-31,test
154167,2025-06-30,test
154167,2025-07-31,test
154167,2025-08-31,test
154167,2025-09-30,test
154167,2025-10-31,test
154167,2025-11-30,test
154167,2025-12-31,test
154169,2025-01-31,test
154169,2025-02-28,test
154169,2025-03-31,test
154169,2025-04-30,test
154169,2025-05-31,test
154169,2025-06-30,test
154169,2025-07-31,test
154169,2025-08-31,test
154169,2025-09-30,test
154169,2025-10-31,test
154169,2025-11-30,test
154169,2025-12-31,test
154530,2025-01-31,test
154530,2025-02-28,test
154530,2025-03-31,test
154530,2025-04-30,test
154530,2025-05-31,test
154530,2025-06-30,test
154530,2025-07-31,test
154530,2025-08-31,test
154530,2025-09-30,test
154530,2025-10-31,test
154530,2025-11-30,test
154530,2025-12-31,test
154531,2025-01-31,test
154531,2025-02-28,test
154531,2025-03-31,test
154531,2025-04-30,test
154531,2025-05-31,test
154531,2025-06-30,test
154531,2025-07-31,test
154531,2025-08-31,test
154531,2025-09-30,test
154531,2025-10-31,test
154531,2025-11-30,test
154531,2025-12-31,test
154728,2025-01-31,test
154728,2025-02-28,test
154728,2025-03-31,test
154728,2025-04-30,test
154728,2025-05-31,test
154728,2025-06-30,test
154728,2025-07-31,test
154728,2025-08-31,test
154729,2025-01-31,test
154729,2025-02-28,test
154729,2025-03-31,test
154729,2025-04-30,test
154729,2025-05-31,test
154729,2025-06-30,test
154729,2025-07-31,test
154729,2025-08-31,test
154888,2025-01-31,test
154888,2025-02-28,test
154888,2025-03-31,test
154888,2025-04-30,test
154888,2025-05-31,test
154888,2025-06-30,test
154888,2025-07-31,test
154888,2025-08-31,test
154888,2025-09-30,test
154888,2025-10-31,test
154888,2025-11-30,test
154888,2025-12-31,test
154889,2025-01-31,test
154889,2025-02-28,test
154889,2025-03-31,test
154889,2025-04-30,test
154889,2025-05-31,test
154889,2025-06-30,test
154889,2025-07-31,test
154889,2025-08-31,test
154889,2025-09-30,test
154889,2025-10-31,test
154889,2025-11-30,test
154889,2025-12-31,test
154890,2025-01-31,test
154890,2025-02-28,test
154890,2025-03-31,test
154890,2025-04-30,test
154890,2025-05-31,test
154890,2025-06-30,test
154890,2025-07-31,test
154890,2025-08-31,test
154890,2025-09-30,test
154890,2025-10-31,test
154890,2025-11-30,test
154890,2025-12-31,test
155005,2025-01-31,test
155005,2025-02-28,test
155005,2025-03-31,test
155005,2025-04-30,test
155005,2025-05-31,test
155005,2025-06-30,test
155005,2025-07-31,test
155005,2025-08-31,test
155005,2025-09-30,test
155005,2025-10-31,test
155005,2025-11-30,test
155005,2025-12-31,test
155006,2025-01-31,test
155006,2025-02-28,test
155006,2025-03-31,test
155006,2025-04-30,test
155006,2025-05-31,test
155006,2025-06-30,test
155006,2025-07-31,test
155006,2025-08-31,test
155006,2025-09-30,test
155006,2025-10-31,test
155006,2025-11-30,test
155006,2025-12-31,test
155009,2025-01-31,test
155009,2025-02-28,test
155009,2025-03-31,test
155009,2025-04-30,test
155009,2025-05-31,test
155009,2025-06-30,test
155009,2025-07-31,test
155009,2025-08-31,test
155009,2025-09-30,test
155009,2025-10-31,test
155009,2025-11-30,test
155009,2025-12-31,test
155188,2025-01-31,test
155188,2025-02-28,test
155188,2025-03-31,test
155188,2025-04-30,test
155188,2025-05-31,test
155188,2025-06-30,test
155188,2025-07-31,test
155188,2025-08-31,test
155188,2025-09-30,test
155188,2025-10-31,test
155188,2025-11-30,test
155188,2025-12-31,test
155189,2025-01-31,test
155189,2025-02-28,test
155189,2025-03-31,test
155189,2025-04-30,test
155189,2025-05-31,test
155189,2025-06-30,test
155189,2025-07-31,test
155189,2025-08-31,test
155189,2025-09-30,test
155189,2025-10-31,test
155189,2025-11-30,test
155189,2025-12-31,test
155190,2025-01-31,test
155190,2025-02-28,test
155190,2025-03-31,test
155190,2025-04-30,test
155190,2025-05-31,test
155190,2025-06-30,test
155190,2025-07-31,test
155190,2025-08-31,test
155190,2025-09-30,test
155190,2025-10-31,test
155190,2025-11-30,test
155190,2025-12-31,test
155194,2025-01-31,test
155194,2025-02-28,test
155194,2025-03-31,test
155194,2025-04-30,test
155194,2025-05-31,test
155194,2025-06-30,test
155194,2025-07-31,test
155194,2025-08-31,test
155194,2025-09-30,test
155194,2025-10-31,test
155194,2025-11-30,test
155194,2025-12-31,test
155504,2025-01-31,test
155504,2025-02-28,test
155504,2025-03-31,test
155504,2025-04-30,test
155504,2025-05-31,test
155504,2025-06-30,test
155504,2025-07-31,test
155504,2025-08-31,test
155504,2025-09-30,test
155504,2025-10-31,test
155504,2025-11-30,test
155504,2025-12-31,test
155505,2025-01-31,test
155505,2025-02-28,test
155505,2025-03-31,test
155505,2025-04-30,test
155505,2025-05-31,test
155505,2025-06-30,test
155505,2025-07-31,test
155505,2025-08-31,test
155505,2025-09-30,test
155505,2025-10-31,test
155505,2025-11-30,test
155505,2025-12-31,test
155604,2025-01-31,test
155604,2025-02-28,test
155604,2025-03-31,test
155604,2025-04-30,test
155604,2025-05-31,test
155604,2025-06-30,test
155604,2025-07-31,test
155604,2025-08-31,test
155604,2025-09-30,test
155604,2025-10-31,test
155604,2025-11-30,test
155604,2025-12-31,test
155605,2025-01-31,test
155605,2025-02-28,test
155605,2025-03-31,test
155605,2025-04-30,test
155605,2025-05-31,test
155605,2025-06-30,test
155605,2025-07-31,test
155605,2025-08-31,test
155605,2025-09-30,test
155605,2025-10-31,test
155605,2025-11-30,test
155605,2025-12-31,test
155606,2025-01-31,test
155606,2025-02-28,test
155606,2025-03-31,test
155606,2025-04-30,test
155606,2025-05-31,test
155606,2025-06-30,test
155606,2025-07-31,test
155606,2025-08-31,test
155606,2025-09-30,test
155607,2025-01-31,test
155607,2025-02-28,test
155607,2025-03-31,test
155607,2025-04-30,test
155607,2025-05-31,test
155607,2025-06-30,test
155607,2025-07-31,test
155607,2025-08-31,test
155607,2025-09-30,test
155790,2025-01-31,test
155790,2025-02-28,test
155790,2025-03-31,test
155790,2025-04-30,test
155790,2025-05-31,test
155790,2025-06-30,test
155790,2025-07-31,test
155790,2025-08-31,test
155790,2025-09-30,test
155790,2025-10-31,test
155790,2025-11-30,test
155790,2025-12-31,test
156456,2025-01-31,test
156456,2025-02-28,test
156456,2025-03-31,test
156456,2025-04-30,test
156456,2025-05-31,test
156456,2025-06-30,test
156456,2025-07-31,test
156456,2025-08-31,test
156456,2025-09-30,test
156456,2025-10-31,test
156456,2025-11-30,test
156456,2025-12-31,test
156526,2025-01-31,test
156526,2025-02-28,test
156526,2025-03-31,test
156526,2025-04-30,test
156526,2025-05-31,test
156526,2025-06-30,test
156526,2025-07-31,test
156526,2025-08-31,test
156526,2025-09-30,test
156526,2025-10-31,test
156526,2025-11-30,test
156526,2025-12-31,test
156527,2025-01-31,test
156527,2025-02-28,test
156527,2025-03-31,test
156527,2025-04-30,test
156527,2025-05-31,test
156527,2025-06-30,test
156527,2025-07-31,test
156527,2025-08-31,test
156527,2025-09-30,test
156527,2025-10-31,test
156527,2025-11-30,test
156527,2025-12-31,test
156680,2025-01-31,test
156680,2025-02-28,test
156680,2025-03-31,test
156680,2025-04-30,test
156680,2025-05-31,test
156680,2025-06-30,test
156680,2025-07-31,test
156680,2025-08-31,test
156680,2025-09-30,test
156680,2025-10-31,test
156680,2025-11-30,test
156680,2025-12-31,test
156681,2025-01-31,test
156681,2025-02-28,test
156681,2025-03-31,test
156681,2025-04-30,test
156681,2025-05-31,test
156681,2025-06-30,test
156681,2025-07-31,test
156681,2025-08-31,test
156681,2025-09-30,test
156681,2025-10-31,test
156681,2025-11-30,test
156681,2025-12-31,test
156847,2025-01-31,test
156847,2025-02-28,test
156847,2025-03-31,test
156847,2025-04-30,test
156847,2025-05-31,test
156847,2025-06-30,test
156847,2025-07-31,test
156847,2025-08-31,test
156847,2025-09-30,test
156847,2025-10-31,test
156847,2025-11-30,test
156847,2025-12-31,test
156850,2025-01-31,test
156850,2025-02-28,test
156850,2025-03-31,test
156850,2025-04-30,test
156850,2025-05-31,test
156850,2025-06-30,test
156850,2025-07-31,test
156850,2025-08-31,test
156850,2025-09-30,test
156850,2025-10-31,test
156850,2025-11-30,test
156850,2025-12-31,test
156947,2025-01-31,test
156947,2025-02-28,test
156947,2025-03-31,test
156947,2025-04-30,test
156947,2025-05-31,test
156947,2025-06-30,test
156947,2025-07-31,test
156947,2025-08-31,test
156947,2025-09-30,test
156947,2025-10-31,test
156947,2025-11-30,test
156947,2025-12-31,test
156952,2025-01-31,test
156952,2025-02-28,test
156952,2025-03-31,test
156952,2025-04-30,test
156952,2025-05-31,test
156952,2025-06-30,test
156952,2025-07-31,test
156952,2025-08-31,test
156952,2025-09-30,test
156952,2025-10-31,test
156952,2025-11-30,test
156952,2025-12-31,test
157093,2025-01-31,test
157093,2025-02-28,test
157093,2025-03-31,test
157093,2025-04-30,test
157093,2025-05-31,test
157093,2025-06-30,test
157093,2025-07-31,test
157093,2025-08-31,test
157093,2025-09-30,test
157093,2025-10-31,test
157093,2025-11-30,test
157093,2025-12-31,test
157095,2025-01-31,test
157095,2025-02-28,test
157095,2025-03-31,test
157095,2025-04-30,test
157095,2025-05-31,test
157095,2025-06-30,test
157095,2025-07-31,test
157095,2025-08-31,test
157095,2025-09-30,test
157095,2025-10-31,test
157095,2025-11-30,test
157095,2025-12-31,test
157178,2025-01-31,test
157178,2025-02-28,test
157178,2025-03-31,test
157178,2025-04-30,test
157178,2025-05-31,test
157178,2025-06-30,test
157178,2025-07-31,test
157178,2025-08-31,test
157178,2025-09-30,test
157178,2025-10-31,test
157178,2025-11-30,test
157178,2025-12-31,test
157293,2025-01-31,test
157293,2025-02-28,test
157293,2025-03-31,test
157293,2025-04-30,test
157293,2025-05-31,test
157293,2025-06-30,test
157293,2025-07-31,test
157293,2025-08-31,test
157293,2025-09-30,test
157293,2025-10-31,test
157293,2025-11-30,test
157293,2025-12-31,test
157390,2025-01-31,test
157390,2025-02-28,test
157390,2025-03-31,test
157390,2025-04-30,test
157390,2025-05-31,test
157390,2025-06-30,test
157390,2025-07-31,test
157390,2025-08-31,test
157390,2025-09-30,test
157390,2025-10-31,test
157390,2025-11-30,test
157390,2025-12-31,test
157391,2025-01-31,test
157391,2025-02-28,test
157391,2025-03-31,test
157391,2025-04-30,test
157391,2025-05-31,test
157391,2025-06-30,test
157391,2025-07-31,test
157391,2025-08-31,test
157391,2025-09-30,test
157391,2025-10-31,test
157391,2025-11-30,test
157391,2025-12-31,test
157392,2025-01-31,test
157392,2025-02-28,test
157392,2025-03-31,test
157392,2025-04-30,test
157392,2025-05-31,test
157392,2025-06-30,test
157392,2025-07-31,test
157392,2025-08-31,test
157392,2025-09-30,test
157392,2025-10-31,test
157392,2025-11-30,test
157392,2025-12-31,test
157489,2025-01-31,test
157489,2025-02-28,test
157489,2025-03-31,test
157489,2025-04-30,test
157489,2025-05-31,test
157489,2025-06-30,test
157489,2025-07-31,test
157489,2025-08-31,test
157489,2025-09-30,test
157489,2025-10-31,test
157489,2025-11-30,test
157489,2025-12-31,test
157771,2025-01-31,test
157771,2025-02-28,test
157771,2025-03-31,test
157771,2025-04-30,test
157771,2025-05-31,test
157771,2025-06-30,test
157771,2025-07-31,test
157771,2025-08-31,test
157771,2025-09-30,test
157771,2025-10-31,test
157771,2025-11-30,test
157771,2025-12-31,test
157772,2025-01-31,test
157772,2025-02-28,test
157772,2025-03-31,test
157772,2025-04-30,test
157772,2025-05-31,test
157772,2025-06-30,test
157772,2025-07-31,test
157772,2025-08-31,test
157772,2025-09-30,test
157772,2025-10-31,test
157772,2025-11-30,test
157772,2025-12-31,test
157778,2025-01-31,test
157778,2025-02-28,test
157778,2025-03-31,test
157778,2025-04-30,test
157778,2025-05-31,test
157778,2025-06-30,test
157778,2025-07-31,test
157778,2025-08-31,test
157778,2025-09-30,test
157778,2025-10-31,test
157778,2025-11-30,test
157778,2025-12-31,test
157825,2025-01-31,test
157825,2025-02-28,test
157825,2025-03-31,test
157825,2025-04-30,test
157825,2025-05-31,test
157825,2025-06-30,test
157829,2025-01-31,test
157829,2025-02-28,test
157829,2025-03-31,test
157829,2025-04-30,test
157829,2025-05-31,test
157829,2025-06-30,test
157829,2025-07-31,test
157829,2025-08-31,test
157829,2025-09-30,test
157830,2025-01-31,test
157830,2025-02-28,test
157830,2025-03-31,test
157830,2025-04-30,test
157830,2025-05-31,test
157830,2025-06-30,test
157830,2025-07-31,test
157830,2025-08-31,test
157830,2025-09-30,test
157831,2025-01-31,test
157831,2025-02-28,test
157831,2025-03-31,test
157831,2025-04-30,test
157831,2025-05-31,test
157831,2025-06-30,test
157831,2025-07-31,test
157831,2025-08-31,test
157831,2025-09-30,test
157831,2025-10-31,test
157831,2025-11-30,test
157831,2025-12-31,test
157832,2025-01-31,test
157832,2025-02-28,test
157832,2025-03-31,test
157832,2025-04-30,test
157832,2025-05-31,test
157832,2025-06-30,test
157832,2025-07-31,test
157832,2025-08-31,test
157832,2025-09-30,test
157832,2025-10-31,test
157832,2025-11-30,test
157832,2025-12-31,test
157950,2025-01-31,test
157950,2025-02-28,test
157950,2025-03-31,test
157950,2025-04-30,test
157950,2025-05-31,test
157950,2025-06-30,test
157950,2025-07-31,test
157950,2025-08-31,test
157950,2025-09-30,test
157950,2025-10-31,test
157950,2025-11-30,test
157950,2025-12-31,test
158025,2025-01-31,test
158025,2025-02-28,test
158025,2025-03-31,test
158025,2025-04-30,test
158025,2025-05-31,test
158025,2025-06-30,test
158025,2025-07-31,test
158026,2025-01-31,test
158026,2025-02-28,test
158026,2025-03-31,test
158026,2025-04-30,test
158026,2025-05-31,test
158026,2025-06-30,test
158026,2025-07-31,test
158026,2025-08-31,test
158026,2025-09-30,test
158026,2025-10-31,test
158026,2025-11-30,test
158026,2025-12-31,test
158027,2025-01-31,test
158027,2025-02-28,test
158027,2025-03-31,test
158027,2025-04-30,test
158027,2025-05-31,test
158027,2025-06-30,test
158027,2025-07-31,test
158027,2025-08-31,test
158027,2025-09-30,test
158027,2025-10-31,test
158027,2025-11-30,test
158027,2025-12-31,test
158123,2025-01-31,test
158123,2025-02-28,test
158123,2025-03-31,test
158123,2025-04-30,test
158123,2025-05-31,test
158123,2025-06-30,test
158123,2025-07-31,test
158123,2025-08-31,test
158123,2025-09-30,test
158123,2025-10-31,test
158123,2025-11-30,test
158123,2025-12-31,test
158124,2025-01-31,test
158124,2025-02-28,test
158124,2025-03-31,test
158124,2025-04-30,test
158124,2025-05-31,test
158124,2025-06-30,test
158124,2025-07-31,test
158124,2025-08-31,test
158124,2025-09-30,test
158124,2025-10-31,test
158124,2025-11-30,test
158124,2025-12-31,test
158346,2025-01-31,test
158346,2025-02-28,test
158346,2025-03-31,test
158346,2025-04-30,test
158346,2025-05-31,test
158346,2025-06-30,test
158346,2025-07-31,test
158346,2025-08-31,test
158346,2025-09-30,test
158346,2025-10-31,test
158346,2025-11-30,test
158346,2025-12-31,test
158399,2025-01-31,test
158399,2025-02-28,test
158399,2025-03-31,test
158399,2025-04-30,test
158399,2025-05-31,test
158399,2025-06-30,test
158399,2025-07-31,test
158399,2025-08-31,test
158399,2025-09-30,test
158399,2025-10-31,test
158399,2025-11-30,test
158399,2025-12-31,test
158400,2025-01-31,test
158400,2025-02-28,test
158400,2025-03-31,test
158400,2025-04-30,test
158400,2025-05-31,test
158400,2025-06-30,test
158400,2025-07-31,test
158400,2025-08-31,test
158400,2025-09-30,test
158400,2025-10-31,test
158400,2025-11-30,test
158400,2025-12-31,test
158543,2025-01-31,test
158543,2025-02-28,test
158543,2025-03-31,test
158543,2025-04-30,test
158872,2025-01-31,test
158872,2025-02-28,test
158872,2025-03-31,test
158872,2025-04-30,test
158872,2025-05-31,test
158872,2025-06-30,test
158872,2025-07-31,test
158872,2025-08-31,test
158872,2025-09-30,test
158872,2025-10-31,test
158872,2025-11-30,test
158872,2025-12-31,test
159118,2025-01-31,test
159118,2025-02-28,test
159118,2025-03-31,test
159118,2025-04-30,test
159118,2025-05-31,test
159118,2025-06-30,test
159118,2025-07-31,test
159118,2025-08-31,test
159118,2025-09-30,test
159118,2025-10-31,test
159118,2025-11-30,test
159118,2025-12-31,test
159120,2025-01-31,test
159120,2025-02-28,test
159120,2025-03-31,test
159120,2025-04-30,test
159120,2025-05-31,test
159120,2025-06-30,test
159120,2025-07-31,test
159120,2025-08-31,test
159120,2025-09-30,test
159120,2025-10-31,test
159120,2025-11-30,test
159120,2025-12-31,test
159121,2025-01-31,test
159121,2025-02-28,test
159121,2025-03-31,test
159121,2025-04-30,test
159121,2025-05-31,test
159121,2025-06-30,test
159121,2025-07-31,test
159121,2025-08-31,test
159121,2025-09-30,test
159121,2025-10-31,test
159121,2025-11-30,test
159121,2025-12-31,test
159122,2025-01-31,test
159122,2025-02-28,test
159122,2025-03-31,test
159122,2025-04-30,test
159122,2025-05-31,test
159122,2025-06-30,test
159122,2025-07-31,test
159122,2025-08-31,test
159122,2025-09-30,test
159122,2025-10-31,test
159122,2025-11-30,test
159122,2025-12-31,test
159209,2025-01-31,test
159209,2025-02-28,test
159209,2025-03-31,test
159209,2025-04-30,test
159209,2025-05-31,test
159209,2025-06-30,test
159209,2025-07-31,test
159209,2025-08-31,test
159209,2025-09-30,test
159209,2025-10-31,test
159209,2025-11-30,test
159209,2025-12-31,test
159256,2025-01-31,test
159256,2025-02-28,test
159256,2025-03-31,test
159256,2025-04-30,test
159256,2025-05-31,test
159256,2025-06-30,test
159256,2025-07-31,test
159256,2025-08-31,test
159256,2025-09-30,test
159256,2025-10-31,test
159256,2025-11-30,test
159256,2025-12-31,test
159268,2025-01-31,test
159268,2025-02-28,test
159268,2025-03-31,test
159268,2025-04-30,test
159268,2025-05-31,test
159268,2025-06-30,test
159268,2025-07-31,test
159268,2025-08-31,test
159268,2025-09-30,test
159268,2025-10-31,test
159268,2025-11-30,test
159268,2025-12-31,test
159697,2025-01-31,test
159697,2025-02-28,test
159697,2025-03-31,test
159697,2025-04-30,test
159697,2025-05-31,test
159697,2025-06-30,test
159697,2025-07-31,test
159697,2025-08-31,test
159697,2025-09-30,test
159697,2025-10-31,test
159697,2025-11-30,test
159697,2025-12-31,test
159698,2025-01-31,test
159698,2025-02-28,test
159698,2025-03-31,test
159698,2025-04-30,test
159698,2025-05-31,test
159698,2025-06-30,test
159698,2025-07-31,test
159698,2025-08-31,test
159698,2025-09-30,test
159698,2025-10-31,test
159698,2025-11-30,test
159698,2025-12-31,test
159700,2025-01-31,test
159700,2025-02-28,test
159700,2025-03-31,test
159700,2025-04-30,test
159700,2025-05-31,test
159700,2025-06-30,test
159700,2025-07-31,test
159700,2025-08-31,test
159700,2025-09-30,test
159700,2025-10-31,test
159700,2025-11-30,test
159700,2025-12-31,test
159701,2025-01-31,test
159701,2025-02-28,test
159701,2025-03-31,test
159701,2025-04-30,test
159701,2025-05-31,test
159701,2025-06-30,test
159701,2025-07-31,test
159701,2025-08-31,test
159701,2025-09-30,test
159701,2025-10-31,test
159701,2025-11-30,test
159701,2025-12-31,test
159825,2025-01-31,test
159825,2025-02-28,test
159825,2025-03-31,test
159825,2025-04-30,test
159825,2025-05-31,test
159825,2025-06-30,test
159825,2025-07-31,test
159825,2025-08-31,test
159825,2025-09-30,test
159825,2025-10-31,test
159825,2025-11-30,test
159825,2025-12-31,test
159827,2025-01-31,test
159827,2025-02-28,test
159827,2025-03-31,test
159827,2025-04-30,test
159827,2025-05-31,test
159827,2025-06-30,test
159827,2025-07-31,test
159827,2025-08-31,test
159827,2025-09-30,test
159827,2025-10-31,test
159827,2025-11-30,test
159827,2025-12-31,test
159828,2025-01-31,test
159828,2025-02-28,test
159828,2025-03-31,test
159828,2025-04-30,test
159828,2025-05-31,test
159828,2025-06-30,test
159828,2025-07-31,test
159828,2025-08-31,test
159828,2025-09-30,test
159828,2025-10-31,test
159828,2025-11-30,test
159828,2025-12-31,test
160013,2025-02-28,test
160013,2025-03-31,test
160013,2025-04-30,test
160013,2025-05-31,test
160013,2025-06-30,test
160013,2025-07-31,test
160013,2025-08-31,test
160013,2025-09-30,test
160013,2025-10-31,test
160013,2025-11-30,test
160013,2025-12-31,test
160137,2025-01-31,test
160137,2025-02-28,test
160137,2025-03-31,test
160137,2025-04-30,test
160137,2025-05-31,test
160137,2025-06-30,test
160137,2025-07-31,test
160137,2025-08-31,test
160137,2025-09-30,test
160137,2025-10-31,test
160137,2025-11-30,test
160137,2025-12-31,test
160138,2025-01-31,test
160138,2025-02-28,test
160138,2025-03-31,test
160138,2025-04-30,test
160138,2025-05-31,test
160138,2025-06-30,test
160138,2025-07-31,test
160138,2025-08-31,test
160138,2025-09-30,test
160138,2025-10-31,test
160138,2025-11-30,test
160138,2025-12-31,test
160139,2025-01-31,test
160139,2025-02-28,test
160139,2025-03-31,test
160139,2025-04-30,test
160139,2025-05-31,test
160139,2025-06-30,test
160139,2025-07-31,test
160139,2025-08-31,test
160139,2025-09-30,test
160139,2025-10-31,test
160139,2025-11-30,test
160139,2025-12-31,test
160140,2025-01-31,test
160140,2025-02-28,test
160140,2025-03-31,test
160140,2025-04-30,test
160140,2025-05-31,test
160140,2025-06-30,test
160140,2025-07-31,test
160140,2025-08-31,test
160140,2025-09-30,test
160140,2025-10-31,test
160140,2025-11-30,test
160140,2025-12-31,test
160141,2025-01-31,test
160141,2025-02-28,test
160141,2025-03-31,test
160141,2025-04-30,test
160141,2025-05-31,test
160141,2025-06-30,test
160141,2025-07-31,test
160141,2025-08-31,test
160141,2025-09-30,test
160141,2025-10-31,test
160141,2025-11-30,test
160141,2025-12-31,test
160142,2025-01-31,test
160142,2025-02-28,test
160142,2025-03-31,test
160142,2025-04-30,test
160142,2025-05-31,test
160142,2025-06-30,test
160142,2025-07-31,test
160142,2025-08-31,test
160142,2025-09-30,test
160142,2025-10-31,test
160142,2025-11-30,test
160142,2025-12-31,test
160265,2025-01-31,test
160265,2025-02-28,test
160265,2025-03-31,test
160265,2025-04-30,test
160265,2025-05-31,test
160265,2025-06-30,test
160265,2025-07-31,test
160265,2025-08-31,test
160265,2025-09-30,test
160265,2025-10-31,test
160265,2025-11-30,test
160265,2025-12-31,test
160267,2025-01-31,test
160267,2025-02-28,test
160267,2025-03-31,test
160267,2025-04-30,test
160267,2025-05-31,test
160267,2025-06-30,test
160267,2025-07-31,test
160267,2025-08-31,test
160267,2025-09-30,test
160267,2025-10-31,test
160267,2025-11-30,test
160267,2025-12-31,test
160268,2025-01-31,test
160268,2025-02-28,test
160268,2025-03-31,test
160268,2025-04-30,test
160268,2025-05-31,test
160268,2025-06-30,test
160268,2025-07-31,test
160268,2025-08-31,test
160268,2025-09-30,test
160268,2025-10-31,test
160268,2025-11-30,test
160268,2025-12-31,test
160419,2025-01-31,test
160419,2025-02-28,test
160419,2025-03-31,test
160419,2025-04-30,test
160419,2025-05-31,test
160419,2025-06-30,test
160419,2025-07-31,test
160419,2025-08-31,test
160419,2025-09-30,test
160419,2025-10-31,test
160419,2025-11-30,test
160419,2025-12-31,test
160420,2025-01-31,test
160420,2025-02-28,test
160420,2025-03-31,test
160420,2025-04-30,test
160420,2025-05-31,test
160420,2025-06-30,test
160420,2025-07-31,test
160420,2025-08-31,test
160420,2025-09-30,test
160420,2025-10-31,test
160420,2025-11-30,test
160420,2025-12-31,test
160503,2025-01-31,test
160503,2025-02-28,test
160503,2025-03-31,test
160503,2025-04-30,test
160503,2025-05-31,test
160503,2025-06-30,test
160503,2025-07-31,test
160503,2025-08-31,test
160503,2025-09-30,test
160503,2025-10-31,test
160503,2025-11-30,test
160503,2025-12-31,test
160504,2025-01-31,test
160504,2025-02-28,test
160504,2025-03-31,test
160504,2025-04-30,test
160504,2025-05-31,test
160504,2025-06-30,test
160504,2025-07-31,test
160504,2025-08-31,test
160504,2025-09-30,test
160504,2025-10-31,test
160504,2025-11-30,test
160504,2025-12-31,test
160685,2025-01-31,test
160685,2025-02-28,test
160685,2025-03-31,test
160685,2025-04-30,test
160685,2025-05-31,test
160685,2025-06-30,test
160685,2025-07-31,test
160685,2025-08-31,test
160685,2025-09-30,test
160685,2025-10-31,test
160685,2025-11-30,test
160685,2025-12-31,test
160837,2025-01-31,test
160837,2025-02-28,test
160837,2025-03-31,test
160837,2025-04-30,test
160837,2025-05-31,test
160837,2025-06-30,test
160837,2025-07-31,test
160837,2025-08-31,test
160837,2025-09-30,test
160837,2025-10-31,test
160837,2025-11-30,test
160837,2025-12-31,test
160838,2025-01-31,test
160838,2025-02-28,test
160838,2025-03-31,test
160838,2025-04-30,test
160838,2025-05-31,test
160838,2025-06-30,test
160838,2025-07-31,test
160838,2025-08-31,test
160838,2025-09-30,test
160838,2025-10-31,test
160838,2025-11-30,test
160838,2025-12-31,test
160839,2025-01-31,test
160839,2025-02-28,test
160839,2025-03-31,test
160839,2025-04-30,test
160839,2025-05-31,test
160839,2025-06-30,test
160839,2025-07-31,test
160839,2025-08-31,test
160839,2025-09-30,test
160839,2025-10-31,test
160839,2025-11-30,test
160839,2025-12-31,test
161246,2025-01-31,test
161246,2025-02-28,test
161246,2025-03-31,test
161246,2025-04-30,test
161246,2025-05-31,test
161246,2025-06-30,test
161246,2025-07-31,test
161246,2025-08-31,test
161246,2025-09-30,test
161246,2025-10-31,test
161246,2025-11-30,test
161246,2025-12-31,test
161247,2025-01-31,test
161247,2025-02-28,test
161247,2025-03-31,test
161247,2025-04-30,test
161247,2025-05-31,test
161247,2025-06-30,test
161247,2025-07-31,test
161247,2025-08-31,test
161247,2025-09-30,test
161247,2025-10-31,test
161247,2025-11-30,test
161247,2025-12-31,test
161248,2025-01-31,test
161248,2025-02-28,test
161248,2025-03-31,test
161248,2025-04-30,test
161248,2025-05-31,test
161248,2025-06-30,test
161248,2025-07-31,test
161248,2025-08-31,test
161248,2025-09-30,test
161248,2025-10-31,test
161248,2025-11-30,test
161248,2025-12-31,test
161350,2025-01-31,test
161350,2025-02-28,test
161350,2025-03-31,test
161350,2025-04-30,test
161350,2025-05-31,test
161350,2025-06-30,test
161350,2025-07-31,test
161350,2025-08-31,test
161350,2025-09-30,test
161350,2025-10-31,test
161350,2025-11-30,test
161350,2025-12-31,test
161505,2025-01-31,test
161505,2025-02-28,test
161505,2025-03-31,test
161505,2025-04-30,test
161505,2025-05-31,test
161505,2025-06-30,test
161505,2025-07-31,test
161505,2025-08-31,test
161505,2025-09-30,test
161505,2025-10-31,test
161505,2025-11-30,test
161505,2025-12-31,test
161506,2025-01-31,test
161506,2025-02-28,test
161506,2025-03-31,test
161506,2025-04-30,test
161506,2025-05-31,test
161506,2025-06-30,test
161506,2025-07-31,test
161506,2025-08-31,test
161506,2025-09-30,test
161506,2025-10-31,test
161506,2025-11-30,test
161506,2025-12-31,test
161593,2025-01-31,test
161593,2025-02-28,test
161593,2025-03-31,test
161593,2025-04-30,test
161593,2025-05-31,test
161593,2025-06-30,test
161593,2025-07-31,test
161593,2025-08-31,test
161593,2025-09-30,test
161593,2025-10-31,test
161593,2025-11-30,test
161593,2025-12-31,test
161594,2025-01-31,test
161594,2025-02-28,test
161594,2025-03-31,test
161594,2025-04-30,test
161594,2025-05-31,test
161594,2025-06-30,test
161718,2025-01-31,test
161718,2025-02-28,test
161718,2025-03-31,test
161718,2025-04-30,test
161718,2025-05-31,test
161718,2025-06-30,test
161718,2025-07-31,test
161718,2025-08-31,test
161718,2025-09-30,test
161718,2025-10-31,test
161718,2025-11-30,test
162020,2025-01-31,test
162020,2025-02-28,test
162020,2025-03-31,test
162191,2025-01-31,test
162191,2025-02-28,test
162191,2025-03-31,test
162191,2025-04-30,test
162191,2025-05-31,test
162191,2025-06-30,test
162191,2025-07-31,test
162191,2025-08-31,test
162191,2025-09-30,test
162191,2025-10-31,test
162191,2025-11-30,test
162191,2025-12-31,test
162192,2025-01-31,test
162192,2025-02-28,test
162192,2025-03-31,test
162192,2025-04-30,test
162192,2025-05-31,test
162192,2025-06-30,test
162192,2025-07-31,test
162192,2025-08-31,test
162192,2025-09-30,test
162192,2025-10-31,test
162192,2025-11-30,test
162192,2025-12-31,test
163000,2025-01-31,test
163000,2025-02-28,test
163000,2025-03-31,test
163000,2025-04-30,test
163000,2025-05-31,test
163000,2025-06-30,test
163000,2025-07-31,test
163000,2025-08-31,test
163000,2025-09-30,test
163000,2025-10-31,test
163000,2025-11-30,test
