idpozo,fecha_pico,prod_pico,anio_ini,mes_ini,ultima_fecha,meses_hasta_pico,meses_post_pico,confiable,es_maduro_modelo
596,2021-01-01,0.0,2006,1,2026-08-01,180,67,False,False
597,2021-01-01,0.0,2006,1,2026-08-01,180,67,False,False
599,2021-01-01,0.0,2006,1,2026-08-01,180,67,False,False
603,2021-01-01,0.0,2006,1,2026-08-01,180,67,False,False
607,2021-01-01,0.0,2006,1,2026-08-01,180,67,False,False
609,2021-01-01,0.0,2006,1,2026-08-01,180,67,False,False
610,2021-01-01,0.0,2006,1,2026-08-01,180,67,False,False
611,2021-01-01,0.0,2006,1,2026-08-01,180,67,False,False
737,2021-01-01,0.0,2006,1,2026-08-01,180,67,False,False
738,2021-01-01,0.0,2006,1,2026-08-01,180,67,False,False
739,2022-03-01,204.43,2006,1,2026-08-01,194,53,False,False
740,2021-01-01,0.0,2006,1,2026-05-01,180,64,False,False
741,2021-01-01,0.0,2006,1,2026-05-01,180,64,False,False
742,2021-01-01,0.0,2006,1,2026-05-01,180,64,False,False
744,2021-01-01,0.0,2006,1,2026-05-01,180,64,False,False
769,2021-01-01,0.0,2006,1,2026-05-01,180,64,False,False
770,2021-01-01,0.0,2006,1,2026-05-01,180,64,False,False
795,2021-01-01,0.0,2006,1,2026-05-01,180,64,False,False
796,2021-01-01,0.0,2006,1,2026-05-01,180,64,False,False
797,2021-01-01,0.0,2006,1,2026-05-01,180,64,False,False
1404,2021-01-01,0.0,2006,1,2026-08-01,180,67,False,False
1786,2021-01-01,0.0,2006,1,2026-05-01,180,64,False,False
2751,2021-01-01,0.0,2006,1,2026-05-01,180,64,False,False
2752,2021-01-01,0.0,2006,1,2026-08-01,180,67,False,False
8371,2021-01-01,0.0,2006,1,2026-08-01,180,67,False,False
8372,2021-01-01,0.0,2006,1,2026-08-01,180,67,False,False
8373,2021-01-01,0.0,2006,1,2026-08-01,180,67,False,False
8374,2021-01-01,0.0,2006,1,2026-08-01,180,67,False,False
8375,2021-01-01,0.0,2006,1,2026-08-01,180,67,False,False
8376,2021-01-01,0.0,2006,1,2026-08-01,180,67,False,False
8377,2021-01-01,0.0,2006,1,2026-08-01,180,67,False,False
8378,2021-01-01,0.0,2006,1,2026-08-01,180,67,False,False
8379,2021-03-01,56.28,2006,1,2026-08-01,182,65,False,False
8380,2021-05-01,27.1,2006,1,2026-08-01,184,63,False,True
8381,2023-02-01,253.76,2006,1,2026-08-01,205,42,False,False
8382,2022-12-01,55.57,2006,1,2026-08-01,203,44,False,False
8383,2021-01-01,0.0,2006,1,2026-08-01,180,67,False,False
8384,2021-01-01,0.0,2006,1,2026-08-01,180,67,False,False
8385,2021-04-01,324.38,2006,1,2026-08-01,183,64,False,True
8386,2021-10-01,386.02,2006,1,2026-08-01,189,58,False,True
8387,2022-12-01,29.78,2006,1,2026-08-01,203,44,False,True
8388,2021-11-01,175.55,2006,1,2026-08-01,190,57,False,True
8389,2021-01-01,0.0,2006,1,2026-08-01,180,67,False,False
8390,2021-01-01,0.0,2006,1,2026-08-01,180,67,False,False
8391,2022-08-01,144.06,2006,1,2026-08-01,199,48,False,False
8392,2021-08-01,183.35,2006,1,2026-08-01,187,60,False,True
8393,2021-10-01,488.31,2006,1,2026-08-01,189,58,False,False
8394,2021-01-01,0.0,2006,1,2026-08-01,180,67,False,False
8395,2023-11-01,211.65,2006,1,2026-08-01,214,33,False,False
8396,2021-04-01,321.7,2006,1,2026-08-01,183,64,False,False
8397,2021-08-01,167.51,2006,1,2026-08-01,187,60,False,True
8398,2021-10-01,406.55,2006,1,2026-08-01,189,58,False,True
8399,2021-01-01,0.0,2006,1,2026-08-01,180,67,False,False
8400,2021-01-01,0.0,2006,1,2026-08-01,180,67,False,False
8401,2021-01-01,0.0,2006,1,2026-08-01,180,67,False,False
8402,2021-10-01,1128.91,2006,1,2026-08-01,189,58,False,False
8403,2021-01-01,0.0,2006,1,2026-08-01,180,67,False,False
8404,2023-09-01,128.37,2006,1,2026-08-01,212,35,False,False
8405,2021-01-01,0.0,2006,1,2026-08-01,180,67,False,False
8406,2021-10-01,225.22,2006,1,2026-08-01,189,58,False,True
8407,2021-05-01,141.92,2006,1,2026-08-01,184,63,False,True
8408,2023-12-01,326.08,2006,1,2026-08-01,215,32,False,True
8409,2021-10-01,506.54,2006,1,2026-08-01,189,58,False,True
8410,2023-07-01,159.08,2006,1,2026-08-01,210,37,False,False
8411,2022-04-01,116.04,2006,1,2026-08-01,195,52,False,True
8412,2021-11-01,323.29,2006,1,2026-08-01,190,57,False,False
8413,2021-11-01,119.33,2006,1,2026-08-01,190,57,False,True
8414,2021-01-01,0.0,2006,1,2026-05-01,180,64,False,False
8415,2023-03-01,28.01,2006,1,2026-08-01,206,41,False,True
10628,2021-03-01,337.53,2006,1,2026-08-01,182,65,False,True
11903,2021-01-01,0.0,2006,1,2026-08-01,180,67,False,False
39200,2021-01-01,0.0,2006,1,2026-07-01,180,66,False,False
39201,2021-01-01,0.0,2006,1,2026-07-01,180,66,False,False
39202,2021-01-01,0.0,2006,1,2026-07-01,180,66,False,False
39203,2022-03-01,103.503,2006,1,2026-07-01,194,52,False,True
39204,2021-01-01,0.0,2006,1,2026-07-01,180,66,False,False
39205,2021-01-01,0.0,2006,1,2026-07-01,180,66,False,False
39206,2021-01-01,0.0,2006,1,2026-07-01,180,66,False,False
39207,2021-01-01,0.0,2006,1,2026-07-01,180,66,False,False
39208,2021-01-01,0.0,2006,1,2026-07-01,180,66,False,False
39209,2021-01-01,0.0,2006,1,2026-07-01,180,66,False,False
39210,2021-01-01,30.417,2006,1,2026-07-01,180,66,False,False
39211,2021-01-01,0.0,2006,1,2026-07-01,180,66,False,False
39212,2021-01-01,0.0,2006,1,2026-07-01,180,66,False,False
39213,2021-01-01,0.0,2006,1,2026-07-01,180,66,False,False
39214,2021-01-01,0.0,2006,1,2026-07-01,180,66,False,False
39215,2022-05-01,212.724,2006,1,2026-07-01,196,50,False,True
39216,2021-01-01,0.0,2006,1,2026-07-01,180,66,False,False
39217,2021-01-01,0.0,2006,1,2026-07-01,180,66,False,False
39218,2021-01-01,0.0,2006,1,2026-07-01,180,66,False,False
39219,2021-01-01,0.0,2006,1,2026-07-01,180,66,False,False
39220,2024-03-01,88.60526,2006,1,2026-07-01,218,28,False,False
39221,2021-01-01,0.0,2006,1,2026-07-01,180,66,False,False
39222,2021-01-01,0.0,2006,1,2026-07-01,180,66,False,False
39223,2023-10-01,127.3306,2006,1,2026-07-01,213,33,False,True
39224,2021-03-01,58.093,2006,1,2026-07-01,182,64,False,False
39225,2022-05-01,111.97,2006,1,2026-07-01,196,50,False,True
39226,2021-02-01,0.915,2006,1,2026-07-01,181,65,False,False
39227,2021-01-01,0.0,2006,1,2026-07-01,180,66,False,False
39228,2024-10-01,152.5253,2006,1,2026-07-01,225,21,False,True
39229,2021-01-01,0.0,2006,1,2026-07-01,180,66,False,False
39230,2021-01-01,0.0,2006,1,2026-07-01,180,66,False,False
39231,2021-01-01,0.0,2006,1,2026-07-01,180,66,False,False
39232,2021-01-01,0.0,2006,1,2026-07-01,180,66,False,False
39233,2021-01-01,0.0,2006,1,2026-07-01,180,66,False,False
39237,2021-06-01,568.011,2006,1,2026-07-01,185,61,False,True
39239,2021-01-01,0.0,2006,1,2026-07-01,180,66,False,False
39242,2021-01-01,0.0,2006,1,2026-07-01,180,66,False,False
39243,2021-01-01,0.0,2006,1,2026-07-01,180,66,False,False
39244,2021-01-01,0.0,2006,1,2026-07-01,180,66,False,False
39245,2021-01-01,0.0,2006,1,2026-07-01,180,66,False,False
39246,2021-10-01,177.549,2006,1,2026-07-01,189,57,False,False
39247,2021-01-01,0.0,2006,1,2026-07-01,180,66,False,False
39248,2021-01-01,0.0,2006,1,2026-07-01,180,66,False,False
64454,2021-01-01,0.0,2006,1,2026-07-01,180,66,False,False
64455,2021-01-01,0.0,2006,1,2026-07-01,180,66,False,False
64742,2021-01-01,0.0,2006,1,2026-07-01,180,66,False,False
64743,2021-01-01,0.0,2006,1,2026-07-01,180,66,False,False
64744,2022-08-01,34.1,2006,1,2026-07-01,199,47,False,True
64745,2021-01-01,0.0,2006,1,2026-07-01,180,66,False,False
64746,2021-01-01,0.0,2006,1,2026-07-01,180,66,False,False
64747,2021-01-01,0.0,2006,1,2026-07-01,180,66,False,False
64748,2021-01-01,0.0,2006,1,2026-07-01,180,66,False,False
64749,2021-01-01,0.0,2006,1,2026-07-01,180,66,False,False
64750,2021-01-01,0.0,2006,1,2026-07-01,180,66,False,False
64751,2021-01-01,0.0,2006,1,2026-07-01,180,66,False,False
64752,2021-01-01,0.0,2006,1,2026-07-01,180,66,False,False
64753,2021-01-01,0.0,2006,1,2026-07-01,180,66,False,False
64754,2021-01-01,0.0,2006,1,2026-07-01,180,66,False,False
64755,2021-01-01,0.0,2006,1,2026-07-01,180,66,False,False
64756,2021-01-01,0.0,2006,1,2026-07-01,180,66,False,False
64757,2021-01-01,0.0,2006,1,2026-07-01,180,66,False,False
64758,2021-01-01,0.0,2006,1,2026-07-01,180,66,False,False
64759,2021-01-01,0.0,2006,1,2026-07-01,180,66,False,False
64760,2021-01-01,0.0,2006,1,2026-07-01,180,66,False,False
64761,2021-01-01,0.0,2006,1,2026-07-01,180,66,False,False
64762,2021-01-01,0.0,2006,1,2026-07-01,180,66,False,False
64763,2021-01-01,0.0,2006,1,2026-07-01,180,66,False,False
64764,2021-01-01,0.0,2006,1,2026-07-01,180,66,False,False
64765,2021-01-01,0.0,2006,1,2026-07-01,180,66,False,False
64766,2021-01-01,0.0,2006,1,2026-07-01,180,66,False,False
64767,2025-12-01,13.11,2006,1,2026-07-01,239,7,False,True
64768,2021-01-01,0.0,2006,1,2026-07-01,180,66,False,False
64769,2021-01-01,0.0,2006,1,2026-07-01,180,66,False,False
64770,2021-01-01,0.0,2006,1,2026-07-01,180,66,False,False
64771,2021-01-01,0.0,2006,1,2026-07-01,180,66,False,False
64772,2021-01-01,0.0,2006,1,2026-07-01,180,66,False,False
64773,2021-12-01,26.97,2006,1,2026-07-01,191,55,False,False
64774,2021-01-01,0.0,2006,1,2026-07-01,180,66,False,False
64775,2021-01-01,0.0,2006,1,2026-07-01,180,66,False,False
64776,2021-01-01,0.0,2006,1,2026-07-01,180,66,False,False
64777,2025-03-01,10.447,2006,1,2026-07-01,230,16,False,False
64778,2021-01-01,0.0,2006,1,2026-07-01,180,66,False,False
64779,2021-01-01,0.0,2006,1,2026-07-01,180,66,False,False
64780,2021-01-01,0.0,2006,1,2026-07-01,180,66,False,False
64781,2021-01-01,0.0,2006,1,2026-07-01,180,66,False,False
64782,2021-01-01,0.0,2006,1,2026-07-01,180,66,False,False
64783,2021-01-01,0.0,2006,1,2026-07-01,180,66,False,False
64784,2021-01-01,0.0,2006,1,2026-07-01,180,66,False,False
64785,2025-04-01,8.35,2006,1,2026-07-01,231,15,False,False
64786,2021-01-01,0.0,2006,1,2026-07-01,180,66,False,False
64787,2021-01-01,10.39083,2006,1,2026-07-01,180,66,False,False
64788,2021-12-01,18.6,2006,1,2026-07-01,191,55,False,True
64789,2021-01-01,0.0,2006,1,2026-07-01,180,66,False,False
64790,2021-01-01,0.0,2006,1,2026-07-01,180,66,False,False
64791,2021-01-01,0.0,2006,1,2026-07-01,180,66,False,False
64792,2024-08-01,31.7625,2006,1,2026-07-01,223,23,False,True
64793,2021-01-01,0.0,2006,1,2026-07-01,180,66,False,False
64794,2021-03-01,27.559,2006,1,2026-07-01,182,64,False,True
64795,2021-01-01,0.0,2006,1,2026-07-01,180,66,False,False
64796,2021-01-01,0.0,2006,1,2026-07-01,180,66,False,False
64797,2021-12-01,21.855,2006,1,2026-07-01,191,55,False,True
64798,2021-01-01,0.0,2006,1,2026-07-01,180,66,False,False
64799,2022-04-01,12.39467,2006,1,2026-07-01,195,51,False,False
64800,2025-03-01,21.359,2006,1,2026-07-01,230,16,False,False
64801,2024-08-01,122.9058,2006,1,2026-07-01,223,23,False,False
64802,2021-01-01,0.0,2006,1,2026-07-01,180,66,False,False
64803,2022-04-01,11.06667,2006,1,2026-07-01,195,51,False,False
64804,2021-01-01,6.475,2006,1,2026-07-01,180,66,False,False
64805,2021-01-01,0.0,2006,1,2026-07-01,180,66,False,False
64806,2021-01-01,0.0,2006,1,2026-07-01,180,66,False,False
64807,2021-01-01,0.0,2006,1,2026-07-01,180,66,False,False
64808,2024-11-01,149.154,2006,1,2026-07-01,226,20,False,False
64809,2021-01-01,0.0,2006,1,2026-07-01,180,66,False,False
65657,2021-01-01,0.0,2006,1,2026-07-01,180,66,False,False
65658,2024-10-01,12.672,2006,1,2026-07-01,225,21,False,True
66137,2021-01-01,0.0,2006,1,2026-07-01,180,66,False,False
68149,2025-10-01,110.62,2006,1,2026-07-01,237,9,False,False
68150,2021-01-01,0.0,2006,1,2026-07-01,180,66,False,False
68151,2021-01-01,0.0,2006,1,2026-07-01,180,66,False,False
68152,2021-01-01,0.0,2006,1,2026-07-01,180,66,False,False
68153,2025-10-01,119.44,2006,1,2026-07-01,237,9,False,True
68154,2021-01-01,0.0,2006,1,2026-07-01,180,66,False,False
68155,2021-01-01,0.0,2006,1,2026-07-01,180,66,False,False
68156,2021-01-01,0.0,2006,1,2026-07-01,180,66,False,False
68157,2021-01-01,0.0,2006,1,2026-07-01,180,66,False,False
68158,2021-01-01,0.0,2006,1,2026-07-01,180,66,False,False
68159,2021-04-01,155.8698,2006,1,2026-07-01,183,63,False,False
68160,2021-01-01,0.0,2006,1,2026-07-01,180,66,False,False
68162,2024-07-01,41.45494,2006,1,2026-07-01,222,24,False,False
68163,2025-07-01,192.23,2006,1,2026-07-01,234,12,False,True
68164,2021-01-01,0.0,2006,1,2026-07-01,180,66,False,False
68165,2025-12-01,172.97,2006,1,2026-07-01,239,7,False,True
68166,2025-10-01,127.4,2006,1,2026-07-01,237,9,False,True
68167,2021-01-01,0.0,2006,1,2026-07-01,180,66,False,False
68168,2024-07-01,62.28767,2006,1,2026-07-01,222,24,False,False
68169,2021-01-01,0.0,2006,1,2026-07-01,180,66,False,False
68170,2021-04-01,48.63408,2006,1,2026-07-01,183,63,False,False
68171,2021-08-01,137.9858,2006,1,2026-07-01,187,59,False,True
68172,2023-05-01,124.7575,2006,1,2026-07-01,208,38,False,True
68173,2021-01-01,0.0,2006,1,2026-07-01,180,66,False,False
68174,2021-01-01,0.0,2006,1,2026-07-01,180,66,False,False
68175,2021-01-01,0.0,2006,1,2026-07-01,180,66,False,False
68176,2021-01-01,0.0,2006,1,2026-07-01,180,66,False,False
68192,2021-01-01,0.0,2006,1,2026-07-01,180,66,False,False
68322,2021-01-01,0.0,2006,1,2026-07-01,180,66,False,False
68323,2021-01-01,0.0,2006,1,2026-07-01,180,66,False,False
68324,2021-01-01,0.0,2006,1,2026-07-01,180,66,False,False
68325,2021-01-01,0.0,2006,1,2026-07-01,180,66,False,False
68688,2021-01-01,0.0,2006,1,2026-07-01,180,66,False,False
68689,2021-01-01,0.0,2006,1,2026-07-01,180,66,False,False
68690,2021-01-01,0.0,2006,1,2026-07-01,180,66,False,False
68691,2021-01-01,0.0,2006,1,2026-07-01,180,66,False,False
68697,2021-01-01,0.0,2006,1,2026-07-01,180,66,False,False
68698,2021-01-01,0.0,2006,1,2026-07-01,180,66,False,False
68699,2021-01-01,0.0,2006,1,2026-07-01,180,66,False,False
68700,2021-01-01,0.0,2006,1,2026-07-01,180,66,False,False
68701,2021-01-01,0.0,2006,1,2026-07-01,180,66,False,False
68702,2021-01-01,0.0,2006,1,2026-07-01,180,66,False,False
68703,2021-01-01,0.0,2006,1,2026-07-01,180,66,False,False
68704,2021-01-01,0.0,2006,1,2026-07-01,180,66,False,False
68705,2021-01-01,0.0,2006,1,2026-07-01,180,66,False,False
68706,2021-01-01,0.0,2006,1,2026-07-01,180,66,False,False
68707,2021-01-01,0.0,2006,1,2026-07-01,180,66,False,False
68708,2021-01-01,0.0,2006,1,2026-07-01,180,66,False,False
68709,2021-01-01,0.0,2006,1,2026-07-01,180,66,False,False
68710,2021-01-01,0.0,2006,1,2026-07-01,180,66,False,False
69826,2021-01-01,0.0,2006,1,2026-07-01,180,66,False,False
69827,2021-01-01,0.0,2006,1,2026-07-01,180,66,False,False
69828,2021-01-01,0.0,2006,1,2026-07-01,180,66,False,False
69829,2021-01-01,0.0,2006,1,2026-07-01,180,66,False,False
69830,2021-04-01,263.8716,2006,1,2026-07-01,183,63,False,True
69831,2021-12-01,328.6818,2006,1,2026-07-01,191,55,False,False
69832,2021-01-01,0.0,2006,1,2026-07-01,180,66,False,False
69833,2024-05-01,174.345,2006,1,2026-07-01,220,26,False,True
69834,2021-01-01,0.0,2006,1,2026-07-01,180,66,False,False
69835,2022-07-01,247.5943,2006,1,2026-07-01,198,48,False,True
69836,2021-01-01,0.0,2006,1,2026-07-01,180,66,False,False
69837,2021-04-01,116.146,2006,1,2026-07-01,183,63,False,True
69838,2021-01-01,0.0,2006,1,2026-07-01,180,66,False,False
69839,2023-03-01,149.3225,2006,1,2026-07-01,206,40,False,True
69840,2021-01-01,0.0,2006,1,2026-07-01,180,66,False,False
69841,2021-01-01,0.0,2006,1,2026-07-01,180,66,False,False
69842,2021-01-01,0.0,2006,1,2026-07-01,180,66,False,False
69843,2021-01-01,0.0,2006,1,2026-07-01,180,66,False,False
69844,2021-01-01,0.0,2006,1,2026-07-01,180,66,False,False
69845,2021-01-01,0.0,2006,1,2026-07-01,180,66,False,False
69846,2021-01-01,0.0,2006,1,2026-07-01,180,66,False,False
69847,2021-01-01,0.0,2006,1,2026-07-01,180,66,False,False
69848,2021-01-01,0.0,2006,1,2026-07-01,180,66,False,False
69849,2024-07-01,154.584,2006,1,2026-07-01,222,24,False,True
69850,2021-01-01,0.0,2006,1,2026-07-01,180,66,False,False
69851,2022-09-01,287.3552,2006,1,2026-07-01,200,46,False,False
69852,2022-05-01,596.1193,2006,1,2026-07-01,196,50,False,True
69853,2025-08-01,220.84,2006,1,2026-07-01,235,11,False,True
69854,2021-04-01,144.5445,2006,1,2026-07-01,183,63,False,False
69855,2021-01-01,0.0,2006,1,2026-07-01,180,66,False,False
69856,2021-01-01,0.0,2006,1,2026-07-01,180,66,False,False
69857,2021-01-01,0.0,2006,1,2026-07-01,180,66,False,False
69858,2021-01-01,0.0,2006,1,2026-07-01,180,66,False,False
69859,2025-04-01,238.7,2006,1,2026-07-01,231,15,False,True
69860,2021-01-01,0.0,2006,1,2026-07-01,180,66,False,False
69861,2024-12-01,230.0936,2006,1,2026-07-01,227,19,False,True
69862,2021-01-01,90.55908,2006,1,2026-07-01,180,66,False,False
69863,2021-01-01,0.0,2006,1,2026-07-01,180,66,False,False
69864,2022-12-01,410.1005,2006,1,2026-07-01,203,43,False,True
69865,2025-04-01,131.84,2006,1,2026-07-01,231,15,False,True
69866,2023-08-01,370.7173,2006,1,2026-07-01,211,35,False,True
69867,2021-01-01,0.0,2006,1,2026-07-01,180,66,False,False
69868,2022-03-01,220.1462,2006,1,2026-07-01,194,52,False,False
69869,2021-01-01,0.0,2006,1,2026-07-01,180,66,False,False
69870,2025-06-01,14.06,2006,1,2026-07-01,233,13,False,False
69871,2025-06-01,433.57,2006,1,2026-07-01,233,13,False,True
69872,2021-01-01,0.0,2006,1,2026-07-01,180,66,False,False
69873,2021-01-01,0.0,2006,1,2026-07-01,180,66,False,False
69874,2021-01-01,0.0,2006,1,2026-07-01,180,66,False,False
69875,2021-01-01,0.0,2006,1,2026-07-01,180,66,False,False
69876,2021-01-01,0.0,2006,1,2026-07-01,180,66,False,False
69877,2022-03-01,370.4834,2006,1,2026-07-01,194,52,False,True
69878,2021-01-01,0.0,2006,1,2026-07-01,180,66,False,False
69879,2022-11-01,378.3786,2006,1,2026-07-01,202,44,False,True
69880,2021-01-01,0.0,2006,1,2026-07-01,180,66,False,False
69881,2021-01-01,501.3123,2006,1,2026-07-01,180,66,False,True
69882,2021-01-01,0.0,2006,1,2026-07-01,180,66,False,False
69883,2021-01-01,0.0,2006,1,2026-07-01,180,66,False,False
69884,2021-01-01,0.0,2006,1,2026-07-01,180,66,False,False
69885,2021-01-01,0.0,2006,1,2026-07-01,180,66,False,False
69886,2022-07-01,291.3197,2006,1,2026-07-01,198,48,False,True
69887,2021-01-01,0.0,2006,1,2026-07-01,180,66,False,False
69888,2021-01-01,0.0,2006,1,2026-07-01,180,66,False,False
69889,2021-01-01,0.0,2006,1,2026-07-01,180,66,False,False
69890,2023-12-01,140.991,2006,1,2026-07-01,215,31,False,False
69891,2023-12-01,65.33472,2006,1,2026-07-01,215,31,False,True
69892,2021-01-01,0.0,2006,1,2026-07-01,180,66,False,False
69894,2023-05-01,179.3091,2006,1,2026-07-01,208,38,False,True
69895,2023-07-01,157.3134,2006,1,2026-07-01,210,36,False,True
69896,2021-12-01,150.5049,2006,1,2026-07-01,191,55,False,True
69897,2023-07-01,173.038,2006,1,2026-07-01,210,36,False,False
69898,2026-01-01,48.3,2006,1,2026-07-01,240,6,False,False
69899,2021-01-01,0.0,2006,1,2026-07-01,180,66,False,False
69900,2021-01-01,0.0,2006,1,2026-07-01,180,66,False,False
69901,2021-04-01,63.11246,2006,1,2026-07-01,183,63,False,False
69902,2022-07-01,219.6308,2006,1,2026-07-01,198,48,False,False
69903,2021-01-01,0.0,2006,1,2026-07-01,180,66,False,False
69904,2021-01-01,0.0,2006,1,2026-07-01,180,66,False,False
69905,2021-01-01,0.0,2006,1,2026-07-01,180,66,False,False
69906,2021-01-01,0.0,2006,1,2026-07-01,180,66,False,False
69907,2021-01-01,0.0,2006,1,2026-07-01,180,66,False,False
69908,2023-05-01,305.8475,2006,1,2026-07-01,208,38,False,True
69909,2021-01-01,0.0,2006,1,2026-07-01,180,66,False,False
69910,2021-01-01,0.0,2006,1,2026-07-01,180,66,False,False
69911,2021-01-01,0.0,2006,1,2026-07-01,180,66,False,False
69912,2023-12-01,139.5413,2006,1,2026-07-01,215,31,False,True
69913,2025-01-01,141.9495,2006,1,2026-07-01,228,18,False,False
69914,2022-03-01,131.6608,2006,1,2026-07-01,194,52,False,False
69915,2021-01-01,0.0,2006,1,2026-07-01,180,66,False,False
69916,2023-12-01,351.582,2006,1,2026-07-01,215,31,False,False
69917,2021-01-01,0.0,2006,1,2026-07-01,180,66,False,False
69918,2021-01-01,0.0,2006,1,2026-07-01,180,66,False,False
69919,2021-01-01,0.0,2006,1,2026-07-01,180,66,False,False
69920,2021-01-01,0.0,2006,1,2026-07-01,180,66,False,False
69921,2021-01-01,0.0,2006,1,2026-07-01,180,66,False,False
69922,2021-01-01,0.0,2006,1,2026-07-01,180,66,False,False
69923,2021-01-01,0.0,2006,1,2026-07-01,180,66,False,False
69924,2024-04-01,20.58492,2006,1,2026-07-01,219,27,False,False
69925,2021-01-01,0.0,2006,1,2026-07-01,180,66,False,False
69926,2021-01-01,0.0,2006,1,2026-07-01,180,66,False,False
69927,2021-01-01,0.0,2006,1,2026-07-01,180,66,False,False
69928,2021-01-01,0.0,2006,1,2026-07-01,180,66,False,False
69929,2022-10-01,318.8208,2006,1,2026-07-01,201,45,False,True
69930,2021-01-01,0.0,2006,1,2026-07-01,180,66,False,False
69931,2023-10-01,88.77723,2006,1,2026-07-01,213,33,False,True
69932,2023-10-01,133.7103,2006,1,2026-07-01,213,33,False,True
69933,2021-01-01,0.0,2006,1,2026-07-01,180,66,False,False
69934,2023-10-01,157.2492,2006,1,2026-07-01,213,33,False,False
69935,2021-01-01,0.0,2006,1,2026-07-01,180,66,False,False
69936,2023-01-01,85.96184,2006,1,2026-07-01,204,42,False,False
69937,2021-07-01,130.2072,2006,1,2026-07-01,186,60,False,False
69938,2021-01-01,0.0,2006,1,2026-07-01,180,66,False,False
69939,2022-01-01,8.139907,2006,1,2026-07-01,192,54,False,False
69940,2021-01-01,162.3589,2006,1,2026-07-01,180,66,False,False
69941,2021-01-01,0.0,2006,1,2026-07-01,180,66,False,False
69942,2021-01-01,0.0,2006,1,2026-07-01,180,66,False,False
69943,2021-01-01,0.0,2006,1,2026-07-01,180,66,False,False
69944,2021-01-01,0.0,2006,1,2026-07-01,180,66,False,False
69945,2021-01-01,0.0,2006,1,2026-07-01,180,66,False,False
69946,2021-01-01,0.0,2006,1,2026-07-01,180,66,False,False
69947,2021-01-01,0.0,2006,1,2026-07-01,180,66,False,False
69948,2021-01-01,0.0,2006,1,2026-07-01,180,66,False,False
69949,2025-11-01,121.79,2006,1,2026-07-01,238,8,False,True
69950,2021-01-01,0.0,2006,1,2026-07-01,180,66,False,False
69951,2021-01-01,0.0,2006,1,2026-07-01,180,66,False,False
69952,2021-01-01,0.0,2006,1,2026-07-01,180,66,False,False
69953,2021-01-01,0.0,2006,1,2026-07-01,180,66,False,False
69954,2022-06-01,177.1294,2006,1,2026-07-01,197,49,False,True
69955,2021-01-01,0.0,2006,1,2026-07-01,180,66,False,False
69956,2024-01-01,261.0847,2006,1,2026-07-01,216,30,False,True
69957,2021-01-01,0.0,2006,1,2026-07-01,180,66,False,False
69958,2021-01-01,0.0,2006,1,2026-07-01,180,66,False,False
69959,2021-01-01,0.0,2006,1,2026-07-01,180,66,False,False
69960,2021-01-01,0.0,2006,1,2026-07-01,180,66,False,False
69961,2021-01-01,0.0,2006,1,2026-07-01,180,66,False,False
69962,2021-01-01,0.0,2006,1,2026-07-01,180,66,False,False
69963,2025-05-01,198.78,2006,1,2026-07-01,232,14,False,False
69964,2021-01-01,0.0,2006,1,2026-07-01,180,66,False,False
69965,2021-01-01,0.0,2006,1,2026-07-01,180,66,False,False
69966,2021-01-01,0.0,2006,1,2026-07-01,180,66,False,False
69967,2021-01-01,0.0,2006,1,2026-07-01,180,66,False,False
69974,2021-01-01,0.0,2006,1,2026-07-01,180,66,False,False
69975,2021-01-01,0.0,2006,1,2026-07-01,180,66,False,False
70123,2021-01-01,0.0,2006,1,2026-07-01,180,66,False,False
70124,2021-04-01,410.4669,2006,1,2026-07-01,183,63,False,True
70125,2022-02-01,385.7067,2006,1,2026-07-01,193,53,False,True
70126,2026-01-01,264.2,2006,1,2026-07-01,240,6,False,True
70127,2025-04-01,272.56,2006,1,2026-07-01,231,15,False,True
70128,2021-01-01,0.0,2006,1,2026-07-01,180,66,False,False
70129,2021-01-01,0.0,2006,1,2026-07-01,180,66,False,False
70235,2021-01-01,0.0,2006,1,2026-07-01,180,66,False,False
75332,2021-01-01,0.0,2006,1,2026-07-01,180,66,False,False
75333,2021-01-01,0.0,2006,1,2026-07-01,180,66,False,False
75334,2021-01-01,0.0,2006,1,2026-07-01,180,66,False,False
75335,2021-01-01,0.0,2006,1,2026-07-01,180,66,False,False
75336,2021-01-01,0.0,2006,1,2026-07-01,180,66,False,False
75337,2021-01-01,0.0,2006,1,2026-07-01,180,66,False,False
75338,2021-01-01,0.0,2006,1,2026-07-01,180,66,False,False
75339,2021-01-01,0.0,2006,1,2026-07-01,180,66,False,False
75340,2021-01-01,0.0,2006,1,2026-07-01,180,66,False,False
75341,2021-01-01,0.0,2006,1,2026-07-01,180,66,False,False
75342,2021-01-01,0.0,2006,1,2026-07-01,180,66,False,False
75343,2021-01-01,0.0,2006,1,2026-07-01,180,66,False,False
75344,2021-01-01,0.0,2006,1,2026-07-01,180,66,False,False
75345,2021-01-01,0.0,2006,1,2026-07-01,180,66,False,False
75346,2021-01-01,0.0,2006,1,2026-07-01,180,66,False,False
75347,2021-01-01,0.0,2006,1,2026-07-01,180,66,False,False
75348,2021-01-01,0.0,2006,1,2026-07-01,180,66,False,False
75349,2021-01-01,0.0,2006,1,2026-07-01,180,66,False,False
75350,2021-10-01,9.26,2006,1,2026-07-01,189,57,False,False
75351,2021-01-01,0.0,2006,1,2026-07-01,180,66,False,False
75352,2021-10-01,298.587,2006,1,2026-07-01,189,57,False,True
75353,2021-01-01,0.0,2006,1,2026-07-01,180,66,False,False
75354,2021-10-01,162.774,2006,1,2026-07-01,189,57,False,True
75355,2022-12-01,163.8631,2006,1,2026-07-01,203,43,False,True
75356,2021-01-01,0.0,2006,1,2026-07-01,180,66,False,False
75357,2021-01-01,0.0,2006,1,2026-07-01,180,66,False,False
75358,2024-03-01,283.3091,2006,1,2026-07-01,218,28,False,True
75359,2023-09-01,98.31891,2006,1,2026-07-01,212,34,False,True
75360,2021-01-01,0.0,2006,1,2026-07-01,180,66,False,False
75361,2021-01-01,0.0,2006,1,2026-07-01,180,66,False,False
75362,2023-08-01,187.885,2006,1,2026-07-01,211,35,False,True
75363,2021-01-01,0.0,2006,1,2026-07-01,180,66,False,False
75364,2021-01-01,0.0,2006,1,2026-07-01,180,66,False,False
75365,2021-01-01,100.242,2006,1,2026-07-01,180,66,False,True
75366,2021-01-01,0.0,2006,1,2026-07-01,180,66,False,False
75367,2025-06-01,515.3937,2006,1,2026-07-01,233,13,False,True
75368,2021-05-01,140.121,2006,1,2026-07-01,184,62,False,False
75369,2021-01-01,0.0,2006,1,2026-07-01,180,66,False,False
75370,2023-07-01,255.2939,2006,1,2026-07-01,210,36,False,True
75371,2024-07-01,203.9778,2006,1,2026-07-01,222,24,False,True
75372,2021-01-01,0.0,2006,1,2026-07-01,180,66,False,False
75373,2021-01-01,0.0,2006,1,2026-07-01,180,66,False,False
75374,2024-04-01,472.6744,2006,1,2026-07-01,219,27,False,True
75375,2021-01-01,0.0,2006,1,2026-07-01,180,66,False,False
75376,2021-01-01,0.0,2006,1,2026-07-01,180,66,False,False
75377,2021-01-01,0.0,2006,1,2026-07-01,180,66,False,False
75378,2021-01-01,0.0,2006,1,2026-07-01,180,66,False,False
75379,2021-01-01,0.0,2006,1,2026-07-01,180,66,False,False
75380,2021-05-01,563.538,2006,1,2026-07-01,184,62,False,True
75381,2021-01-01,0.0,2006,1,2026-07-01,180,66,False,False
75382,2023-12-01,156.4894,2006,1,2026-07-01,215,31,False,True
75383,2021-01-01,0.0,2006,1,2026-07-01,180,66,False,False
75384,2021-01-01,0.0,2006,1,2026-07-01,180,66,False,False
75385,2021-01-01,0.0,2006,1,2026-07-01,180,66,False,False
75386,2021-01-01,0.0,2006,1,2026-07-01,180,66,False,False
75387,2021-01-01,0.0,2006,1,2026-07-01,180,66,False,False
75388,2021-01-01,0.0,2006,1,2026-07-01,180,66,False,False
75389,2021-01-01,0.0,2006,1,2026-07-01,180,66,False,False
75390,2021-05-01,40.432,2006,1,2026-07-01,184,62,False,True
75391,2025-06-01,84.31169,2006,1,2026-07-01,233,13,False,True
75392,2025-05-01,184.786,2006,1,2026-07-01,232,14,False,True
75393,2021-01-01,0.0,2006,1,2026-07-01,180,66,False,False
75394,2024-06-01,100.629,2006,1,2026-07-01,221,25,False,True
75395,2021-01-01,0.0,2006,1,2026-07-01,180,66,False,False
75396,2023-10-01,48.43771,2006,1,2026-07-01,213,33,False,True
75397,2021-01-01,20.345,2006,1,2026-07-01,180,66,False,False
75398,2021-10-01,72.614,2006,1,2026-07-01,189,57,False,True
75399,2021-01-01,0.0,2006,1,2026-07-01,180,66,False,False
75400,2021-01-01,0.0,2006,1,2026-07-01,180,66,False,False
75401,2021-01-01,0.0,2006,1,2026-07-01,180,66,False,False
75402,2021-01-01,0.0,2006,1,2026-07-01,180,66,False,False
75403,2021-10-01,34.255,2006,1,2026-07-01,189,57,False,True
75404,2021-01-01,0.0,2006,1,2026-07-01,180,66,False,False
75405,2021-01-01,0.0,2006,1,2026-07-01,180,66,False,False
75406,2021-01-01,0.0,2006,1,2026-07-01,180,66,False,False
75407,2024-12-01,265.3725,2006,1,2026-07-01,227,19,False,True
75408,2021-01-01,0.0,2006,1,2026-07-01,180,66,False,False
75409,2021-10-01,46.431,2006,1,2026-07-01,189,57,False,True
75410,2025-06-01,72.38479,2006,1,2026-07-01,233,13,False,True
75411,2022-02-01,2.206,2006,1,2026-07-01,193,53,False,False
75412,2021-01-01,30.782,2006,1,2026-07-01,180,66,False,False
75413,2021-01-01,0.0,2006,1,2026-07-01,180,66,False,False
75414,2024-05-01,48.11686,2006,1,2026-07-01,220,26,False,True
75415,2024-07-01,533.1273,2006,1,2026-07-01,222,24,False,True
75416,2021-01-01,0.0,2006,1,2026-07-01,180,66,False,False
75417,2021-01-01,0.0,2006,1,2026-07-01,180,66,False,False
75418,2021-01-01,0.0,2006,1,2026-07-01,180,66,False,False
75419,2021-01-01,0.0,2006,1,2026-07-01,180,66,False,False
75420,2021-01-01,0.0,2006,1,2026-07-01,180,66,False,False
75421,2021-01-01,0.0,2006,1,2026-07-01,180,66,False,False
75422,2021-01-01,0.0,2006,1,2026-07-01,180,66,False,False
75423,2021-01-01,0.0,2006,1,2026-07-01,180,66,False,False
75424,2023-11-01,165.8759,2006,1,2026-07-01,214,32,False,True
75425,2021-10-01,130.371,2006,1,2026-07-01,189,57,False,True
75426,2021-12-01,36.026,2006,1,2026-07-01,191,55,False,True
75427,2022-09-01,82.58597,2006,1,2026-07-01,200,46,False,True
75428,2021-01-01,0.0,2006,1,2026-07-01,180,66,False,False
75616,2021-10-01,209.199,2006,1,2026-07-01,189,57,False,True
75617,2024-12-01,182.3685,2006,1,2026-07-01,227,19,False,True
75618,2021-01-01,0.0,2006,1,2026-07-01,180,66,False,False
75619,2025-07-01,83.94084,2006,1,2026-07-01,234,12,False,True
77769,2021-01-01,0.0,2006,1,2026-07-01,180,66,False,False
77770,2021-01-01,0.0,2006,1,2026-07-01,180,66,False,False
77773,2021-01-01,0.0,2006,1,2026-07-01,180,66,False,False
77774,2021-01-01,0.0,2006,1,2026-07-01,180,66,False,False
77775,2021-01-01,0.0,2006,1,2026-07-01,180,66,False,False
77776,2021-01-01,0.0,2006,1,2026-07-01,180,66,False,False
77777,2021-01-01,0.0,2006,1,2026-07-01,180,66,False,False
77778,2021-01-01,0.0,2006,1,2026-07-01,180,66,False,False
77779,2021-01-01,0.0,2006,1,2026-07-01,180,66,False,False
77780,2021-01-01,0.0,2006,1,2026-07-01,180,66,False,False
77781,2021-01-01,0.0,2006,1,2026-07-01,180,66,False,False
79161,2021-01-01,0.0,2006,1,2026-07-01,180,66,False,False
79194,2021-01-01,0.0,2006,1,2026-07-01,180,66,False,False
119789,2021-01-01,0.0,2006,1,2026-08-01,180,67,False,False
119790,2022-07-01,55.24,2006,1,2026-08-01,198,49,False,False
119934,2021-01-01,0.0,2006,1,2026-07-01,180,66,False,False
119935,2021-01-01,0.0,2006,1,2026-07-01,180,66,False,False
119936,2021-06-01,46.23,2006,1,2026-07-01,185,61,False,True
119937,2021-01-01,0.0,2006,1,2026-07-01,180,66,False,False
119938,2021-01-01,0.0,2006,1,2026-07-01,180,66,False,False
119939,2025-08-01,113.345,2006,1,2026-07-01,235,11,False,True
122235,2021-01-01,119.62,2006,1,2026-07-01,180,66,False,False
122236,2021-01-01,55.66,2006,1,2026-07-01,180,66,False,False
122237,2022-06-01,213.06,2006,1,2026-07-01,197,49,False,True
122238,2021-01-01,0.0,2006,1,2026-07-01,180,66,False,False
122239,2021-01-01,0.0,2006,1,2026-07-01,180,66,False,False
122240,2021-01-01,0.0,2006,1,2026-07-01,180,66,False,False
122241,2025-01-01,211.89,2006,1,2026-07-01,228,18,False,True
122242,2021-01-01,0.0,2006,1,2026-07-01,180,66,False,False
122243,2021-01-01,0.0,2006,1,2026-07-01,180,66,False,False
122244,2021-01-01,0.0,2006,1,2026-07-01,180,66,False,False
122245,2021-01-01,0.0,2006,1,2026-07-01,180,66,False,False
122246,2021-01-01,0.0,2006,1,2026-07-01,180,66,False,False
122247,2021-03-01,11.51,2006,1,2026-07-01,182,64,False,True
122248,2021-03-01,218.59,2006,1,2026-07-01,182,64,False,True
122249,2021-01-01,0.0,2006,1,2026-07-01,180,66,False,False
122250,2021-01-01,0.0,2006,1,2026-07-01,180,66,False,False
122251,2023-07-01,117.37,2006,1,2026-07-01,210,36,False,True
122252,2021-01-01,0.0,2006,1,2026-07-01,180,66,False,False
122253,2021-01-01,47.28,2006,1,2026-07-01,180,66,False,True
122254,2024-07-01,56.53,2006,1,2026-07-01,222,24,False,True
122255,2021-01-01,0.0,2006,1,2026-07-01,180,66,False,False
122256,2021-01-01,0.0,2006,1,2026-07-01,180,66,False,False
122257,2022-03-01,209.87,2006,1,2026-07-01,194,52,False,True
122258,2021-01-01,0.0,2006,1,2026-07-01,180,66,False,False
122259,2021-01-01,0.0,2006,1,2026-07-01,180,66,False,False
122260,2023-12-01,73.8,2006,1,2026-07-01,215,31,False,True
122261,2026-05-01,335.883,2006,1,2026-07-01,244,2,False,False
122262,2024-05-01,208.23,2006,1,2026-07-01,220,26,False,True
122263,2021-01-01,0.0,2006,1,2026-07-01,180,66,False,False
122264,2021-01-01,523.31,2006,1,2026-07-01,180,66,False,True
122265,2021-01-01,0.0,2006,1,2026-07-01,180,66,False,False
122266,2021-01-01,0.0,2006,1,2026-07-01,180,66,False,False
122267,2021-03-01,166.17,2006,1,2026-07-01,182,64,False,True
122268,2023-01-01,235.18,2006,1,2026-07-01,204,42,False,True
122269,2025-09-01,104.291,2006,1,2026-07-01,236,10,False,False
122270,2021-01-01,0.0,2006,1,2026-07-01,180,66,False,False
122271,2022-06-01,313.93,2006,1,2026-07-01,197,49,False,True
122272,2021-01-01,73.61,2006,1,2026-07-01,180,66,False,True
122273,2021-01-01,0.0,2006,1,2026-07-01,180,66,False,False
122274,2021-01-01,0.0,2006,1,2026-07-01,180,66,False,False
122275,2021-01-01,0.0,2006,1,2026-07-01,180,66,False,False
122276,2021-01-01,0.0,2006,1,2026-07-01,180,66,False,False
122277,2021-08-01,172.21,2006,1,2026-07-01,187,59,False,True
122278,2021-01-01,0.0,2006,1,2026-07-01,180,66,False,False
122279,2021-01-01,0.0,2006,1,2026-07-01,180,66,False,False
122280,2021-01-01,0.0,2006,1,2026-07-01,180,66,False,False
122281,2022-12-01,139.51,2006,1,2026-07-01,203,43,False,True
122282,2021-01-01,0.0,2006,1,2026-07-01,180,66,False,False
122283,2021-01-01,0.0,2006,1,2026-07-01,180,66,False,False
122284,2021-01-01,0.0,2006,1,2026-07-01,180,66,False,False
122285,2021-01-01,0.0,2006,1,2026-07-01,180,66,False,False
122286,2023-08-01,104.33,2006,1,2026-07-01,211,35,False,True
122287,2023-05-01,3.73,2006,1,2026-07-01,208,38,False,True
122288,2023-05-01,1.6,2006,1,2026-07-01,208,38,False,True
122289,2021-01-01,0.0,2006,1,2026-07-01,180,66,False,False
122290,2021-01-01,0.0,2006,1,2026-07-01,180,66,False,False
122291,2021-01-01,0.0,2006,1,2026-07-01,180,66,False,False
122292,2026-03-01,285.266,2006,1,2026-07-01,242,4,False,True
122293,2021-01-01,110.34,2006,1,2026-07-01,180,66,False,True
122294,2023-03-01,87.57,2006,1,2026-07-01,206,40,False,True
122295,2023-03-01,87.57,2006,1,2026-07-01,206,40,False,True
122296,2021-01-01,0.0,2006,1,2026-07-01,180,66,False,False
122297,2021-05-01,76.61,2006,1,2026-07-01,184,62,False,True
122298,2023-10-01,339.94,2006,1,2026-07-01,213,33,False,True
122299,2021-01-01,0.0,2006,1,2026-07-01,180,66,False,False
122300,2021-01-01,0.0,2006,1,2026-07-01,180,66,False,False
122301,2021-01-01,0.0,2006,1,2026-07-01,180,66,False,False
122302,2026-05-01,197.036,2006,1,2026-07-01,244,2,False,True
122303,2021-01-01,0.0,2006,1,2026-07-01,180,66,False,False
122304,2021-01-01,0.0,2006,1,2026-07-01,180,66,False,False
122305,2021-01-01,0.0,2006,1,2026-07-01,180,66,False,False
122306,2021-01-01,0.0,2006,1,2026-07-01,180,66,False,False
122307,2021-01-01,208.52,2006,1,2026-07-01,180,66,False,False
122308,2021-01-01,0.0,2006,1,2026-07-01,180,66,False,False
122309,2021-01-01,0.0,2006,1,2026-07-01,180,66,False,False
122310,2021-10-01,78.79,2006,1,2026-07-01,189,57,False,True
122311,2021-01-01,11.89,2006,1,2026-07-01,180,66,False,False
122312,2021-01-01,0.0,2006,1,2026-07-01,180,66,False,False
122313,2021-01-01,0.0,2006,1,2026-07-01,180,66,False,False
122314,2021-01-01,88.88,2006,1,2026-07-01,180,66,False,False
122315,2024-07-01,94.66,2006,1,2026-07-01,222,24,False,True
122316,2021-01-01,0.0,2006,1,2026-07-01,180,66,False,False
122317,2021-01-01,0.0,2006,1,2026-07-01,180,66,False,False
122318,2021-01-01,0.0,2006,1,2026-07-01,180,66,False,False
122319,2021-01-01,0.0,2006,1,2026-07-01,180,66,False,False
122320,2021-01-01,0.0,2006,1,2026-07-01,180,66,False,False
122321,2021-01-01,0.0,2006,1,2026-07-01,180,66,False,False
122322,2022-05-01,38.63,2006,1,2026-07-01,196,50,False,True
122323,2025-12-01,123.903,2006,1,2026-07-01,239,7,False,True
122324,2021-01-01,0.0,2006,1,2026-07-01,180,66,False,False
122325,2022-08-01,155.75,2006,1,2026-07-01,199,47,False,True
122326,2021-01-01,0.0,2006,1,2026-07-01,180,66,False,False
122327,2021-01-01,0.0,2006,1,2026-07-01,180,66,False,False
122328,2021-01-01,0.0,2006,1,2026-07-01,180,66,False,False
122329,2021-01-01,0.0,2006,1,2026-07-01,180,66,False,False
122330,2021-05-01,51.03,2006,1,2026-07-01,184,62,False,False
122331,2021-02-01,12.37,2006,1,2026-07-01,181,65,False,False
122332,2021-01-01,0.0,2006,1,2026-07-01,180,66,False,False
122333,2021-01-01,0.0,2006,1,2026-07-01,180,66,False,False
122334,2021-01-01,0.0,2006,1,2026-07-01,180,66,False,False
122335,2021-01-01,0.0,2006,1,2026-07-01,180,66,False,False
122336,2024-07-01,82.95,2006,1,2026-07-01,222,24,False,True
122337,2021-01-01,0.0,2006,1,2026-07-01,180,66,False,False
122338,2021-01-01,0.0,2006,1,2026-07-01,180,66,False,False
122339,2021-01-01,118.1,2006,1,2026-07-01,180,66,False,False
122340,2021-05-01,152.79,2006,1,2026-07-01,184,62,False,False
122341,2021-01-01,0.0,2006,1,2026-07-01,180,66,False,False
122342,2021-01-01,0.0,2006,1,2026-07-01,180,66,False,False
122343,2021-01-01,0.0,2006,1,2026-07-01,180,66,False,False
122344,2021-01-01,0.0,2006,1,2026-07-01,180,66,False,False
122345,2021-01-01,0.0,2006,1,2026-07-01,180,66,False,False
122346,2022-04-01,23.86,2006,1,2026-07-01,195,51,False,False
122347,2022-05-01,95.71,2006,1,2026-07-01,196,50,False,True
122348,2021-01-01,0.0,2006,1,2026-07-01,180,66,False,False
122349,2021-01-01,0.0,2006,1,2026-07-01,180,66,False,False
122350,2021-01-01,0.0,2006,1,2026-07-01,180,66,False,False
122351,2021-01-01,0.0,2006,1,2026-07-01,180,66,False,False
122352,2021-01-01,0.0,2006,1,2026-07-01,180,66,False,False
122353,2021-01-01,0.0,2006,1,2026-07-01,180,66,False,False
122354,2021-01-01,0.0,2006,1,2026-07-01,180,66,False,False
122355,2021-03-01,376.11,2006,1,2026-07-01,182,64,False,True
122356,2021-01-01,0.0,2006,1,2026-07-01,180,66,False,False
122357,2021-01-01,0.0,2006,1,2026-07-01,180,66,False,False
122358,2021-01-01,0.0,2006,1,2026-07-01,180,66,False,False
122359,2021-01-01,0.0,2006,1,2026-07-01,180,66,False,False
122360,2021-05-01,241.54,2006,1,2026-07-01,184,62,False,True
122361,2021-01-01,145.11,2006,1,2026-07-01,180,66,False,True
122362,2021-01-01,0.0,2006,1,2026-07-01,180,66,False,False
122363,2021-01-01,0.0,2006,1,2026-07-01,180,66,False,False
122364,2021-05-01,129.69,2006,1,2026-07-01,184,62,False,True
122365,2023-05-01,157.97,2006,1,2026-07-01,208,38,False,True
122366,2021-05-01,224.87,2006,1,2026-07-01,184,62,False,True
122367,2021-05-01,49.36,2006,1,2026-07-01,184,62,False,True
122368,2021-05-01,148.83,2006,1,2026-07-01,184,62,False,True
122369,2021-01-01,0.0,2006,1,2026-07-01,180,66,False,False
122370,2021-01-01,0.0,2006,1,2026-07-01,180,66,False,False
122371,2021-01-01,0.0,2006,1,2026-07-01,180,66,False,False
122372,2021-01-01,0.0,2006,1,2026-07-01,180,66,False,False
122373,2021-01-01,0.0,2006,1,2026-07-01,180,66,False,False
122374,2021-01-01,0.0,2006,1,2026-07-01,180,66,False,False
122375,2021-01-01,0.0,2006,1,2026-07-01,180,66,False,False
122376,2021-01-01,0.0,2006,1,2026-07-01,180,66,False,False
122377,2021-01-01,0.0,2006,1,2026-07-01,180,66,False,False
122378,2021-01-01,0.0,2006,1,2026-07-01,180,66,False,False
122379,2023-05-01,102.69,2006,1,2026-07-01,208,38,False,True
122380,2021-01-01,0.0,2006,1,2026-07-01,180,66,False,False
122381,2021-01-01,0.0,2006,1,2026-07-01,180,66,False,False
122382,2021-07-01,149.18,2006,1,2026-07-01,186,60,False,True
122383,2021-01-01,0.0,2006,1,2026-07-01,180,66,False,False
122384,2021-01-01,0.0,2006,1,2026-07-01,180,66,False,False
122385,2021-01-01,0.0,2006,1,2026-07-01,180,66,False,False
122386,2021-05-01,2.09,2006,1,2026-07-01,184,62,False,True
122387,2021-05-01,67.65,2006,1,2026-07-01,184,62,False,True
122388,2021-01-01,0.0,2006,1,2026-07-01,180,66,False,False
122389,2022-01-01,85.65,2006,1,2026-07-01,192,54,False,True
122390,2024-12-01,47.78,2006,1,2026-07-01,227,19,False,True
122391,2021-01-01,0.0,2006,1,2026-07-01,180,66,False,False
122392,2021-01-01,0.0,2006,1,2026-07-01,180,66,False,False
122393,2021-01-01,0.0,2006,1,2026-07-01,180,66,False,False
122394,2023-12-01,45.33,2006,1,2026-07-01,215,31,False,True
122395,2021-01-01,0.0,2006,1,2026-07-01,180,66,False,False
122396,2026-03-01,59.14,2006,1,2026-07-01,242,4,False,False
122397,2021-12-01,59.64,2006,1,2026-07-01,191,55,False,True
122398,2026-05-01,29.334,2006,1,2026-07-01,244,2,False,True
122399,2021-03-01,109.46,2006,1,2026-07-01,182,64,False,False
122400,2021-01-01,0.0,2006,1,2026-07-01,180,66,False,False
122401,2021-01-01,0.0,2006,1,2026-07-01,180,66,False,False
122402,2021-01-01,0.0,2006,1,2026-07-01,180,66,False,False
122403,2021-05-01,98.6,2006,1,2026-07-01,184,62,False,True
122404,2021-01-01,0.0,2006,1,2026-07-01,180,66,False,False
122405,2021-01-01,0.0,2006,1,2026-07-01,180,66,False,False
122406,2021-01-01,0.0,2006,1,2026-07-01,180,66,False,False
122407,2021-01-01,0.0,2006,1,2026-07-01,180,66,False,False
122408,2021-01-01,0.0,2006,1,2026-07-01,180,66,False,False
122409,2021-02-01,43.66,2006,1,2026-07-01,181,65,False,False
122410,2026-05-01,81.83,2006,1,2026-07-01,244,2,False,True
122411,2021-01-01,30.91,2006,1,2026-07-01,180,66,False,False
122412,2021-01-01,0.0,2006,1,2026-07-01,180,66,False,False
122413,2021-01-01,0.0,2006,1,2026-07-01,180,66,False,False
122414,2021-01-01,0.0,2006,1,2026-07-01,180,66,False,False
122415,2021-03-01,40.84,2006,1,2026-07-01,182,64,False,True
122416,2021-01-01,0.0,2006,1,2026-07-01,180,66,False,False
122417,2021-01-01,0.0,2006,1,2026-07-01,180,66,False,False
122418,2022-07-01,15.2,2006,1,2026-07-01,198,48,False,False
122419,2021-01-01,167.39,2006,1,2026-07-01,180,66,False,False
122420,2021-01-01,0.0,2006,1,2026-07-01,180,66,False,False
122421,2021-01-01,0.0,2006,1,2026-07-01,180,66,False,False
122422,2021-01-01,0.0,2006,1,2026-07-01,180,66,False,False
122423,2026-03-01,170.152,2006,1,2026-07-01,242,4,False,True
122424,2021-01-01,54.12,2006,1,2026-07-01,180,66,False,True
122425,2021-01-01,0.0,2006,1,2026-07-01,180,66,False,False
122426,2021-01-01,0.0,2006,1,2026-07-01,180,66,False,False
122427,2021-01-01,0.0,2006,1,2026-07-01,180,66,False,False
122428,2021-01-01,0.0,2006,1,2026-07-01,180,66,False,False
122429,2021-01-01,0.0,2006,1,2026-07-01,180,66,False,False
122430,2021-01-01,0.0,2006,1,2026-07-01,180,66,False,False
122431,2021-01-01,0.0,2006,1,2026-07-01,180,66,False,False
122432,2025-12-01,157.269,2006,1,2026-07-01,239,7,False,True
122433,2024-08-01,83.98,2006,1,2026-07-01,223,23,False,True
122434,2026-07-01,78.637,2006,1,2026-07-01,246,0,False,True
122435,2024-09-01,53.67,2006,1,2026-07-01,224,22,False,True
122436,2025-10-01,196.878,2006,1,2026-07-01,237,9,False,True
122437,2021-01-01,0.0,2006,1,2026-07-01,180,66,False,False
122438,2021-01-01,0.0,2006,1,2026-07-01,180,66,False,False
122439,2021-01-01,0.0,2006,1,2026-07-01,180,66,False,False
122440,2025-10-01,151.707,2006,1,2026-07-01,237,9,False,True
122441,2021-01-01,0.0,2006,1,2026-07-01,180,66,False,False
122442,2021-01-01,0.0,2006,1,2026-07-01,180,66,False,False
122443,2021-01-01,0.0,2006,1,2026-07-01,180,66,False,False
122444,2021-01-01,0.0,2006,1,2026-07-01,180,66,False,False
122445,2021-01-01,0.0,2006,1,2026-07-01,180,66,False,False
122446,2022-01-01,60.34,2006,1,2026-07-01,192,54,False,True
122447,2021-01-01,0.0,2006,1,2026-07-01,180,66,False,False
122448,2021-01-01,0.0,2006,1,2026-07-01,180,66,False,False
122449,2021-01-01,0.0,2006,1,2026-07-01,180,66,False,False
122450,2021-01-01,0.0,2006,1,2026-07-01,180,66,False,False
122451,2021-01-01,0.0,2006,1,2026-07-01,180,66,False,False
122452,2021-01-01,0.0,2006,1,2026-07-01,180,66,False,False
122453,2021-01-01,0.0,2006,1,2026-07-01,180,66,False,False
122454,2021-01-01,0.0,2006,1,2026-07-01,180,66,False,False
122455,2021-01-01,0.0,2006,1,2026-07-01,180,66,False,False
122456,2021-01-01,0.0,2006,1,2026-07-01,180,66,False,False
122457,2021-01-01,0.0,2006,1,2026-07-01,180,66,False,False
122458,2021-01-01,0.0,2006,1,2026-07-01,180,66,False,False
122459,2021-01-01,0.0,2006,1,2026-07-01,180,66,False,False
122460,2021-01-01,0.0,2006,1,2026-07-01,180,66,False,False
122461,2021-01-01,0.0,2006,1,2026-07-01,180,66,False,False
122462,2021-01-01,0.0,2006,1,2026-07-01,180,66,False,False
122463,2021-01-01,0.0,2006,1,2026-07-01,180,66,False,False
122464,2021-01-01,0.0,2006,1,2026-07-01,180,66,False,False
122465,2021-01-01,0.0,2006,1,2026-07-01,180,66,False,False
122466,2021-01-01,0.0,2006,1,2026-07-01,180,66,False,False
122467,2021-01-01,0.0,2006,1,2026-07-01,180,66,False,False
122468,2021-01-01,0.0,2006,1,2026-07-01,180,66,False,False
122469,2021-01-01,0.0,2006,1,2026-07-01,180,66,False,False
122470,2021-05-01,100.03,2006,1,2026-07-01,184,62,False,True
122471,2021-01-01,0.0,2006,1,2026-07-01,180,66,False,False
122472,2021-01-01,0.0,2006,1,2026-07-01,180,66,False,False
122473,2021-01-01,0.0,2006,1,2026-07-01,180,66,False,False
122474,2021-01-01,0.0,2006,1,2026-07-01,180,66,False,False
122475,2021-01-01,0.0,2006,1,2026-07-01,180,66,False,False
122476,2021-01-01,0.0,2006,1,2026-07-01,180,66,False,False
122477,2021-01-01,0.0,2006,1,2026-07-01,180,66,False,False
122478,2021-01-01,0.0,2006,1,2026-07-01,180,66,False,False
122479,2021-01-01,0.0,2006,1,2026-07-01,180,66,False,False
122480,2021-01-01,0.0,2006,1,2026-07-01,180,66,False,False
122481,2021-01-01,0.0,2006,1,2026-07-01,180,66,False,False
122482,2021-01-01,0.0,2006,1,2026-07-01,180,66,False,False
122483,2021-01-01,0.0,2006,1,2026-07-01,180,66,False,False
122484,2021-01-01,0.0,2006,1,2026-07-01,180,66,False,False
122485,2021-01-01,0.0,2006,1,2026-07-01,180,66,False,False
122486,2021-01-01,0.0,2006,1,2026-07-01,180,66,False,False
122487,2021-01-01,0.0,2006,1,2026-07-01,180,66,False,False
122488,2021-01-01,0.0,2006,1,2026-07-01,180,66,False,False
122489,2021-05-01,96.62,2006,1,2026-07-01,184,62,False,True
122490,2021-01-01,0.0,2006,1,2026-07-01,180,66,False,False
122491,2021-01-01,0.0,2006,1,2026-07-01,180,66,False,False
122492,2021-01-01,0.0,2006,1,2026-07-01,180,66,False,False
122493,2021-01-01,0.0,2006,1,2026-07-01,180,66,False,False
122494,2021-01-01,0.0,2006,1,2026-07-01,180,66,False,False
122495,2021-01-01,0.0,2006,1,2026-07-01,180,66,False,False
122496,2021-01-01,0.0,2006,1,2026-07-01,180,66,False,False
122497,2021-01-01,0.0,2006,1,2026-07-01,180,66,False,False
122498,2021-01-01,0.0,2006,1,2026-07-01,180,66,False,False
122499,2021-01-01,0.0,2006,1,2026-07-01,180,66,False,False
122500,2021-01-01,0.0,2006,1,2026-07-01,180,66,False,False
122501,2021-01-01,0.0,2006,1,2026-07-01,180,66,False,False
122502,2021-01-01,0.0,2006,1,2026-07-01,180,66,False,False
122503,2021-01-01,0.0,2006,1,2026-07-01,180,66,False,False
122504,2021-01-01,0.0,2006,1,2026-07-01,180,66,False,False
122505,2021-01-01,0.0,2006,1,2026-07-01,180,66,False,False
122506,2021-01-01,0.0,2006,1,2026-07-01,180,66,False,False
122507,2021-01-01,0.0,2006,1,2026-07-01,180,66,False,False
122508,2021-01-01,0.0,2006,1,2026-07-01,180,66,False,False
122509,2021-01-01,0.0,2006,1,2026-07-01,180,66,False,False
122510,2021-01-01,0.0,2006,1,2026-07-01,180,66,False,False
122511,2021-01-01,0.0,2006,1,2026-07-01,180,66,False,False
122512,2021-01-01,0.0,2006,1,2026-07-01,180,66,False,False
122513,2021-01-01,0.0,2006,1,2026-07-01,180,66,False,False
122514,2021-01-01,0.0,2006,1,2026-07-01,180,66,False,False
122515,2021-01-01,0.0,2006,1,2026-07-01,180,66,False,False
122516,2021-01-01,0.0,2006,1,2026-07-01,180,66,False,False
122517,2021-01-01,0.0,2006,1,2026-07-01,180,66,False,False
122518,2021-01-01,0.0,2006,1,2026-07-01,180,66,False,False
122519,2021-01-01,0.0,2006,1,2026-07-01,180,66,False,False
122520,2021-01-01,0.0,2006,1,2026-07-01,180,66,False,False
122521,2021-01-01,0.0,2006,1,2026-07-01,180,66,False,False
122522,2021-01-01,0.0,2006,1,2026-07-01,180,66,False,False
122523,2021-01-01,0.0,2006,1,2026-07-01,180,66,False,False
122524,2021-01-01,0.0,2006,1,2026-07-01,180,66,False,False
122525,2021-01-01,0.0,2006,1,2026-07-01,180,66,False,False
122526,2021-01-01,0.0,2006,1,2026-07-01,180,66,False,False
122527,2021-01-01,0.0,2006,1,2026-07-01,180,66,False,False
122528,2021-01-01,0.0,2006,1,2026-07-01,180,66,False,False
122529,2021-01-01,0.0,2006,1,2026-07-01,180,66,False,False
122530,2021-01-01,0.0,2006,1,2026-07-01,180,66,False,False
122531,2021-01-01,0.0,2006,1,2026-07-01,180,66,False,False
122532,2021-01-01,0.0,2006,1,2026-07-01,180,66,False,False
122533,2021-01-01,0.0,2006,1,2026-07-01,180,66,False,False
122534,2021-01-01,0.0,2006,1,2026-07-01,180,66,False,False
122535,2021-01-01,0.0,2006,1,2026-07-01,180,66,False,False
122536,2021-01-01,0.0,2006,1,2026-07-01,180,66,False,False
122537,2021-01-01,0.0,2006,1,2026-07-01,180,66,False,False
122538,2021-01-01,0.0,2006,1,2026-07-01,180,66,False,False
122539,2021-01-01,0.0,2006,1,2026-07-01,180,66,False,False
122540,2021-01-01,0.0,2006,1,2026-07-01,180,66,False,False
122541,2021-01-01,0.0,2006,1,2026-07-01,180,66,False,False
122542,2021-01-01,0.0,2006,1,2026-07-01,180,66,False,False
122543,2021-01-01,0.0,2006,1,2026-07-01,180,66,False,False
122544,2021-01-01,0.0,2006,1,2026-07-01,180,66,False,False
122545,2021-01-01,0.0,2006,1,2026-07-01,180,66,False,False
122547,2021-01-01,0.0,2006,1,2026-07-01,180,66,False,False
122548,2021-01-01,0.0,2006,1,2026-07-01,180,66,False,False
122549,2021-01-01,0.0,2006,1,2026-07-01,180,66,False,False
122550,2021-01-01,0.0,2006,1,2026-07-01,180,66,False,False
122551,2021-01-01,0.0,2006,1,2026-07-01,180,66,False,False
122552,2021-01-01,0.0,2006,1,2026-07-01,180,66,False,False
122553,2021-01-01,0.0,2006,1,2026-07-01,180,66,False,False
122554,2021-01-01,0.0,2006,1,2026-07-01,180,66,False,False
122555,2021-10-01,39.17,2006,1,2026-07-01,189,57,False,True
122556,2021-10-01,58.75,2006,1,2026-07-01,189,57,False,True
122557,2021-01-01,0.0,2006,1,2026-07-01,180,66,False,False
122558,2021-01-01,0.0,2006,1,2026-07-01,180,66,False,False
122559,2021-01-01,0.0,2006,1,2026-07-01,180,66,False,False
122560,2021-01-01,0.0,2006,1,2026-07-01,180,66,False,False
122561,2021-01-01,0.0,2006,1,2026-07-01,180,66,False,False
122562,2021-01-01,0.0,2006,1,2026-07-01,180,66,False,False
122564,2021-01-01,0.0,2006,1,2026-07-01,180,66,False,False
122565,2021-01-01,0.0,2006,1,2026-07-01,180,66,False,False
122566,2021-01-01,0.0,2006,1,2026-07-01,180,66,False,False
122567,2026-03-01,180.882,2006,1,2026-07-01,242,4,False,True
122568,2021-01-01,0.0,2006,1,2026-07-01,180,66,False,False
122569,2021-01-01,0.0,2006,1,2026-07-01,180,66,False,False
122570,2021-01-01,0.0,2006,1,2026-07-01,180,66,False,False
122571,2021-01-01,0.0,2006,1,2026-07-01,180,66,False,False
122572,2021-01-01,0.0,2006,1,2026-07-01,180,66,False,False
122573,2021-01-01,0.0,2006,1,2026-07-01,180,66,False,False
122574,2021-01-01,0.0,2006,1,2026-07-01,180,66,False,False
122575,2021-01-01,0.0,2006,1,2026-07-01,180,66,False,False
122576,2021-01-01,0.0,2006,1,2026-07-01,180,66,False,False
122577,2021-01-01,0.0,2006,1,2026-07-01,180,66,False,False
122578,2021-01-01,0.0,2006,1,2026-07-01,180,66,False,False
122579,2021-01-01,0.0,2006,1,2026-07-01,180,66,False,False
122580,2021-01-01,0.0,2006,1,2026-07-01,180,66,False,False
122581,2021-01-01,0.0,2006,1,2026-07-01,180,66,False,False
122582,2021-01-01,0.0,2006,1,2026-07-01,180,66,False,False
122583,2021-01-01,0.0,2006,1,2026-07-01,180,66,False,False
122584,2021-01-01,0.0,2006,1,2026-07-01,180,66,False,False
122585,2021-01-01,0.0,2006,1,2026-07-01,180,66,False,False
122586,2021-01-01,0.0,2006,1,2026-07-01,180,66,False,False
122587,2021-01-01,0.0,2006,1,2026-07-01,180,66,False,False
122588,2021-01-01,0.0,2006,1,2026-07-01,180,66,False,False
122589,2021-01-01,0.0,2006,1,2026-07-01,180,66,False,False
122590,2021-01-01,0.0,2006,1,2026-07-01,180,66,False,False
122591,2021-01-01,0.0,2006,1,2026-07-01,180,66,False,False
122592,2021-01-01,0.0,2006,1,2026-07-01,180,66,False,False
122593,2021-01-01,347.15,2006,1,2026-07-01,180,66,False,True
122594,2021-01-01,148.78,2006,1,2026-07-01,180,66,False,True
122595,2021-01-01,0.0,2006,1,2026-07-01,180,66,False,False
122596,2021-01-01,0.0,2006,1,2026-07-01,180,66,False,False
122597,2021-01-01,0.0,2006,1,2026-07-01,180,66,False,False
122598,2021-01-01,0.0,2006,1,2026-07-01,180,66,False,False
122599,2021-01-01,0.0,2006,1,2026-07-01,180,66,False,False
122600,2021-01-01,0.0,2006,1,2026-07-01,180,66,False,False
122601,2021-01-01,0.0,2006,1,2026-07-01,180,66,False,False
122602,2026-05-01,102.589,2006,1,2026-07-01,244,2,False,True
122603,2024-12-01,162.24,2006,1,2026-07-01,227,19,False,True
122604,2021-03-01,103.07,2006,1,2026-07-01,182,64,False,True
122605,2021-01-01,0.0,2006,1,2026-07-01,180,66,False,False
122606,2021-01-01,0.0,2006,1,2026-07-01,180,66,False,False
122607,2021-01-01,0.0,2006,1,2026-07-01,180,66,False,False
122608,2021-01-01,0.0,2006,1,2026-07-01,180,66,False,False
122609,2021-01-01,0.0,2006,1,2026-07-01,180,66,False,False
122610,2021-01-01,0.0,2006,1,2026-07-01,180,66,False,False
122611,2021-01-01,0.0,2006,1,2026-07-01,180,66,False,False
122612,2021-01-01,0.0,2006,1,2026-07-01,180,66,False,False
122613,2021-01-01,0.0,2006,1,2026-07-01,180,66,False,False
122614,2021-01-01,0.0,2006,1,2026-07-01,180,66,False,False
122615,2021-01-01,0.0,2006,1,2026-07-01,180,66,False,False
122616,2021-01-01,0.0,2006,1,2026-07-01,180,66,False,False
122617,2021-01-01,0.0,2006,1,2026-07-01,180,66,False,False
122618,2021-01-01,0.0,2006,1,2026-07-01,180,66,False,False
122619,2021-01-01,0.0,2006,1,2026-07-01,180,66,False,False
122620,2021-01-01,0.0,2006,1,2026-07-01,180,66,False,False
122621,2022-12-01,69.52,2006,1,2026-07-01,203,43,False,True
122622,2021-01-01,0.0,2006,1,2026-07-01,180,66,False,False
122623,2021-01-01,0.0,2006,1,2026-07-01,180,66,False,False
122624,2021-01-01,0.0,2006,1,2026-07-01,180,66,False,False
122625,2021-01-01,0.0,2006,1,2026-07-01,180,66,False,False
122626,2021-01-01,0.0,2006,1,2026-07-01,180,66,False,False
122627,2021-05-01,205.67,2006,1,2026-07-01,184,62,False,True
122628,2021-01-01,66.51,2006,1,2026-07-01,180,66,False,True
122629,2021-12-01,46.59,2006,1,2026-07-01,191,55,False,True
122630,2021-12-01,147.54,2006,1,2026-07-01,191,55,False,True
122631,2021-01-01,0.0,2006,1,2026-07-01,180,66,False,False
122632,2021-01-01,0.0,2006,1,2026-07-01,180,66,False,False
122633,2021-01-01,0.0,2006,1,2026-07-01,180,66,False,False
122634,2021-01-01,0.0,2006,1,2026-07-01,180,66,False,False
122635,2021-01-01,0.0,2006,1,2026-07-01,180,66,False,False
122636,2021-06-01,39.13,2006,1,2026-07-01,185,61,False,False
122637,2021-01-01,0.0,2006,1,2026-07-01,180,66,False,False
122638,2022-01-01,53.87,2006,1,2026-07-01,192,54,False,True
122639,2021-06-01,30.52,2006,1,2026-07-01,185,61,False,False
122640,2021-01-01,0.0,2006,1,2026-07-01,180,66,False,False
122641,2021-01-01,0.0,2006,1,2026-07-01,180,66,False,False
122642,2021-01-01,0.0,2006,1,2026-07-01,180,66,False,False
122643,2021-08-01,39.7,2006,1,2026-07-01,187,59,False,True
122644,2021-01-01,0.0,2006,1,2026-07-01,180,66,False,False
122645,2021-01-01,0.0,2006,1,2026-07-01,180,66,False,False
122646,2021-12-01,148.59,2006,1,2026-07-01,191,55,False,True
122647,2021-01-01,0.0,2006,1,2026-07-01,180,66,False,False
122648,2021-01-01,0.0,2006,1,2026-07-01,180,66,False,False
122649,2021-01-01,0.0,2006,1,2026-07-01,180,66,False,False
122650,2021-01-01,0.0,2006,1,2026-07-01,180,66,False,False
122651,2021-01-01,0.0,2006,1,2026-07-01,180,66,False,False
122652,2021-01-01,0.0,2006,1,2026-07-01,180,66,False,False
122653,2021-01-01,0.0,2006,1,2026-07-01,180,66,False,False
122654,2021-12-01,54.69,2006,1,2026-07-01,191,55,False,True
122655,2021-10-01,40.47,2006,1,2026-07-01,189,57,False,True
122656,2021-01-01,0.0,2006,1,2026-07-01,180,66,False,False
122657,2023-12-01,94.29,2006,1,2026-07-01,215,31,False,True
122658,2021-01-01,0.0,2006,1,2026-07-01,180,66,False,False
122659,2021-01-01,0.0,2006,1,2026-07-01,180,66,False,False
122660,2021-12-01,148.48,2006,1,2026-07-01,191,55,False,True
122661,2022-07-01,54.41,2006,1,2026-07-01,198,48,False,True
122662,2021-01-01,0.0,2006,1,2026-07-01,180,66,False,False
122663,2021-01-01,0.0,2006,1,2026-07-01,180,66,False,False
122664,2021-01-01,0.0,2006,1,2026-07-01,180,66,False,False
122665,2021-01-01,0.0,2006,1,2026-07-01,180,66,False,False
122666,2021-05-01,140.09,2006,1,2026-07-01,184,62,False,True
122667,2021-01-01,0.0,2006,1,2026-07-01,180,66,False,False
122668,2021-01-01,0.0,2006,1,2026-07-01,180,66,False,False
122669,2021-01-01,0.0,2006,1,2026-07-01,180,66,False,False
122670,2021-01-01,0.0,2006,1,2026-07-01,180,66,False,False
122671,2021-01-01,0.0,2006,1,2026-07-01,180,66,False,False
122672,2021-01-01,0.0,2006,1,2026-07-01,180,66,False,False
122673,2021-01-01,0.0,2006,1,2026-07-01,180,66,False,False
122674,2021-01-01,0.0,2006,1,2026-07-01,180,66,False,False
122675,2021-06-01,120.62,2006,1,2026-07-01,185,61,False,True
122676,2022-01-01,166.3,2006,1,2026-07-01,192,54,False,True
122677,2021-01-01,0.0,2006,1,2026-07-01,180,66,False,False
122678,2021-01-01,0.0,2006,1,2026-07-01,180,66,False,False
122679,2021-01-01,0.0,2006,1,2026-07-01,180,66,False,False
122680,2022-01-01,51.83,2006,1,2026-07-01,192,54,False,True
122681,2021-01-01,0.0,2006,1,2026-07-01,180,66,False,False
122682,2022-06-01,31.94,2006,1,2026-07-01,197,49,False,True
122683,2021-01-01,0.0,2006,1,2026-07-01,180,66,False,False
122684,2022-03-01,91.26,2006,1,2026-07-01,194,52,False,True
122685,2021-10-01,59.26,2006,1,2026-07-01,189,57,False,True
122686,2021-01-01,0.0,2006,1,2026-07-01,180,66,False,False
122688,2021-01-01,0.0,2006,1,2026-07-01,180,66,False,False
122689,2021-01-01,0.0,2006,1,2026-07-01,180,66,False,False
122690,2021-01-01,0.0,2006,1,2026-07-01,180,66,False,False
122691,2021-01-01,0.0,2006,1,2026-07-01,180,66,False,False
122692,2021-01-01,0.0,2006,1,2026-07-01,180,66,False,False
122693,2021-01-01,0.0,2006,1,2026-07-01,180,66,False,False
122694,2021-01-01,0.0,2006,1,2026-07-01,180,66,False,False
122695,2021-01-01,0.0,2006,1,2026-07-01,180,66,False,False
122696,2021-01-01,0.0,2006,1,2026-07-01,180,66,False,False
122697,2021-01-01,51.81,2006,1,2026-07-01,180,66,False,True
122698,2021-01-01,0.0,2006,1,2026-07-01,180,66,False,False
122699,2021-01-01,79.76,2006,1,2026-07-01,180,66,False,True
122700,2021-10-01,49.99,2006,1,2026-07-01,189,57,False,True
122701,2021-01-01,0.0,2006,1,2026-07-01,180,66,False,False
122702,2021-01-01,0.0,2006,1,2026-07-01,180,66,False,False
122703,2021-01-01,0.0,2006,1,2026-07-01,180,66,False,False
122704,2021-01-01,0.0,2006,1,2026-07-01,180,66,False,False
122705,2021-01-01,0.0,2006,1,2026-07-01,180,66,False,False
122706,2021-01-01,0.0,2006,1,2026-07-01,180,66,False,False
122707,2023-10-01,104.83,2006,1,2026-07-01,213,33,False,True
122708,2021-01-01,87.45,2006,1,2026-07-01,180,66,False,False
122709,2021-01-01,0.0,2006,1,2026-07-01,180,66,False,False
122710,2023-12-01,117.96,2006,1,2026-07-01,215,31,False,True
122711,2021-01-01,0.0,2006,1,2026-07-01,180,66,False,False
122712,2021-01-01,0.0,2006,1,2026-07-01,180,66,False,False
122713,2022-10-01,162.96,2006,1,2026-07-01,201,45,False,True
122714,2021-01-01,158.22,2006,1,2026-07-01,180,66,False,True
122715,2021-10-01,100.77,2006,1,2026-07-01,189,57,False,True
122716,2023-01-01,189.29,2006,1,2026-07-01,204,42,False,True
122717,2022-03-01,203.61,2006,1,2026-07-01,194,52,False,True
122718,2022-07-01,171.37,2006,1,2026-07-01,198,48,False,True
122719,2021-01-01,0.0,2006,1,2026-07-01,180,66,False,False
122720,2021-01-01,0.0,2006,1,2026-07-01,180,66,False,False
122721,2021-05-01,108.83,2006,1,2026-07-01,184,62,False,True
122722,2021-01-01,0.0,2006,1,2026-07-01,180,66,False,False
122723,2021-01-01,0.0,2006,1,2026-07-01,180,66,False,False
122724,2023-12-01,109.45,2006,1,2026-07-01,215,31,False,True
122725,2021-04-01,89.72,2006,1,2026-07-01,183,63,False,True
122726,2021-01-01,113.1,2006,1,2026-07-01,180,66,False,True
122727,2024-10-01,115.52,2006,1,2026-07-01,225,21,False,True
122728,2021-01-01,0.0,2006,1,2026-07-01,180,66,False,False
122729,2021-01-01,0.0,2006,1,2026-07-01,180,66,False,False
122730,2021-01-01,0.0,2006,1,2026-07-01,180,66,False,False
122731,2021-03-01,108.76,2006,1,2026-07-01,182,64,False,True
122732,2021-01-01,58.92,2006,1,2026-07-01,180,66,False,True
122733,2021-01-01,0.0,2006,1,2026-07-01,180,66,False,False
122734,2021-12-01,60.63,2006,1,2026-07-01,191,55,False,True
122735,2021-01-01,0.0,2006,1,2026-07-01,180,66,False,False
122736,2021-10-01,88.63,2006,1,2026-07-01,189,57,False,True
122737,2023-08-01,72.96,2006,1,2026-07-01,211,35,False,True
122738,2021-01-01,0.0,2006,1,2026-07-01,180,66,False,False
122739,2021-01-01,0.0,2006,1,2026-07-01,180,66,False,False
122740,2021-01-01,0.0,2006,1,2026-07-01,180,66,False,False
122743,2026-07-01,76.707,2006,1,2026-07-01,246,0,False,True
122744,2024-05-01,53.35,2006,1,2026-07-01,220,26,False,True
122745,2021-01-01,0.0,2006,1,2026-07-01,180,66,False,False
122746,2024-03-01,154.17,2006,1,2026-07-01,218,28,False,True
122747,2021-01-01,0.0,2006,1,2026-07-01,180,66,False,False
122748,2021-01-01,0.0,2006,1,2026-07-01,180,66,False,False
122749,2021-01-01,0.0,2006,1,2026-07-01,180,66,False,False
122750,2021-01-01,0.0,2006,1,2026-07-01,180,66,False,False
122751,2021-12-01,41.74,2006,1,2026-07-01,191,55,False,True
122752,2021-01-01,0.0,2006,1,2026-07-01,180,66,False,False
122753,2021-01-01,0.0,2006,1,2026-07-01,180,66,False,False
122754,2021-01-01,0.0,2006,1,2026-07-01,180,66,False,False
122755,2021-01-01,0.0,2006,1,2026-07-01,180,66,False,False
122757,2021-12-01,47.99,2006,1,2026-07-01,191,55,False,False
122758,2021-01-01,0.0,2006,1,2026-07-01,180,66,False,False
122759,2021-01-01,0.0,2006,1,2026-07-01,180,66,False,False
122760,2021-01-01,0.0,2006,1,2026-07-01,180,66,False,False
122761,2024-01-01,228.26,2006,1,2026-07-01,216,30,False,True
122762,2021-01-01,0.0,2006,1,2026-07-01,180,66,False,False
122763,2021-01-01,0.0,2006,1,2026-07-01,180,66,False,False
122764,2021-07-01,173.49,2006,1,2026-07-01,186,60,False,True
122765,2021-01-01,0.0,2006,1,2026-07-01,180,66,False,False
122766,2023-06-01,92.94,2006,1,2026-07-01,209,37,False,True
122767,2021-01-01,0.0,2006,1,2026-07-01,180,66,False,False
122768,2021-01-01,0.0,2006,1,2026-07-01,180,66,False,False
122769,2021-01-01,0.0,2006,1,2026-07-01,180,66,False,False
122770,2022-03-01,51.33,2006,1,2026-07-01,194,52,False,True
122771,2024-01-01,232.29,2006,1,2026-07-01,216,30,False,True
122772,2022-01-01,216.66,2006,1,2026-07-01,192,54,False,True
122773,2023-08-01,162.31,2006,1,2026-07-01,211,35,False,True
122774,2021-03-01,105.34,2006,1,2026-07-01,182,64,False,True
122775,2021-01-01,0.0,2006,1,2026-07-01,180,66,False,False
122776,2024-05-01,134.11,2006,1,2026-07-01,220,26,False,True
122777,2026-05-01,219.323,2006,1,2026-07-01,244,2,False,True
122778,2023-12-01,122.96,2006,1,2026-07-01,215,31,False,True
122779,2021-01-01,131.58,2006,1,2026-07-01,180,66,False,True
122780,2021-01-01,0.0,2006,1,2026-07-01,180,66,False,False
122781,2024-05-01,89.03,2006,1,2026-07-01,220,26,False,True
122782,2024-10-01,196.15,2006,1,2026-07-01,225,21,False,True
122783,2021-12-01,161.5,2006,1,2026-07-01,191,55,False,True
122784,2023-01-01,114.68,2006,1,2026-07-01,204,42,False,True
122785,2021-01-01,0.0,2006,1,2026-07-01,180,66,False,False
122786,2021-10-01,44.8,2006,1,2026-07-01,189,57,False,False
122787,2021-01-01,0.0,2006,1,2026-07-01,180,66,False,False
122788,2021-01-01,256.64,2006,1,2026-07-01,180,66,False,True
122789,2021-01-01,0.0,2006,1,2026-07-01,180,66,False,False
122790,2022-03-01,101.54,2006,1,2026-07-01,194,52,False,True
122791,2021-05-01,53.28,2006,1,2026-07-01,184,62,False,True
122792,2021-05-01,264.33,2006,1,2026-07-01,184,62,False,True
122793,2021-01-01,0.0,2006,1,2026-07-01,180,66,False,False
122794,2021-01-01,0.0,2006,1,2026-07-01,180,66,False,False
122795,2021-01-01,0.0,2006,1,2026-07-01,180,66,False,False
122796,2021-01-01,0.0,2006,1,2026-07-01,180,66,False,False
122797,2021-01-01,0.0,2006,1,2026-07-01,180,66,False,False
122798,2021-01-01,0.0,2006,1,2026-07-01,180,66,False,False
122799,2021-07-01,84.17,2006,1,2026-07-01,186,60,False,True
122800,2021-01-01,0.0,2006,1,2026-07-01,180,66,False,False
122801,2021-01-01,0.0,2006,1,2026-07-01,180,66,False,False
122802,2022-10-01,95.67,2006,1,2026-07-01,201,45,False,True
122803,2021-01-01,186.43,2006,1,2026-07-01,180,66,False,True
122804,2021-01-01,94.13,2006,1,2026-07-01,180,66,False,True
122805,2021-01-01,0.0,2006,1,2026-07-01,180,66,False,False
122806,2021-01-01,208.83,2006,1,2026-07-01,180,66,False,True
122807,2024-01-01,218.27,2006,1,2026-07-01,216,30,False,True
122808,2024-07-01,176.18,2006,1,2026-07-01,222,24,False,True
122809,2021-01-01,0.0,2006,1,2026-07-01,180,66,False,False
122810,2022-04-01,1.43,2006,1,2026-07-01,195,51,False,False
122811,2021-01-01,0.0,2006,1,2026-07-01,180,66,False,False
122812,2021-05-01,206.03,2006,1,2026-07-01,184,62,False,True
122813,2021-01-01,0.0,2006,1,2026-07-01,180,66,False,False
122814,2021-01-01,0.0,2006,1,2026-07-01,180,66,False,False
122815,2021-05-01,126.49,2006,1,2026-07-01,184,62,False,True
122816,2021-01-01,0.0,2006,1,2026-07-01,180,66,False,False
122817,2021-01-01,0.0,2006,1,2026-07-01,180,66,False,False
122818,2021-01-01,124.62,2006,1,2026-07-01,180,66,False,True
122819,2021-01-01,0.0,2006,1,2026-07-01,180,66,False,False
122820,2023-03-01,84.68,2006,1,2026-07-01,206,40,False,True
122821,2021-01-01,0.0,2006,1,2026-07-01,180,66,False,False
122822,2023-03-01,112.34,2006,1,2026-07-01,206,40,False,True
122823,2021-01-01,0.0,2006,1,2026-07-01,180,66,False,False
122824,2021-01-01,0.0,2006,1,2026-07-01,180,66,False,False
122825,2023-12-01,134.87,2006,1,2026-07-01,215,31,False,True
122826,2023-12-01,23.8,2006,1,2026-07-01,215,31,False,True
122827,2021-01-01,0.0,2006,1,2026-07-01,180,66,False,False
122828,2021-01-01,0.0,2006,1,2026-07-01,180,66,False,False
122829,2021-01-01,0.0,2006,1,2026-07-01,180,66,False,False
122830,2023-03-01,102.57,2006,1,2026-07-01,206,40,False,True
122831,2021-01-01,0.0,2006,1,2026-07-01,180,66,False,False
122832,2021-01-01,4.49,2006,1,2026-07-01,180,66,False,False
122833,2021-01-01,6.73,2006,1,2026-07-01,180,66,False,False
122834,2021-01-01,0.0,2006,1,2026-07-01,180,66,False,False
122835,2021-01-01,0.0,2006,1,2026-07-01,180,66,False,False
122836,2021-01-01,0.0,2006,1,2026-07-01,180,66,False,False
122837,2021-03-01,145.76,2006,1,2026-07-01,182,64,False,True
122838,2021-01-01,0.0,2006,1,2026-07-01,180,66,False,False
122839,2021-01-01,0.0,2006,1,2026-07-01,180,66,False,False
122840,2021-01-01,0.0,2006,1,2026-07-01,180,66,False,False
122841,2021-01-01,0.0,2006,1,2026-07-01,180,66,False,False
122842,2021-01-01,0.0,2006,1,2026-07-01,180,66,False,False
122843,2021-01-01,0.0,2006,1,2026-07-01,180,66,False,False
122844,2021-01-01,0.0,2006,1,2026-07-01,180,66,False,False
122845,2021-01-01,0.0,2006,1,2026-07-01,180,66,False,False
122846,2021-01-01,0.0,2006,1,2026-07-01,180,66,False,False
122847,2021-01-01,0.0,2006,1,2026-07-01,180,66,False,False
122848,2024-12-01,69.66,2006,1,2026-07-01,227,19,False,True
122849,2021-01-01,0.0,2006,1,2026-07-01,180,66,False,False
122850,2021-01-01,0.0,2006,1,2026-07-01,180,66,False,False
122851,2021-01-01,0.0,2006,1,2026-07-01,180,66,False,False
122852,2021-01-01,0.0,2006,1,2026-07-01,180,66,False,False
122853,2021-01-01,0.0,2006,1,2026-07-01,180,66,False,False
122854,2025-08-01,84.169,2006,1,2026-07-01,235,11,False,True
122855,2021-01-01,0.0,2006,1,2026-07-01,180,66,False,False
122856,2021-01-01,0.0,2006,1,2026-07-01,180,66,False,False
122857,2021-01-01,0.0,2006,1,2026-07-01,180,66,False,False
122858,2021-01-01,0.0,2006,1,2026-07-01,180,66,False,False
122859,2021-01-01,0.0,2006,1,2026-07-01,180,66,False,False
122860,2021-01-01,0.0,2006,1,2026-07-01,180,66,False,False
122861,2021-01-01,0.0,2006,1,2026-07-01,180,66,False,False
122862,2021-01-01,0.0,2006,1,2026-07-01,180,66,False,False
122863,2021-01-01,0.0,2006,1,2026-07-01,180,66,False,False
122864,2021-01-01,0.0,2006,1,2026-07-01,180,66,False,False
122865,2021-01-01,0.0,2006,1,2026-07-01,180,66,False,False
122866,2021-01-01,0.0,2006,1,2026-07-01,180,66,False,False
122867,2021-01-01,0.0,2006,1,2026-07-01,180,66,False,False
122868,2021-03-01,212.0,2006,1,2026-07-01,182,64,False,True
122869,2023-07-01,142.44,2006,1,2026-07-01,210,36,False,True
122870,2021-01-01,0.0,2006,1,2026-07-01,180,66,False,False
122871,2026-02-01,108.404,2006,1,2026-07-01,241,5,False,False
122872,2021-01-01,0.0,2006,1,2026-07-01,180,66,False,False
122873,2021-01-01,0.0,2006,1,2026-07-01,180,66,False,False
122874,2021-01-01,0.0,2006,1,2026-07-01,180,66,False,False
122875,2021-01-01,0.0,2006,1,2026-07-01,180,66,False,False
122876,2021-01-01,0.0,2006,1,2026-07-01,180,66,False,False
122877,2021-07-01,173.66,2006,1,2026-07-01,186,60,False,True
122878,2021-07-01,48.98,2006,1,2026-07-01,186,60,False,True
122879,2021-01-01,14.22,2006,1,2026-07-01,180,66,False,False
122880,2021-01-01,0.0,2006,1,2026-07-01,180,66,False,False
122881,2021-01-01,0.0,2006,1,2026-07-01,180,66,False,False
122882,2021-01-01,0.0,2006,1,2026-07-01,180,66,False,False
122883,2021-01-01,0.0,2006,1,2026-07-01,180,66,False,False
122884,2021-01-01,0.0,2006,1,2026-07-01,180,66,False,False
122885,2021-01-01,0.0,2006,1,2026-07-01,180,66,False,False
122886,2021-01-01,0.0,2006,1,2026-07-01,180,66,False,False
122887,2022-01-01,2.6,2006,1,2026-07-01,192,54,False,False
122888,2021-01-01,0.0,2006,1,2026-07-01,180,66,False,False
122889,2021-01-01,0.0,2006,1,2026-07-01,180,66,False,False
122890,2021-01-01,0.0,2006,1,2026-07-01,180,66,False,False
122891,2022-05-01,114.1,2006,1,2026-07-01,196,50,False,True
122892,2021-01-01,0.0,2006,1,2026-07-01,180,66,False,False
122893,2021-01-01,0.0,2006,1,2026-07-01,180,66,False,False
122894,2021-01-01,0.0,2006,1,2026-07-01,180,66,False,False
122895,2021-01-01,0.0,2006,1,2026-07-01,180,66,False,False
122896,2021-01-01,0.0,2006,1,2026-07-01,180,66,False,False
122897,2021-01-01,0.0,2006,1,2026-07-01,180,66,False,False
122898,2021-01-01,0.0,2006,1,2026-07-01,180,66,False,False
122899,2021-01-01,0.0,2006,1,2026-07-01,180,66,False,False
122900,2021-01-01,0.0,2006,1,2026-07-01,180,66,False,False
122901,2021-01-01,0.0,2006,1,2026-07-01,180,66,False,False
122902,2021-01-01,0.69,2006,1,2026-07-01,180,66,False,False
122903,2021-01-01,33.98,2006,1,2026-07-01,180,66,False,False
122904,2021-08-01,108.93,2006,1,2026-07-01,187,59,False,True
122905,2021-08-01,138.74,2006,1,2026-07-01,187,59,False,True
122906,2021-01-01,0.0,2006,1,2026-07-01,180,66,False,False
122907,2021-01-01,0.0,2006,1,2026-07-01,180,66,False,False
122908,2022-04-01,219.08,2006,1,2026-07-01,195,51,False,True
122909,2021-01-01,0.0,2006,1,2026-07-01,180,66,False,False
122910,2021-01-01,0.0,2006,1,2026-07-01,180,66,False,False
122911,2021-01-01,0.0,2006,1,2026-07-01,180,66,False,False
122912,2021-05-01,45.25,2006,1,2026-07-01,184,62,False,True
122913,2021-01-01,0.0,2006,1,2026-07-01,180,66,False,False
122914,2021-01-01,0.0,2006,1,2026-07-01,180,66,False,False
122915,2021-01-01,0.0,2006,1,2026-07-01,180,66,False,False
122916,2021-01-01,0.0,2006,1,2026-07-01,180,66,False,False
122917,2021-01-01,0.0,2006,1,2026-07-01,180,66,False,False
122918,2023-07-01,248.41,2006,1,2026-07-01,210,36,False,True
122919,2021-01-01,0.0,2006,1,2026-07-01,180,66,False,False
122920,2025-03-01,62.44,2006,1,2026-07-01,230,16,False,True
122921,2025-03-01,62.44,2006,1,2026-07-01,230,16,False,True
122922,2026-07-01,161.301,2006,1,2026-07-01,246,0,False,True
122923,2026-07-01,8.49,2006,1,2026-07-01,246,0,False,True
122924,2021-01-01,0.0,2006,1,2026-07-01,180,66,False,False
122925,2021-01-01,0.0,2006,1,2026-07-01,180,66,False,False
122926,2021-08-01,18.67,2006,1,2026-07-01,187,59,False,True
122927,2021-08-01,74.7,2006,1,2026-07-01,187,59,False,True
122928,2021-01-01,0.0,2006,1,2026-07-01,180,66,False,False
122929,2021-01-01,0.0,2006,1,2026-07-01,180,66,False,False
122930,2021-01-01,0.0,2006,1,2026-07-01,180,66,False,False
122931,2024-01-01,133.01,2006,1,2026-07-01,216,30,False,True
122932,2021-01-01,0.0,2006,1,2026-07-01,180,66,False,False
122933,2021-01-01,0.0,2006,1,2026-07-01,180,66,False,False
122934,2021-01-01,0.0,2006,1,2026-07-01,180,66,False,False
122935,2021-01-01,0.0,2006,1,2026-07-01,180,66,False,False
122936,2021-01-01,0.0,2006,1,2026-07-01,180,66,False,False
122937,2022-12-01,264.77,2006,1,2026-07-01,203,43,False,True
122938,2021-01-01,0.0,2006,1,2026-07-01,180,66,False,False
122939,2021-01-01,0.0,2006,1,2026-07-01,180,66,False,False
122940,2021-01-01,226.48,2006,1,2026-07-01,180,66,False,True
122941,2024-08-01,88.23,2006,1,2026-07-01,223,23,False,True
122942,2024-08-01,352.93,2006,1,2026-07-01,223,23,False,True
122943,2021-07-01,125.69,2006,1,2026-07-01,186,60,False,True
122944,2021-01-01,0.0,2006,1,2026-07-01,180,66,False,False
122945,2021-01-01,0.0,2006,1,2026-07-01,180,66,False,False
122946,2021-01-01,0.0,2006,1,2026-07-01,180,66,False,False
122947,2021-01-01,0.0,2006,1,2026-07-01,180,66,False,False
122948,2023-05-01,173.64,2006,1,2026-07-01,208,38,False,True
122949,2021-01-01,0.0,2006,1,2026-07-01,180,66,False,False
122950,2021-01-01,0.0,2006,1,2026-07-01,180,66,False,False
122951,2021-01-01,0.0,2006,1,2026-07-01,180,66,False,False
122952,2021-01-01,0.0,2006,1,2026-07-01,180,66,False,False
122953,2021-01-01,0.0,2006,1,2026-07-01,180,66,False,False
122954,2021-01-01,0.0,2006,1,2026-07-01,180,66,False,False
122955,2021-01-01,0.0,2006,1,2026-07-01,180,66,False,False
122956,2021-01-01,0.0,2006,1,2026-07-01,180,66,False,False
122957,2024-10-01,62.43,2006,1,2026-07-01,225,21,False,True
122958,2021-01-01,0.0,2006,1,2026-07-01,180,66,False,False
122959,2021-01-01,0.0,2006,1,2026-07-01,180,66,False,False
122960,2021-01-01,92.41,2006,1,2026-07-01,180,66,False,True
122961,2021-01-01,0.0,2006,1,2026-07-01,180,66,False,False
122962,2021-01-01,0.0,2006,1,2026-07-01,180,66,False,False
122963,2021-01-01,66.58,2006,1,2026-07-01,180,66,False,False
122964,2021-01-01,0.0,2006,1,2026-07-01,180,66,False,False
122965,2021-01-01,0.0,2006,1,2026-07-01,180,66,False,False
122966,2021-12-01,6.34,2006,1,2026-07-01,191,55,False,False
122967,2021-01-01,0.0,2006,1,2026-07-01,180,66,False,False
122968,2021-01-01,0.0,2006,1,2026-07-01,180,66,False,False
122969,2021-01-01,0.0,2006,1,2026-07-01,180,66,False,False
122970,2021-01-01,0.0,2006,1,2026-07-01,180,66,False,False
122971,2021-01-01,0.0,2006,1,2026-07-01,180,66,False,False
122972,2021-01-01,0.0,2006,1,2026-07-01,180,66,False,False
122973,2021-01-01,0.0,2006,1,2026-07-01,180,66,False,False
122974,2021-01-01,0.0,2006,1,2026-07-01,180,66,False,False
122975,2021-01-01,0.0,2006,1,2026-07-01,180,66,False,False
122976,2021-01-01,0.0,2006,1,2026-07-01,180,66,False,False
122978,2021-01-01,0.0,2006,1,2026-07-01,180,66,False,False
122985,2021-01-01,0.0,2006,1,2026-07-01,180,66,False,False
122986,2021-01-01,0.0,2006,1,2026-07-01,180,66,False,False
122987,2021-01-01,0.0,2006,1,2026-07-01,180,66,False,False
122988,2021-10-01,130.75,2006,1,2026-07-01,189,57,False,True
122989,2021-03-01,169.84,2006,1,2026-07-01,182,64,False,True
122990,2025-12-01,236.638,2006,1,2026-07-01,239,7,False,True
122991,2021-01-01,0.0,2006,1,2026-07-01,180,66,False,False
122992,2021-01-01,0.0,2006,1,2026-07-01,180,66,False,False
122993,2021-01-01,0.0,2006,1,2026-07-01,180,66,False,False
122994,2021-01-01,0.0,2006,1,2026-07-01,180,66,False,False
122995,2021-01-01,0.0,2006,1,2026-07-01,180,66,False,False
122996,2021-01-01,0.0,2006,1,2026-07-01,180,66,False,False
122997,2021-01-01,0.0,2006,1,2026-07-01,180,66,False,False
122998,2021-01-01,0.0,2006,1,2026-07-01,180,66,False,False
122999,2021-01-01,0.0,2006,1,2026-07-01,180,66,False,False
123000,2021-01-01,0.0,2006,1,2026-07-01,180,66,False,False
123001,2021-01-01,0.0,2006,1,2026-07-01,180,66,False,False
123002,2021-01-01,0.0,2006,1,2026-07-01,180,66,False,False
123003,2021-01-01,0.0,2006,1,2026-07-01,180,66,False,False
123004,2021-01-01,0.0,2006,1,2026-07-01,180,66,False,False
123005,2021-01-01,0.0,2006,1,2026-07-01,180,66,False,False
123006,2021-01-01,0.0,2006,1,2026-07-01,180,66,False,False
123007,2021-01-01,0.0,2006,1,2026-07-01,180,66,False,False
123008,2025-12-01,224.027,2006,1,2026-07-01,239,7,False,True
123009,2021-01-01,0.0,2006,1,2026-07-01,180,66,False,False
123010,2021-01-01,0.0,2006,1,2026-07-01,180,66,False,False
123011,2024-03-01,52.7,2006,1,2026-07-01,218,28,False,False
123012,2021-01-01,0.0,2006,1,2026-07-01,180,66,False,False
123013,2021-01-01,0.0,2006,1,2026-07-01,180,66,False,False
123014,2021-01-01,0.0,2006,1,2026-07-01,180,66,False,False
123015,2021-01-01,0.0,2006,1,2026-07-01,180,66,False,False
123016,2021-01-01,0.0,2006,1,2026-07-01,180,66,False,False
123017,2021-01-01,0.0,2006,1,2026-07-01,180,66,False,False
123018,2021-01-01,0.0,2006,1,2026-07-01,180,66,False,False
123019,2022-06-01,173.62,2006,1,2026-07-01,197,49,False,True
123020,2022-06-01,222.12,2006,1,2026-07-01,197,49,False,True
123021,2021-01-01,0.0,2006,1,2026-07-01,180,66,False,False
123022,2021-01-01,0.0,2006,1,2026-07-01,180,66,False,False
123023,2022-06-01,198.43,2006,1,2026-07-01,197,49,False,True
123024,2021-01-01,0.0,2006,1,2026-07-01,180,66,False,False
123025,2021-01-01,0.0,2006,1,2026-07-01,180,66,False,False
123026,2024-08-01,169.19,2006,1,2026-07-01,223,23,False,True
123027,2021-05-01,4.3,2006,1,2026-07-01,184,62,False,False
123028,2021-01-01,0.0,2006,1,2026-07-01,180,66,False,False
123029,2021-01-01,0.0,2006,1,2026-07-01,180,66,False,False
123030,2021-01-01,0.0,2006,1,2026-07-01,180,66,False,False
123031,2021-01-01,0.0,2006,1,2026-07-01,180,66,False,False
123032,2021-01-01,0.0,2006,1,2026-07-01,180,66,False,False
123033,2021-12-01,98.95,2006,1,2026-07-01,191,55,False,True
123034,2024-05-01,249.77,2006,1,2026-07-01,220,26,False,True
123035,2021-01-01,0.0,2006,1,2026-07-01,180,66,False,False
123036,2023-12-01,66.0,2006,1,2026-07-01,215,31,False,True
123037,2021-01-01,0.0,2006,1,2026-07-01,180,66,False,False
123038,2021-01-01,0.0,2006,1,2026-07-01,180,66,False,False
123039,2021-01-01,0.0,2006,1,2026-07-01,180,66,False,False
123040,2021-01-01,0.0,2006,1,2026-07-01,180,66,False,False
123041,2021-01-01,0.0,2006,1,2026-07-01,180,66,False,False
123042,2021-01-01,0.0,2006,1,2026-07-01,180,66,False,False
123043,2021-01-01,0.0,2006,1,2026-07-01,180,66,False,False
123044,2021-04-01,247.6,2006,1,2026-07-01,183,63,False,True
123045,2022-08-01,432.52,2006,1,2026-07-01,199,47,False,True
123046,2021-01-01,0.0,2006,1,2026-07-01,180,66,False,False
123047,2021-01-01,0.0,2006,1,2026-07-01,180,66,False,False
123048,2021-01-01,0.0,2006,1,2026-07-01,180,66,False,False
123049,2026-03-01,109.199,2006,1,2026-07-01,242,4,False,True
123050,2021-01-01,0.0,2006,1,2026-07-01,180,66,False,False
123051,2021-01-01,0.0,2006,1,2026-07-01,180,66,False,False
123052,2021-01-01,0.0,2006,1,2026-07-01,180,66,False,False
123053,2021-01-01,0.0,2006,1,2026-07-01,180,66,False,False
123054,2021-01-01,0.0,2006,1,2026-07-01,180,66,False,False
123055,2021-01-01,0.0,2006,1,2026-07-01,180,66,False,False
123056,2023-12-01,302.89,2006,1,2026-07-01,215,31,False,True
123057,2023-12-01,124.92,2006,1,2026-07-01,215,31,False,True
123058,2021-01-01,0.0,2006,1,2026-07-01,180,66,False,False
123059,2021-01-01,0.0,2006,1,2026-07-01,180,66,False,False
123060,2024-07-01,160.93,2006,1,2026-07-01,222,24,False,True
123061,2026-07-01,229.123,2006,1,2026-07-01,246,0,False,True
123062,2021-01-01,0.0,2006,1,2026-07-01,180,66,False,False
123063,2021-05-01,45.04,2006,1,2026-07-01,184,62,False,True
123064,2021-01-01,0.0,2006,1,2026-07-01,180,66,False,False
123065,2021-01-01,0.0,2006,1,2026-07-01,180,66,False,False
123066,2021-01-01,0.0,2006,1,2026-07-01,180,66,False,False
123067,2021-01-01,0.0,2006,1,2026-07-01,180,66,False,False
123068,2021-01-01,0.0,2006,1,2026-07-01,180,66,False,False
123069,2021-01-01,0.0,2006,1,2026-07-01,180,66,False,False
123070,2021-01-01,0.0,2006,1,2026-07-01,180,66,False,False
123071,2021-01-01,0.0,2006,1,2026-07-01,180,66,False,False
123072,2021-01-01,0.0,2006,1,2026-07-01,180,66,False,False
123073,2021-01-01,0.0,2006,1,2026-07-01,180,66,False,False
123074,2021-01-01,0.0,2006,1,2026-07-01,180,66,False,False
123075,2021-01-01,0.0,2006,1,2026-07-01,180,66,False,False
123076,2021-01-01,0.0,2006,1,2026-07-01,180,66,False,False
123077,2021-01-01,0.0,2006,1,2026-07-01,180,66,False,False
123078,2021-01-01,0.0,2006,1,2026-07-01,180,66,False,False
123079,2021-01-01,0.0,2006,1,2026-07-01,180,66,False,False
123080,2023-10-01,113.03,2006,1,2026-07-01,213,33,False,True
123081,2021-01-01,0.0,2006,1,2026-07-01,180,66,False,False
123082,2021-01-01,0.0,2006,1,2026-07-01,180,66,False,False
123083,2021-01-01,0.0,2006,1,2026-07-01,180,66,False,False
123084,2021-01-01,0.0,2006,1,2026-07-01,180,66,False,False
123085,2021-01-01,0.0,2006,1,2026-07-01,180,66,False,False
123086,2021-01-01,0.0,2006,1,2026-07-01,180,66,False,False
123087,2021-01-01,0.0,2006,1,2026-07-01,180,66,False,False
123088,2021-01-01,0.0,2006,1,2026-07-01,180,66,False,False
123089,2021-01-01,0.0,2006,1,2026-07-01,180,66,False,False
123090,2021-01-01,0.0,2006,1,2026-07-01,180,66,False,False
123091,2021-01-01,0.0,2006,1,2026-07-01,180,66,False,False
123092,2021-01-01,0.0,2006,1,2026-07-01,180,66,False,False
123093,2021-01-01,0.0,2006,1,2026-07-01,180,66,False,False
123094,2021-01-01,0.0,2006,1,2026-07-01,180,66,False,False
123095,2021-01-01,0.0,2006,1,2026-07-01,180,66,False,False
123096,2021-01-01,0.0,2006,1,2026-07-01,180,66,False,False
123097,2021-01-01,0.0,2006,1,2026-07-01,180,66,False,False
123098,2021-01-01,0.0,2006,1,2026-07-01,180,66,False,False
123099,2021-01-01,0.0,2006,1,2026-07-01,180,66,False,False
123100,2025-03-01,194.38,2006,1,2026-07-01,230,16,False,True
123101,2025-12-01,138.752,2006,1,2026-07-01,239,7,False,True
123102,2021-01-01,0.0,2006,1,2026-07-01,180,66,False,False
123103,2021-01-01,0.0,2006,1,2026-07-01,180,66,False,False
123104,2021-01-01,131.27,2006,1,2026-07-01,180,66,False,True
123105,2025-01-01,305.21,2006,1,2026-07-01,228,18,False,True
123106,2021-09-01,181.36,2006,1,2026-07-01,188,58,False,True
123107,2023-10-01,199.23,2006,1,2026-07-01,213,33,False,True
123108,2021-01-01,32.82,2006,1,2026-07-01,180,66,False,False
123109,2021-01-01,0.0,2006,1,2026-07-01,180,66,False,False
123110,2021-01-01,0.0,2006,1,2026-07-01,180,66,False,False
123111,2021-01-01,385.05,2006,1,2026-07-01,180,66,False,True
123112,2023-03-01,167.14,2006,1,2026-07-01,206,40,False,True
123113,2025-10-01,260.455,2006,1,2026-07-01,237,9,False,True
123114,2024-12-01,325.31,2006,1,2026-07-01,227,19,False,True
123115,2024-10-01,172.35,2006,1,2026-07-01,225,21,False,True
123116,2023-04-01,140.15,2006,1,2026-07-01,207,39,False,True
123117,2026-06-01,525.813,2006,1,2026-07-01,245,1,False,True
123118,2021-01-01,0.0,2006,1,2026-07-01,180,66,False,False
123119,2021-01-01,31.27,2006,1,2026-07-01,180,66,False,False
123120,2021-01-01,0.0,2006,1,2026-07-01,180,66,False,False
123121,2021-01-01,0.0,2006,1,2026-07-01,180,66,False,False
123122,2023-08-01,119.52,2006,1,2026-07-01,211,35,False,True
123123,2021-01-01,0.0,2006,1,2026-07-01,180,66,False,False
123124,2021-01-01,0.0,2006,1,2026-07-01,180,66,False,False
123125,2021-01-01,0.0,2006,1,2026-07-01,180,66,False,False
123126,2021-01-01,0.0,2006,1,2026-07-01,180,66,False,False
123127,2021-01-01,0.0,2006,1,2026-07-01,180,66,False,False
123128,2021-01-01,0.0,2006,1,2026-07-01,180,66,False,False
123129,2021-01-01,0.0,2006,1,2026-07-01,180,66,False,False
123130,2021-01-01,0.0,2006,1,2026-07-01,180,66,False,False
123131,2025-12-01,95.184,2006,1,2026-07-01,239,7,False,True
123132,2025-12-01,12.369,2006,1,2026-07-01,239,7,False,True
123133,2021-01-01,0.0,2006,1,2026-07-01,180,66,False,False
123134,2021-01-01,0.0,2006,1,2026-07-01,180,66,False,False
123135,2021-01-01,0.0,2006,1,2026-07-01,180,66,False,False
123136,2021-01-01,0.0,2006,1,2026-07-01,180,66,False,False
123137,2021-01-01,0.0,2006,1,2026-07-01,180,66,False,False
123138,2021-01-01,0.0,2006,1,2026-07-01,180,66,False,False
123140,2021-01-01,0.0,2006,1,2026-07-01,180,66,False,False
123141,2021-01-01,0.0,2006,1,2026-07-01,180,66,False,False
123142,2021-01-01,0.0,2006,1,2026-07-01,180,66,False,False
123143,2021-01-01,0.0,2006,1,2026-07-01,180,66,False,False
123144,2021-01-01,0.0,2006,1,2026-07-01,180,66,False,False
123145,2021-01-01,0.0,2006,1,2026-07-01,180,66,False,False
123146,2021-01-01,0.0,2006,1,2026-07-01,180,66,False,False
123147,2021-01-01,0.0,2006,1,2026-07-01,180,66,False,False
123148,2021-01-01,0.0,2006,1,2026-07-01,180,66,False,False
123149,2021-01-01,0.0,2006,1,2026-07-01,180,66,False,False
123150,2021-01-01,0.0,2006,1,2026-07-01,180,66,False,False
123151,2021-01-01,0.0,2006,1,2026-07-01,180,66,False,False
123152,2021-01-01,0.0,2006,1,2026-07-01,180,66,False,False
123153,2021-01-01,0.0,2006,1,2026-07-01,180,66,False,False
123154,2022-08-01,71.96,2006,1,2026-07-01,199,47,False,False
123155,2021-01-01,0.0,2006,1,2026-07-01,180,66,False,False
123156,2021-01-01,0.0,2006,1,2026-07-01,180,66,False,False
123157,2021-01-01,0.0,2006,1,2026-07-01,180,66,False,False
123158,2021-01-01,0.0,2006,1,2026-07-01,180,66,False,False
123159,2021-01-01,0.0,2006,1,2026-07-01,180,66,False,False
123160,2021-01-01,0.0,2006,1,2026-07-01,180,66,False,False
123161,2021-03-01,25.77,2006,1,2026-07-01,182,64,False,False
123162,2021-01-01,0.0,2006,1,2026-07-01,180,66,False,False
123163,2021-01-01,0.0,2006,1,2026-07-01,180,66,False,False
123164,2021-01-01,0.0,2006,1,2026-07-01,180,66,False,False
123165,2021-01-01,0.0,2006,1,2026-07-01,180,66,False,False
123166,2021-01-01,0.0,2006,1,2026-07-01,180,66,False,False
123167,2021-01-01,0.0,2006,1,2026-07-01,180,66,False,False
123168,2021-01-01,0.0,2006,1,2026-07-01,180,66,False,False
123169,2021-01-01,0.0,2006,1,2026-07-01,180,66,False,False
123170,2021-01-01,0.0,2006,1,2026-07-01,180,66,False,False
123171,2021-01-01,0.0,2006,1,2026-07-01,180,66,False,False
123172,2021-01-01,0.0,2006,1,2026-07-01,180,66,False,False
123173,2021-01-01,0.0,2006,1,2026-07-01,180,66,False,False
123174,2023-12-01,45.06,2006,1,2026-07-01,215,31,False,False
123175,2021-01-01,0.0,2006,1,2026-07-01,180,66,False,False
123176,2021-01-01,0.0,2006,1,2026-07-01,180,66,False,False
123177,2021-01-01,0.0,2006,1,2026-07-01,180,66,False,False
123178,2024-03-01,30.6,2006,1,2026-07-01,218,28,False,False
123179,2021-01-01,0.0,2006,1,2026-07-01,180,66,False,False
123180,2021-01-01,0.0,2006,1,2026-07-01,180,66,False,False
123181,2021-01-01,0.0,2006,1,2026-07-01,180,66,False,False
123182,2021-01-01,0.0,2006,1,2026-07-01,180,66,False,False
123183,2021-01-01,0.0,2006,1,2026-07-01,180,66,False,False
123184,2021-01-01,0.0,2006,1,2026-07-01,180,66,False,False
123185,2022-07-01,118.81,2006,1,2026-07-01,198,48,False,True
123186,2021-01-01,0.0,2006,1,2026-07-01,180,66,False,False
123187,2021-01-01,0.0,2006,1,2026-07-01,180,66,False,False
123188,2021-01-01,0.0,2006,1,2026-07-01,180,66,False,False
123189,2021-01-01,0.0,2006,1,2026-07-01,180,66,False,False
123190,2021-01-01,0.0,2006,1,2026-07-01,180,66,False,False
123191,2021-01-01,0.0,2006,1,2026-07-01,180,66,False,False
123192,2021-01-01,0.0,2006,1,2026-07-01,180,66,False,False
123193,2021-01-01,0.0,2006,1,2026-07-01,180,66,False,False
123194,2021-01-01,0.0,2006,1,2026-07-01,180,66,False,False
123195,2021-01-01,0.0,2006,1,2026-07-01,180,66,False,False
123196,2021-03-01,298.35,2006,1,2026-07-01,182,64,False,True
123197,2021-01-01,0.0,2006,1,2026-07-01,180,66,False,False
123198,2021-01-01,0.0,2006,1,2026-07-01,180,66,False,False
123199,2021-01-01,0.0,2006,1,2026-07-01,180,66,False,False
123200,2022-08-01,102.95,2006,1,2026-07-01,199,47,False,False
123201,2024-05-01,106.66,2006,1,2026-07-01,220,26,False,True
123202,2021-01-01,0.0,2006,1,2026-07-01,180,66,False,False
123203,2021-01-01,0.0,2006,1,2026-07-01,180,66,False,False
123204,2022-09-01,69.75,2006,1,2026-07-01,200,46,False,False
123205,2021-01-01,0.0,2006,1,2026-07-01,180,66,False,False
123206,2021-01-01,0.0,2006,1,2026-07-01,180,66,False,False
123207,2022-02-01,79.06,2006,1,2026-07-01,193,53,False,True
123208,2021-01-01,0.0,2006,1,2026-07-01,180,66,False,False
123209,2021-01-01,0.0,2006,1,2026-07-01,180,66,False,False
123210,2021-01-01,0.0,2006,1,2026-07-01,180,66,False,False
123211,2021-01-01,0.0,2006,1,2026-07-01,180,66,False,False
123212,2021-01-01,0.0,2006,1,2026-07-01,180,66,False,False
123213,2024-04-01,82.27,2006,1,2026-07-01,219,27,False,True
123214,2021-01-01,0.0,2006,1,2026-07-01,180,66,False,False
123215,2021-01-01,0.0,2006,1,2026-07-01,180,66,False,False
123216,2021-10-01,121.17,2006,1,2026-07-01,189,57,False,True
123217,2021-01-01,0.0,2006,1,2026-07-01,180,66,False,False
123218,2024-05-01,96.88,2006,1,2026-07-01,220,26,False,True
123219,2021-01-01,0.0,2006,1,2026-07-01,180,66,False,False
123220,2022-08-01,64.17,2006,1,2026-07-01,199,47,False,True
123221,2021-01-01,0.0,2006,1,2026-07-01,180,66,False,False
123222,2021-01-01,0.0,2006,1,2026-07-01,180,66,False,False
123223,2021-01-01,0.0,2006,1,2026-07-01,180,66,False,False
123224,2021-01-01,0.0,2006,1,2026-07-01,180,66,False,False
123225,2021-03-01,130.02,2006,1,2026-07-01,182,64,False,True
123226,2024-06-01,83.15,2006,1,2026-07-01,221,25,False,True
123227,2021-01-01,0.0,2006,1,2026-07-01,180,66,False,False
123228,2021-01-01,0.0,2006,1,2026-07-01,180,66,False,False
123229,2021-01-01,0.0,2006,1,2026-07-01,180,66,False,False
123230,2021-01-01,0.0,2006,1,2026-07-01,180,66,False,False
123231,2022-01-01,125.26,2006,1,2026-07-01,192,54,False,True
123232,2021-01-01,0.0,2006,1,2026-07-01,180,66,False,False
123233,2026-02-01,27.371,2006,1,2026-07-01,241,5,False,False
123234,2021-01-01,0.0,2006,1,2026-07-01,180,66,False,False
123235,2021-01-01,0.0,2006,1,2026-07-01,180,66,False,False
123236,2021-01-01,0.0,2006,1,2026-07-01,180,66,False,False
123237,2022-03-01,20.13,2006,1,2026-07-01,194,52,False,False
123238,2022-03-01,95.26,2006,1,2026-07-01,194,52,False,False
123239,2021-01-01,0.0,2006,1,2026-07-01,180,66,False,False
123240,2026-07-01,149.926,2006,1,2026-07-01,246,0,False,True
123241,2021-05-01,85.21,2006,1,2026-07-01,184,62,False,True
123242,2021-01-01,0.0,2006,1,2026-07-01,180,66,False,False
123243,2021-01-01,0.0,2006,1,2026-07-01,180,66,False,False
123244,2021-01-01,0.0,2006,1,2026-07-01,180,66,False,False
123245,2021-01-01,0.0,2006,1,2026-07-01,180,66,False,False
123246,2021-01-01,0.0,2006,1,2026-07-01,180,66,False,False
123247,2021-01-01,0.0,2006,1,2026-07-01,180,66,False,False
123248,2021-01-01,0.0,2006,1,2026-07-01,180,66,False,False
123249,2021-01-01,0.0,2006,1,2026-07-01,180,66,False,False
123250,2021-01-01,0.0,2006,1,2026-07-01,180,66,False,False
123251,2021-01-01,0.0,2006,1,2026-07-01,180,66,False,False
123252,2021-01-01,0.0,2006,1,2026-07-01,180,66,False,False
123253,2021-01-01,0.0,2006,1,2026-07-01,180,66,False,False
123254,2021-01-01,0.0,2006,1,2026-07-01,180,66,False,False
123255,2021-01-01,0.0,2006,1,2026-07-01,180,66,False,False
123256,2021-01-01,0.0,2006,1,2026-07-01,180,66,False,False
123257,2021-01-01,0.0,2006,1,2026-07-01,180,66,False,False
123258,2021-01-01,0.0,2006,1,2026-07-01,180,66,False,False
123259,2021-01-01,0.0,2006,1,2026-07-01,180,66,False,False
123260,2021-01-01,0.0,2006,1,2026-07-01,180,66,False,False
123261,2021-01-01,0.0,2006,1,2026-07-01,180,66,False,False
123262,2021-01-01,0.0,2006,1,2026-07-01,180,66,False,False
123263,2021-01-01,0.0,2006,1,2026-07-01,180,66,False,False
123264,2021-01-01,0.0,2006,1,2026-07-01,180,66,False,False
123265,2021-01-01,0.0,2006,1,2026-07-01,180,66,False,False
123266,2021-01-01,0.0,2006,1,2026-07-01,180,66,False,False
123267,2021-01-01,0.0,2006,1,2026-07-01,180,66,False,False
123268,2021-02-01,100.41,2006,1,2026-07-01,181,65,False,False
123269,2021-01-01,0.0,2006,1,2026-07-01,180,66,False,False
123270,2021-01-01,0.0,2006,1,2026-07-01,180,66,False,False
123271,2021-01-01,0.0,2006,1,2026-07-01,180,66,False,False
123272,2021-01-01,0.0,2006,1,2026-07-01,180,66,False,False
123273,2021-01-01,0.0,2006,1,2026-07-01,180,66,False,False
123274,2021-01-01,0.0,2006,1,2026-07-01,180,66,False,False
123275,2021-01-01,0.0,2006,1,2026-07-01,180,66,False,False
123276,2021-01-01,0.0,2006,1,2026-07-01,180,66,False,False
123277,2021-01-01,0.0,2006,1,2026-07-01,180,66,False,False
123278,2021-01-01,0.0,2006,1,2026-07-01,180,66,False,False
123279,2026-04-01,210.636,2006,1,2026-07-01,243,3,False,True
123280,2021-01-01,0.0,2006,1,2026-07-01,180,66,False,False
123281,2021-01-01,0.0,2006,1,2026-07-01,180,66,False,False
123282,2021-01-01,0.0,2006,1,2026-07-01,180,66,False,False
123283,2022-05-01,112.38,2006,1,2026-07-01,196,50,False,False
123284,2021-01-01,0.0,2006,1,2026-07-01,180,66,False,False
123285,2026-07-01,73.051,2006,1,2026-07-01,246,0,False,True
123286,2021-01-01,0.0,2006,1,2026-07-01,180,66,False,False
123287,2021-01-01,0.0,2006,1,2026-07-01,180,66,False,False
123288,2021-01-01,0.0,2006,1,2026-07-01,180,66,False,False
123289,2021-01-01,0.0,2006,1,2026-07-01,180,66,False,False
123290,2021-01-01,0.0,2006,1,2026-07-01,180,66,False,False
123291,2021-01-01,0.0,2006,1,2026-07-01,180,66,False,False
123292,2021-01-01,0.0,2006,1,2026-07-01,180,66,False,False
123293,2021-04-01,186.96,2006,1,2026-07-01,183,63,False,True
123294,2021-01-01,0.0,2006,1,2026-07-01,180,66,False,False
123295,2022-11-01,235.65,2006,1,2026-07-01,202,44,False,True
123296,2021-01-01,0.0,2006,1,2026-07-01,180,66,False,False
123297,2021-01-01,0.0,2006,1,2026-07-01,180,66,False,False
123298,2022-11-01,59.87,2006,1,2026-07-01,202,44,False,False
123299,2021-01-01,0.0,2006,1,2026-07-01,180,66,False,False
123300,2021-01-01,0.0,2006,1,2026-07-01,180,66,False,False
123301,2021-07-01,103.52,2006,1,2026-07-01,186,60,False,True
123302,2024-05-01,133.11,2006,1,2026-07-01,220,26,False,True
123303,2021-01-01,0.0,2006,1,2026-07-01,180,66,False,False
123304,2022-10-01,100.55,2006,1,2026-07-01,201,45,False,True
123305,2021-01-01,0.0,2006,1,2026-07-01,180,66,False,False
123306,2021-01-01,0.0,2006,1,2026-07-01,180,66,False,False
123307,2021-01-01,0.0,2006,1,2026-07-01,180,66,False,False
123308,2021-01-01,177.22,2006,1,2026-07-01,180,66,False,True
123309,2022-07-01,77.82,2006,1,2026-07-01,198,48,False,True
123310,2025-12-01,78.654,2006,1,2026-07-01,239,7,False,True
123311,2021-01-01,198.02,2006,1,2026-07-01,180,66,False,True
123313,2021-01-01,0.0,2006,1,2026-07-01,180,66,False,False
123314,2021-07-01,167.83,2006,1,2026-07-01,186,60,False,False
123315,2022-01-01,201.74,2006,1,2026-07-01,192,54,False,True
123316,2021-08-01,31.85,2006,1,2026-07-01,187,59,False,True
123317,2021-08-01,57.95,2006,1,2026-07-01,187,59,False,True
123318,2021-01-01,0.0,2006,1,2026-07-01,180,66,False,False
123319,2021-01-01,0.0,2006,1,2026-07-01,180,66,False,False
123320,2021-07-01,316.39,2006,1,2026-07-01,186,60,False,True
123321,2024-10-01,162.42,2006,1,2026-07-01,225,21,False,True
123322,2021-05-01,171.16,2006,1,2026-07-01,184,62,False,True
123323,2021-01-01,0.0,2006,1,2026-07-01,180,66,False,False
123324,2023-07-01,102.23,2006,1,2026-07-01,210,36,False,True
123325,2022-10-01,235.12,2006,1,2026-07-01,201,45,False,True
123326,2021-01-01,0.0,2006,1,2026-07-01,180,66,False,False
123327,2021-01-01,0.0,2006,1,2026-07-01,180,66,False,False
123328,2021-02-01,67.39,2006,1,2026-07-01,181,65,False,False
123329,2021-01-01,0.0,2006,1,2026-07-01,180,66,False,False
123330,2021-01-01,0.0,2006,1,2026-07-01,180,66,False,False
123331,2021-01-01,0.0,2006,1,2026-07-01,180,66,False,False
123332,2021-01-01,0.0,2006,1,2026-07-01,180,66,False,False
123333,2023-04-01,113.95,2006,1,2026-07-01,207,39,False,True
123334,2021-01-01,170.84,2006,1,2026-07-01,180,66,False,True
123335,2022-05-01,215.51,2006,1,2026-07-01,196,50,False,True
123336,2022-03-01,97.54,2006,1,2026-07-01,194,52,False,False
123337,2023-01-01,124.73,2006,1,2026-07-01,204,42,False,True
123338,2022-03-01,56.95,2006,1,2026-07-01,194,52,False,False
123339,2021-05-01,175.4,2006,1,2026-07-01,184,62,False,True
123340,2026-05-01,77.727,2006,1,2026-07-01,244,2,False,True
123341,2026-03-01,219.142,2006,1,2026-07-01,242,4,False,True
123342,2021-05-01,125.92,2006,1,2026-07-01,184,62,False,True
123343,2022-10-01,80.2,2006,1,2026-07-01,201,45,False,True
123344,2022-10-01,53.47,2006,1,2026-07-01,201,45,False,True
123345,2022-07-01,103.92,2006,1,2026-07-01,198,48,False,True
123346,2022-10-01,123.28,2006,1,2026-07-01,201,45,False,True
123347,2024-07-01,176.43,2006,1,2026-07-01,222,24,False,True
123348,2021-01-01,0.0,2006,1,2026-07-01,180,66,False,False
123349,2021-07-01,167.78,2006,1,2026-07-01,186,60,False,True
123350,2021-01-01,0.0,2006,1,2026-07-01,180,66,False,False
123351,2021-01-01,0.0,2006,1,2026-07-01,180,66,False,False
123352,2021-05-01,298.78,2006,1,2026-07-01,184,62,False,False
123353,2021-01-01,0.0,2006,1,2026-07-01,180,66,False,False
123354,2021-01-01,0.0,2006,1,2026-07-01,180,66,False,False
123355,2021-01-01,0.0,2006,1,2026-07-01,180,66,False,False
123356,2021-01-01,0.0,2006,1,2026-07-01,180,66,False,False
123357,2021-01-01,0.0,2006,1,2026-07-01,180,66,False,False
123358,2021-01-01,0.0,2006,1,2026-07-01,180,66,False,False
123359,2021-01-01,0.0,2006,1,2026-07-01,180,66,False,False
123360,2021-01-01,0.0,2006,1,2026-07-01,180,66,False,False
123361,2021-01-01,0.0,2006,1,2026-07-01,180,66,False,False
123362,2021-01-01,0.0,2006,1,2026-07-01,180,66,False,False
123363,2021-01-01,0.0,2006,1,2026-07-01,180,66,False,False
123364,2021-01-01,0.0,2006,1,2026-07-01,180,66,False,False
123365,2021-01-01,0.0,2006,1,2026-07-01,180,66,False,False
123366,2021-01-01,0.0,2006,1,2026-07-01,180,66,False,False
123367,2021-01-01,0.0,2006,1,2026-07-01,180,66,False,False
123368,2021-01-01,0.0,2006,1,2026-07-01,180,66,False,False
123369,2021-01-01,0.0,2006,1,2026-07-01,180,66,False,False
123370,2021-01-01,0.0,2006,1,2026-07-01,180,66,False,False
123371,2021-07-01,49.96,2006,1,2026-07-01,186,60,False,False
123372,2021-07-01,21.41,2006,1,2026-07-01,186,60,False,False
123373,2023-03-01,95.62,2006,1,2026-07-01,206,40,False,True
123374,2023-03-01,63.74,2006,1,2026-07-01,206,40,False,True
123375,2021-01-01,47.27,2006,1,2026-07-01,180,66,False,False
123377,2022-09-01,89.18,2006,1,2026-07-01,200,46,False,True
123378,2022-09-01,59.45,2006,1,2026-07-01,200,46,False,True
123379,2021-01-01,0.0,2006,1,2026-07-01,180,66,False,False
123380,2021-01-01,0.0,2006,1,2026-07-01,180,66,False,False
123381,2021-01-01,0.0,2006,1,2026-07-01,180,66,False,False
123382,2021-01-01,0.0,2006,1,2026-07-01,180,66,False,False
123383,2021-01-01,0.0,2006,1,2026-07-01,180,66,False,False
123384,2026-07-01,170.231,2006,1,2026-07-01,246,0,False,True
123385,2021-01-01,0.0,2006,1,2026-07-01,180,66,False,False
123386,2021-01-01,0.0,2006,1,2026-07-01,180,66,False,False
123387,2021-01-01,0.0,2006,1,2026-07-01,180,66,False,False
123388,2021-01-01,0.0,2006,1,2026-07-01,180,66,False,False
123389,2021-01-01,0.0,2006,1,2026-07-01,180,66,False,False
123390,2021-05-01,81.31,2006,1,2026-07-01,184,62,False,True
123391,2021-05-01,54.21,2006,1,2026-07-01,184,62,False,True
123392,2023-12-01,98.36,2006,1,2026-07-01,215,31,False,True
123393,2023-12-01,65.57,2006,1,2026-07-01,215,31,False,True
123394,2021-01-01,0.0,2006,1,2026-07-01,180,66,False,False
123395,2021-01-01,0.0,2006,1,2026-07-01,180,66,False,False
123396,2021-01-01,0.0,2006,1,2026-07-01,180,66,False,False
123397,2021-01-01,0.0,2006,1,2026-07-01,180,66,False,False
123398,2021-01-01,0.0,2006,1,2026-07-01,180,66,False,False
123399,2021-01-01,0.0,2006,1,2026-07-01,180,66,False,False
123400,2021-01-01,0.0,2006,1,2026-07-01,180,66,False,False
123401,2021-01-01,0.0,2006,1,2026-07-01,180,66,False,False
123402,2021-01-01,0.0,2006,1,2026-07-01,180,66,False,False
123403,2021-05-01,158.42,2006,1,2026-07-01,184,62,False,True
123404,2021-01-01,0.0,2006,1,2026-07-01,180,66,False,False
123405,2021-07-01,193.4,2006,1,2026-07-01,186,60,False,True
123406,2021-01-01,0.0,2006,1,2026-07-01,180,66,False,False
123407,2021-01-01,0.0,2006,1,2026-07-01,180,66,False,False
123408,2021-01-01,0.0,2006,1,2026-07-01,180,66,False,False
123409,2021-01-01,0.0,2006,1,2026-07-01,180,66,False,False
123410,2021-01-01,0.0,2006,1,2026-07-01,180,66,False,False
123411,2023-03-01,192.56,2006,1,2026-07-01,206,40,False,True
123412,2021-01-01,0.0,2006,1,2026-07-01,180,66,False,False
123413,2021-01-01,0.0,2006,1,2026-07-01,180,66,False,False
123414,2021-01-01,0.0,2006,1,2026-07-01,180,66,False,False
123415,2021-03-01,47.62,2006,1,2026-07-01,182,64,False,True
123416,2021-03-01,47.62,2006,1,2026-07-01,182,64,False,True
123417,2021-01-01,0.0,2006,1,2026-07-01,180,66,False,False
123418,2021-01-01,0.0,2006,1,2026-07-01,180,66,False,False
123419,2021-01-01,0.0,2006,1,2026-07-01,180,66,False,False
123420,2021-01-01,0.0,2006,1,2026-07-01,180,66,False,False
123421,2025-12-01,138.996,2006,1,2026-07-01,239,7,False,True
123422,2021-01-01,76.87,2006,1,2026-07-01,180,66,False,False
123423,2021-01-01,0.0,2006,1,2026-07-01,180,66,False,False
123424,2021-01-01,126.48,2006,1,2026-07-01,180,66,False,True
123425,2024-06-01,117.68,2006,1,2026-07-01,221,25,False,True
123426,2021-10-01,189.86,2006,1,2026-07-01,189,57,False,True
123427,2023-03-01,75.98,2006,1,2026-07-01,206,40,False,True
123428,2023-03-01,206.24,2006,1,2026-07-01,206,40,False,True
123429,2023-03-01,110.18,2006,1,2026-07-01,206,40,False,True
123430,2021-01-01,0.0,2006,1,2026-07-01,180,66,False,False
123431,2021-01-01,0.0,2006,1,2026-07-01,180,66,False,False
123432,2021-01-01,0.0,2006,1,2026-07-01,180,66,False,False
123433,2026-05-01,82.807,2006,1,2026-07-01,244,2,False,True
123434,2021-01-01,0.0,2006,1,2026-07-01,180,66,False,False
123435,2022-05-01,94.61,2006,1,2026-07-01,196,50,False,True
123436,2021-01-01,0.0,2006,1,2026-07-01,180,66,False,False
123437,2024-07-01,130.48,2006,1,2026-07-01,222,24,False,True
123438,2022-03-01,97.48,2006,1,2026-07-01,194,52,False,True
123439,2021-01-01,0.0,2006,1,2026-07-01,180,66,False,False
123440,2023-03-01,324.27,2006,1,2026-07-01,206,40,False,True
123441,2021-01-01,0.0,2006,1,2026-07-01,180,66,False,False
123442,2021-01-01,0.0,2006,1,2026-07-01,180,66,False,False
123443,2021-01-01,0.0,2006,1,2026-07-01,180,66,False,False
123444,2021-01-01,0.0,2006,1,2026-07-01,180,66,False,False
123445,2021-01-01,0.0,2006,1,2026-07-01,180,66,False,False
123446,2021-01-01,0.0,2006,1,2026-07-01,180,66,False,False
123447,2026-05-01,104.475,2006,1,2026-07-01,244,2,False,True
123448,2021-01-01,0.0,2006,1,2026-07-01,180,66,False,False
123449,2021-01-01,0.0,2006,1,2026-07-01,180,66,False,False
123450,2021-01-01,0.0,2006,1,2026-07-01,180,66,False,False
123451,2021-01-01,0.0,2006,1,2026-07-01,180,66,False,False
123452,2021-01-01,0.0,2006,1,2026-07-01,180,66,False,False
123453,2021-01-01,0.0,2006,1,2026-07-01,180,66,False,False
123454,2026-05-01,202.388,2006,1,2026-07-01,244,2,False,True
123455,2022-10-01,131.76,2006,1,2026-07-01,201,45,False,True
123456,2021-01-01,0.0,2006,1,2026-07-01,180,66,False,False
123457,2021-01-01,0.0,2006,1,2026-07-01,180,66,False,False
123458,2024-06-01,115.07,2006,1,2026-07-01,221,25,False,True
123459,2021-01-01,0.0,2006,1,2026-07-01,180,66,False,False
123460,2021-01-01,46.63,2006,1,2026-07-01,180,66,False,False
123461,2022-12-01,71.23,2006,1,2026-07-01,203,43,False,True
123462,2025-04-01,162.8999,2006,1,2026-07-01,231,15,False,True
123463,2026-05-01,118.499,2006,1,2026-07-01,244,2,False,True
123464,2022-07-01,103.56,2006,1,2026-07-01,198,48,False,False
123465,2021-01-01,47.89,2006,1,2026-07-01,180,66,False,False
123466,2023-11-01,116.38,2006,1,2026-07-01,214,32,False,True
123467,2025-01-01,114.68,2006,1,2026-07-01,228,18,False,True
123468,2021-05-01,110.35,2006,1,2026-07-01,184,62,False,True
123469,2021-01-01,0.0,2006,1,2026-07-01,180,66,False,False
123470,2022-08-01,169.07,2006,1,2026-07-01,199,47,False,True
123471,2025-12-01,130.195,2006,1,2026-07-01,239,7,False,True
123472,2021-01-01,0.0,2006,1,2026-07-01,180,66,False,False
123473,2021-01-01,0.0,2006,1,2026-07-01,180,66,False,False
123474,2024-03-01,66.22,2006,1,2026-07-01,218,28,False,True
123475,2021-01-01,0.0,2006,1,2026-07-01,180,66,False,False
123476,2021-01-01,0.0,2006,1,2026-07-01,180,66,False,False
123477,2024-06-01,123.54,2006,1,2026-07-01,221,25,False,True
123478,2024-06-01,139.64,2006,1,2026-07-01,221,25,False,True
123479,2024-06-01,93.1,2006,1,2026-07-01,221,25,False,True
123480,2021-03-01,123.69,2006,1,2026-07-01,182,64,False,True
123481,2021-01-01,0.0,2006,1,2026-07-01,180,66,False,False
123482,2021-01-01,98.32,2006,1,2026-07-01,180,66,False,False
123483,2021-12-01,97.27,2006,1,2026-07-01,191,55,False,True
123484,2026-05-01,169.61,2006,1,2026-07-01,244,2,False,True
123485,2021-01-01,0.0,2006,1,2026-07-01,180,66,False,False
123486,2021-01-01,0.0,2006,1,2026-07-01,180,66,False,False
123487,2021-01-01,0.0,2006,1,2026-07-01,180,66,False,False
123488,2021-01-01,0.0,2006,1,2026-07-01,180,66,False,False
123489,2021-01-01,0.0,2006,1,2026-07-01,180,66,False,False
123490,2021-01-01,0.0,2006,1,2026-07-01,180,66,False,False
123491,2021-01-01,0.0,2006,1,2026-07-01,180,66,False,False
123492,2021-01-01,0.0,2006,1,2026-07-01,180,66,False,False
123493,2021-01-01,0.0,2006,1,2026-07-01,180,66,False,False
123494,2021-01-01,0.0,2006,1,2026-07-01,180,66,False,False
123495,2024-05-01,259.12,2006,1,2026-07-01,220,26,False,True
123496,2021-01-01,0.0,2006,1,2026-07-01,180,66,False,False
123497,2021-01-01,0.0,2006,1,2026-07-01,180,66,False,False
123498,2023-08-01,124.04,2006,1,2026-07-01,211,35,False,True
123499,2021-01-01,0.0,2006,1,2026-07-01,180,66,False,False
123500,2021-01-01,0.0,2006,1,2026-07-01,180,66,False,False
123501,2021-01-01,0.0,2006,1,2026-07-01,180,66,False,False
123502,2022-12-01,119.1,2006,1,2026-07-01,203,43,False,True
123503,2021-01-01,0.0,2006,1,2026-07-01,180,66,False,False
123504,2024-01-01,418.8,2006,1,2026-07-01,216,30,False,True
123505,2025-12-01,180.378,2006,1,2026-07-01,239,7,False,True
123506,2021-01-01,0.0,2006,1,2026-07-01,180,66,False,False
123507,2021-01-01,0.0,2006,1,2026-07-01,180,66,False,False
123508,2021-01-01,0.0,2006,1,2026-07-01,180,66,False,False
123509,2021-01-01,0.0,2006,1,2026-07-01,180,66,False,False
123510,2021-01-01,0.0,2006,1,2026-07-01,180,66,False,False
123511,2021-05-01,263.71,2006,1,2026-07-01,184,62,False,True
123512,2026-05-01,431.586,2006,1,2026-07-01,244,2,False,True
123513,2021-01-01,0.0,2006,1,2026-07-01,180,66,False,False
123514,2021-01-01,0.0,2006,1,2026-07-01,180,66,False,False
123515,2021-01-01,0.0,2006,1,2026-07-01,180,66,False,False
123516,2026-05-01,118.308,2006,1,2026-07-01,244,2,False,True
123517,2021-01-01,0.0,2006,1,2026-07-01,180,66,False,False
123518,2021-01-01,0.0,2006,1,2026-07-01,180,66,False,False
123519,2026-05-01,232.976,2006,1,2026-07-01,244,2,False,True
123520,2021-01-01,0.0,2006,1,2026-07-01,180,66,False,False
123521,2021-01-01,0.0,2006,1,2026-07-01,180,66,False,False
123522,2021-01-01,0.0,2006,1,2026-07-01,180,66,False,False
123523,2021-01-01,0.0,2006,1,2026-07-01,180,66,False,False
123524,2021-01-01,0.0,2006,1,2026-07-01,180,66,False,False
123525,2021-01-01,0.0,2006,1,2026-07-01,180,66,False,False
123526,2022-10-01,70.91,2006,1,2026-07-01,201,45,False,False
123527,2021-01-01,0.0,2006,1,2026-07-01,180,66,False,False
123528,2024-05-01,163.35,2006,1,2026-07-01,220,26,False,True
123529,2022-12-01,262.96,2006,1,2026-07-01,203,43,False,True
123530,2021-01-01,0.0,2006,1,2026-07-01,180,66,False,False
123531,2021-01-01,0.0,2006,1,2026-07-01,180,66,False,False
123532,2021-01-01,0.0,2006,1,2026-07-01,180,66,False,False
123533,2021-01-01,0.0,2006,1,2026-07-01,180,66,False,False
123534,2021-01-01,0.0,2006,1,2026-07-01,180,66,False,False
123535,2021-01-01,0.0,2006,1,2026-07-01,180,66,False,False
123536,2021-01-01,0.0,2006,1,2026-07-01,180,66,False,False
123537,2021-01-01,0.0,2006,1,2026-07-01,180,66,False,False
123538,2026-05-01,281.103,2006,1,2026-07-01,244,2,False,True
123539,2021-01-01,0.0,2006,1,2026-07-01,180,66,False,False
123540,2021-01-01,0.0,2006,1,2026-07-01,180,66,False,False
123541,2021-01-01,0.0,2006,1,2026-07-01,180,66,False,False
123542,2021-01-01,0.0,2006,1,2026-07-01,180,66,False,False
123543,2021-01-01,0.0,2006,1,2026-07-01,180,66,False,False
123544,2021-01-01,0.0,2006,1,2026-07-01,180,66,False,False
123545,2021-01-01,0.0,2006,1,2026-07-01,180,66,False,False
123546,2021-01-01,0.0,2006,1,2026-07-01,180,66,False,False
123547,2021-01-01,0.0,2006,1,2026-07-01,180,66,False,False
123548,2021-01-01,0.0,2006,1,2026-07-01,180,66,False,False
123549,2021-01-01,0.0,2006,1,2026-07-01,180,66,False,False
123550,2021-01-01,0.0,2006,1,2026-07-01,180,66,False,False
123551,2021-01-01,0.0,2006,1,2026-07-01,180,66,False,False
123552,2021-01-01,0.0,2006,1,2026-07-01,180,66,False,False
123553,2021-01-01,0.0,2006,1,2026-07-01,180,66,False,False
123554,2021-01-01,0.0,2006,1,2026-07-01,180,66,False,False
123555,2021-01-01,0.0,2006,1,2026-07-01,180,66,False,False
123556,2024-06-01,88.17,2006,1,2026-07-01,221,25,False,False
123557,2021-01-01,0.0,2006,1,2026-07-01,180,66,False,False
123558,2021-01-01,0.0,2006,1,2026-07-01,180,66,False,False
123559,2021-01-01,0.0,2006,1,2026-07-01,180,66,False,False
123560,2021-01-01,0.0,2006,1,2026-07-01,180,66,False,False
123561,2021-01-01,0.0,2006,1,2026-07-01,180,66,False,False
123562,2021-01-01,0.0,2006,1,2026-07-01,180,66,False,False
123563,2021-05-01,109.21,2006,1,2026-07-01,184,62,False,True
123564,2021-01-01,0.0,2006,1,2026-07-01,180,66,False,False
123565,2021-01-01,0.0,2006,1,2026-07-01,180,66,False,False
123566,2021-01-01,0.0,2006,1,2026-07-01,180,66,False,False
123567,2021-01-01,0.0,2006,1,2026-07-01,180,66,False,False
123568,2021-01-01,0.0,2006,1,2026-07-01,180,66,False,False
123569,2021-01-01,0.0,2006,1,2026-07-01,180,66,False,False
123570,2021-01-01,0.0,2006,1,2026-07-01,180,66,False,False
123571,2021-01-01,0.0,2006,1,2026-07-01,180,66,False,False
123572,2021-01-01,0.0,2006,1,2026-07-01,180,66,False,False
123573,2021-01-01,0.0,2006,1,2026-07-01,180,66,False,False
123574,2026-05-01,377.798,2006,1,2026-07-01,244,2,False,True
123575,2021-01-01,0.0,2006,1,2026-07-01,180,66,False,False
123576,2021-01-01,0.0,2006,1,2026-07-01,180,66,False,False
123577,2021-01-01,0.0,2006,1,2026-07-01,180,66,False,False
123578,2021-01-01,0.0,2006,1,2026-07-01,180,66,False,False
123579,2021-01-01,0.0,2006,1,2026-07-01,180,66,False,False
123580,2021-01-01,0.0,2006,1,2026-07-01,180,66,False,False
123581,2021-01-01,0.0,2006,1,2026-07-01,180,66,False,False
123582,2021-01-01,0.0,2006,1,2026-07-01,180,66,False,False
123583,2021-01-01,0.0,2006,1,2026-07-01,180,66,False,False
123584,2021-01-01,0.0,2006,1,2026-07-01,180,66,False,False
123585,2021-01-01,0.0,2006,1,2026-07-01,180,66,False,False
123586,2022-03-01,162.79,2006,1,2026-07-01,194,52,False,True
123587,2024-06-01,263.27,2006,1,2026-07-01,221,25,False,True
123588,2021-01-01,0.0,2006,1,2026-07-01,180,66,False,False
123589,2021-01-01,0.0,2006,1,2026-07-01,180,66,False,False
123590,2021-01-01,0.0,2006,1,2026-07-01,180,66,False,False
123591,2021-01-01,0.0,2006,1,2026-07-01,180,66,False,False
123592,2021-01-01,0.0,2006,1,2026-07-01,180,66,False,False
123593,2021-05-01,107.1,2006,1,2026-07-01,184,62,False,False
123594,2021-01-01,0.0,2006,1,2026-07-01,180,66,False,False
123595,2021-01-01,0.0,2006,1,2026-07-01,180,66,False,False
123596,2021-01-01,0.0,2006,1,2026-07-01,180,66,False,False
123597,2021-01-01,0.0,2006,1,2026-07-01,180,66,False,False
123598,2021-01-01,0.0,2006,1,2026-07-01,180,66,False,False
123599,2021-01-01,0.0,2006,1,2026-07-01,180,66,False,False
123600,2021-01-01,0.0,2006,1,2026-07-01,180,66,False,False
123601,2021-01-01,0.0,2006,1,2026-07-01,180,66,False,False
123602,2021-01-01,0.0,2006,1,2026-07-01,180,66,False,False
123603,2021-01-01,0.0,2006,1,2026-07-01,180,66,False,False
123604,2021-01-01,0.0,2006,1,2026-07-01,180,66,False,False
123605,2021-01-01,0.0,2006,1,2026-07-01,180,66,False,False
123606,2021-01-01,0.0,2006,1,2026-07-01,180,66,False,False
123607,2021-01-01,0.0,2006,1,2026-07-01,180,66,False,False
123608,2021-01-01,0.0,2006,1,2026-07-01,180,66,False,False
123609,2021-01-01,0.0,2006,1,2026-07-01,180,66,False,False
123610,2021-01-01,0.0,2006,1,2026-07-01,180,66,False,False
123611,2021-01-01,0.0,2006,1,2026-07-01,180,66,False,False
123612,2021-07-01,406.79,2006,1,2026-07-01,186,60,False,True
123613,2021-01-01,0.0,2006,1,2026-07-01,180,66,False,False
123614,2021-01-01,0.0,2006,1,2026-07-01,180,66,False,False
123615,2021-01-01,0.0,2006,1,2026-07-01,180,66,False,False
123616,2021-01-01,0.0,2006,1,2026-07-01,180,66,False,False
123617,2021-01-01,0.0,2006,1,2026-07-01,180,66,False,False
123618,2021-01-01,0.0,2006,1,2026-07-01,180,66,False,False
123619,2021-01-01,0.0,2006,1,2026-07-01,180,66,False,False
123620,2021-04-01,157.14,2006,1,2026-07-01,183,63,False,True
123621,2023-03-01,296.13,2006,1,2026-07-01,206,40,False,True
123622,2021-01-01,0.0,2006,1,2026-07-01,180,66,False,False
123623,2026-07-01,115.613,2006,1,2026-07-01,246,0,False,True
123624,2021-01-01,0.0,2006,1,2026-07-01,180,66,False,False
123625,2021-01-01,0.0,2006,1,2026-07-01,180,66,False,False
123626,2021-01-01,0.0,2006,1,2026-07-01,180,66,False,False
123627,2021-01-01,0.0,2006,1,2026-07-01,180,66,False,False
123628,2021-01-01,0.0,2006,1,2026-07-01,180,66,False,False
123629,2021-01-01,0.0,2006,1,2026-07-01,180,66,False,False
123630,2021-01-01,0.0,2006,1,2026-07-01,180,66,False,False
123631,2021-01-01,0.0,2006,1,2026-07-01,180,66,False,False
123632,2021-01-01,0.0,2006,1,2026-07-01,180,66,False,False
123633,2021-01-01,0.0,2006,1,2026-07-01,180,66,False,False
123634,2021-01-01,0.0,2006,1,2026-07-01,180,66,False,False
123635,2021-01-01,0.0,2006,1,2026-07-01,180,66,False,False
123636,2021-01-01,0.0,2006,1,2026-07-01,180,66,False,False
123637,2021-01-01,0.0,2006,1,2026-07-01,180,66,False,False
123638,2021-01-01,0.0,2006,1,2026-07-01,180,66,False,False
123639,2021-01-01,0.0,2006,1,2026-07-01,180,66,False,False
123640,2021-01-01,0.0,2006,1,2026-07-01,180,66,False,False
123641,2021-01-01,0.0,2006,1,2026-07-01,180,66,False,False
123642,2021-01-01,0.0,2006,1,2026-07-01,180,66,False,False
123643,2021-01-01,0.0,2006,1,2026-07-01,180,66,False,False
123644,2021-01-01,0.0,2006,1,2026-07-01,180,66,False,False
123645,2021-01-01,66.84,2006,1,2026-07-01,180,66,False,False
123646,2021-01-01,0.0,2006,1,2026-07-01,180,66,False,False
123647,2021-01-01,0.0,2006,1,2026-07-01,180,66,False,False
123648,2021-01-01,0.0,2006,1,2026-07-01,180,66,False,False
123649,2021-01-01,0.0,2006,1,2026-07-01,180,66,False,False
123650,2021-01-01,0.0,2006,1,2026-07-01,180,66,False,False
123651,2021-01-01,0.0,2006,1,2026-07-01,180,66,False,False
123652,2021-01-01,0.0,2006,1,2026-07-01,180,66,False,False
123653,2021-01-01,0.0,2006,1,2026-07-01,180,66,False,False
123654,2021-01-01,0.0,2006,1,2026-07-01,180,66,False,False
123655,2021-01-01,0.0,2006,1,2026-07-01,180,66,False,False
123656,2021-01-01,0.0,2006,1,2026-07-01,180,66,False,False
123657,2021-01-01,0.0,2006,1,2026-07-01,180,66,False,False
123658,2021-01-01,0.0,2006,1,2026-07-01,180,66,False,False
123659,2021-01-01,0.0,2006,1,2026-07-01,180,66,False,False
123660,2021-01-01,0.0,2006,1,2026-07-01,180,66,False,False
123661,2021-01-01,0.0,2006,1,2026-07-01,180,66,False,False
123662,2021-01-01,0.0,2006,1,2026-07-01,180,66,False,False
123663,2021-01-01,0.0,2006,1,2026-07-01,180,66,False,False
123664,2021-01-01,0.0,2006,1,2026-07-01,180,66,False,False
123665,2021-01-01,0.0,2006,1,2026-07-01,180,66,False,False
123666,2021-01-01,0.0,2006,1,2026-07-01,180,66,False,False
123667,2021-01-01,0.0,2006,1,2026-07-01,180,66,False,False
123668,2021-01-01,0.0,2006,1,2026-07-01,180,66,False,False
123669,2021-01-01,0.0,2006,1,2026-07-01,180,66,False,False
123670,2021-01-01,0.0,2006,1,2026-07-01,180,66,False,False
123671,2021-01-01,0.0,2006,1,2026-07-01,180,66,False,False
123672,2021-01-01,0.0,2006,1,2026-07-01,180,66,False,False
123673,2021-10-01,175.04,2006,1,2026-07-01,189,57,False,False
123674,2021-01-01,0.0,2006,1,2026-07-01,180,66,False,False
123675,2021-01-01,0.0,2006,1,2026-07-01,180,66,False,False
123676,2021-01-01,0.0,2006,1,2026-07-01,180,66,False,False
123677,2021-01-01,0.0,2006,1,2026-07-01,180,66,False,False
123678,2021-01-01,0.0,2006,1,2026-07-01,180,66,False,False
123679,2021-01-01,0.0,2006,1,2026-07-01,180,66,False,False
123680,2021-01-01,0.0,2006,1,2026-07-01,180,66,False,False
123681,2021-01-01,0.0,2006,1,2026-07-01,180,66,False,False
123682,2021-01-01,0.0,2006,1,2026-07-01,180,66,False,False
123683,2021-01-01,0.0,2006,1,2026-07-01,180,66,False,False
123684,2021-01-01,0.0,2006,1,2026-07-01,180,66,False,False
123685,2021-01-01,0.0,2006,1,2026-07-01,180,66,False,False
123686,2021-01-01,0.0,2006,1,2026-07-01,180,66,False,False
123687,2021-01-01,0.0,2006,1,2026-07-01,180,66,False,False
123688,2021-01-01,0.0,2006,1,2026-07-01,180,66,False,False
123689,2021-01-01,0.0,2006,1,2026-07-01,180,66,False,False
123690,2021-01-01,0.0,2006,1,2026-07-01,180,66,False,False
123691,2022-06-01,205.99,2006,1,2026-07-01,197,49,False,True
123692,2022-06-01,156.09,2006,1,2026-07-01,197,49,False,True
123693,2021-01-01,0.0,2006,1,2026-07-01,180,66,False,False
123694,2021-01-01,0.0,2006,1,2026-07-01,180,66,False,False
123695,2021-01-01,0.0,2006,1,2026-07-01,180,66,False,False
123696,2021-01-01,0.0,2006,1,2026-07-01,180,66,False,False
123697,2021-01-01,0.0,2006,1,2026-07-01,180,66,False,False
123698,2021-01-01,0.0,2006,1,2026-07-01,180,66,False,False
123699,2021-01-01,0.0,2006,1,2026-07-01,180,66,False,False
123700,2021-01-01,0.0,2006,1,2026-07-01,180,66,False,False
123701,2021-01-01,0.0,2006,1,2026-07-01,180,66,False,False
123702,2021-01-01,0.0,2006,1,2026-07-01,180,66,False,False
123703,2021-01-01,0.0,2006,1,2026-07-01,180,66,False,False
123704,2021-01-01,0.0,2006,1,2026-07-01,180,66,False,False
123705,2021-01-01,0.0,2006,1,2026-07-01,180,66,False,False
123706,2021-01-01,0.0,2006,1,2026-07-01,180,66,False,False
123707,2021-01-01,0.0,2006,1,2026-07-01,180,66,False,False
123708,2021-01-01,0.0,2006,1,2026-07-01,180,66,False,False
123709,2021-01-01,0.0,2006,1,2026-07-01,180,66,False,False
123710,2021-01-01,0.0,2006,1,2026-07-01,180,66,False,False
123711,2021-01-01,0.0,2006,1,2026-07-01,180,66,False,False
123712,2021-01-01,0.0,2006,1,2026-07-01,180,66,False,False
123713,2021-01-01,0.0,2006,1,2026-07-01,180,66,False,False
123714,2022-07-01,160.33,2006,1,2026-07-01,198,48,False,True
123715,2021-01-01,0.0,2006,1,2026-07-01,180,66,False,False
123716,2021-01-01,0.0,2006,1,2026-07-01,180,66,False,False
123717,2021-01-01,0.0,2006,1,2026-07-01,180,66,False,False
123718,2021-01-01,0.0,2006,1,2026-07-01,180,66,False,False
123719,2021-01-01,0.0,2006,1,2026-07-01,180,66,False,False
123720,2021-01-01,0.0,2006,1,2026-07-01,180,66,False,False
123721,2021-01-01,0.0,2006,1,2026-07-01,180,66,False,False
123722,2021-11-01,69.98,2006,1,2026-07-01,190,56,False,False
123723,2021-01-01,0.0,2006,1,2026-07-01,180,66,False,False
123724,2021-01-01,0.0,2006,1,2026-07-01,180,66,False,False
123725,2021-01-01,0.0,2006,1,2026-07-01,180,66,False,False
123726,2021-05-01,383.79,2006,1,2026-07-01,184,62,False,False
123727,2021-01-01,0.0,2006,1,2026-07-01,180,66,False,False
123728,2021-01-01,0.0,2006,1,2026-07-01,180,66,False,False
123729,2021-01-01,0.0,2006,1,2026-07-01,180,66,False,False
123730,2021-01-01,0.0,2006,1,2026-07-01,180,66,False,False
123731,2025-07-01,101.718,2006,1,2026-07-01,234,12,False,False
123732,2021-01-01,0.0,2006,1,2026-07-01,180,66,False,False
123733,2021-01-01,0.0,2006,1,2026-07-01,180,66,False,False
123734,2021-01-01,0.0,2006,1,2026-07-01,180,66,False,False
123735,2022-09-01,71.58,2006,1,2026-07-01,200,46,False,False
123736,2021-01-01,0.0,2006,1,2026-07-01,180,66,False,False
123737,2021-01-01,0.0,2006,1,2026-07-01,180,66,False,False
123738,2021-09-01,162.34,2006,1,2026-07-01,188,58,False,True
123739,2021-01-01,0.0,2006,1,2026-07-01,180,66,False,False
123740,2021-01-01,0.0,2006,1,2026-07-01,180,66,False,False
123741,2021-05-01,156.08,2006,1,2026-07-01,184,62,False,True
123742,2021-01-01,0.0,2006,1,2026-07-01,180,66,False,False
123743,2021-01-01,0.0,2006,1,2026-07-01,180,66,False,False
123744,2021-01-01,0.0,2006,1,2026-07-01,180,66,False,False
123745,2021-01-01,0.0,2006,1,2026-07-01,180,66,False,False
123746,2022-09-01,53.05,2006,1,2026-07-01,200,46,False,False
123747,2021-01-01,0.0,2006,1,2026-07-01,180,66,False,False
123748,2021-01-01,0.0,2006,1,2026-07-01,180,66,False,False
123749,2026-05-01,127.42,2006,1,2026-07-01,244,2,False,False
123750,2021-01-01,0.0,2006,1,2026-07-01,180,66,False,False
123751,2021-01-01,0.0,2006,1,2026-07-01,180,66,False,False
123752,2026-07-01,11.643,2006,1,2026-07-01,246,0,False,False
123753,2021-01-01,0.0,2006,1,2026-07-01,180,66,False,False
123754,2021-01-01,0.0,2006,1,2026-07-01,180,66,False,False
123755,2021-01-01,0.0,2006,1,2026-07-01,180,66,False,False
123756,2021-01-01,0.0,2006,1,2026-07-01,180,66,False,False
123757,2021-01-01,0.0,2006,1,2026-07-01,180,66,False,False
123758,2021-01-01,0.0,2006,1,2026-07-01,180,66,False,False
123759,2021-01-01,0.0,2006,1,2026-07-01,180,66,False,False
123760,2021-09-01,22.1,2006,1,2026-07-01,188,58,False,False
123761,2026-07-01,76.048,2006,1,2026-07-01,246,0,False,False
123762,2021-01-01,0.0,2006,1,2026-07-01,180,66,False,False
123763,2021-01-01,0.0,2006,1,2026-07-01,180,66,False,False
123764,2021-01-01,0.0,2006,1,2026-07-01,180,66,False,False
123765,2025-07-01,20.762,2006,1,2026-07-01,234,12,False,False
123766,2021-01-01,0.0,2006,1,2026-07-01,180,66,False,False
123767,2021-01-01,0.0,2006,1,2026-07-01,180,66,False,False
123768,2021-01-01,0.0,2006,1,2026-07-01,180,66,False,False
123769,2021-01-01,0.0,2006,1,2026-07-01,180,66,False,False
123770,2021-01-01,0.0,2006,1,2026-07-01,180,66,False,False
123771,2021-01-01,0.0,2006,1,2026-07-01,180,66,False,False
123772,2021-01-01,0.0,2006,1,2026-07-01,180,66,False,False
123773,2021-01-01,0.0,2006,1,2026-07-01,180,66,False,False
123774,2021-01-01,0.0,2006,1,2026-07-01,180,66,False,False
123775,2021-01-01,0.0,2006,1,2026-07-01,180,66,False,False
123776,2023-08-01,286.85,2006,1,2026-07-01,211,35,False,True
123777,2021-01-01,0.0,2006,1,2026-07-01,180,66,False,False
123778,2025-12-01,299.266,2006,1,2026-07-01,239,7,False,True
123779,2021-01-01,0.0,2006,1,2026-07-01,180,66,False,False
123780,2021-01-01,0.0,2006,1,2026-07-01,180,66,False,False
123781,2021-01-01,0.0,2006,1,2026-07-01,180,66,False,False
123782,2021-01-01,0.0,2006,1,2026-07-01,180,66,False,False
123783,2026-05-01,230.987,2006,1,2026-07-01,244,2,False,True
123784,2021-01-01,0.0,2006,1,2026-07-01,180,66,False,False
123785,2026-03-01,110.326,2006,1,2026-07-01,242,4,False,False
123786,2021-01-01,0.0,2006,1,2026-07-01,180,66,False,False
123787,2021-01-01,0.0,2006,1,2026-07-01,180,66,False,False
123788,2021-01-01,0.0,2006,1,2026-07-01,180,66,False,False
123789,2021-01-01,0.0,2006,1,2026-07-01,180,66,False,False
123790,2021-01-01,0.0,2006,1,2026-07-01,180,66,False,False
123791,2021-01-01,0.0,2006,1,2026-07-01,180,66,False,False
123792,2021-01-01,0.0,2006,1,2026-07-01,180,66,False,False
123793,2021-01-01,0.0,2006,1,2026-07-01,180,66,False,False
123794,2021-01-01,0.0,2006,1,2026-07-01,180,66,False,False
123795,2021-01-01,0.0,2006,1,2026-07-01,180,66,False,False
123796,2021-01-01,0.0,2006,1,2026-07-01,180,66,False,False
123797,2021-01-01,0.0,2006,1,2026-07-01,180,66,False,False
123798,2021-01-01,0.0,2006,1,2026-07-01,180,66,False,False
123799,2021-01-01,0.0,2006,1,2026-07-01,180,66,False,False
123800,2025-07-01,112.425,2006,1,2026-07-01,234,12,False,False
123801,2021-01-01,0.0,2006,1,2026-07-01,180,66,False,False
123802,2021-01-01,0.0,2006,1,2026-07-01,180,66,False,False
123803,2021-01-01,0.0,2006,1,2026-07-01,180,66,False,False
123804,2021-01-01,0.0,2006,1,2026-07-01,180,66,False,False
123805,2022-04-01,344.97,2006,1,2026-07-01,195,51,False,True
123806,2021-07-01,529.16,2006,1,2026-07-01,186,60,False,True
123807,2021-01-01,0.0,2006,1,2026-07-01,180,66,False,False
123808,2021-01-01,0.0,2006,1,2026-07-01,180,66,False,False
123809,2021-01-01,0.0,2006,1,2026-07-01,180,66,False,False
123810,2021-01-01,248.2,2006,1,2026-07-01,180,66,False,False
123811,2021-01-01,0.0,2006,1,2026-07-01,180,66,False,False
123812,2021-01-01,0.0,2006,1,2026-07-01,180,66,False,False
123813,2021-01-01,0.0,2006,1,2026-07-01,180,66,False,False
123836,2021-01-01,0.0,2006,1,2026-07-01,180,66,False,False
123837,2021-01-01,0.0,2006,1,2026-07-01,180,66,False,False
123838,2023-01-01,35.76,2006,1,2026-07-01,204,42,False,True
123839,2021-01-01,0.0,2006,1,2026-07-01,180,66,False,False
123840,2021-01-01,0.0,2006,1,2026-07-01,180,66,False,False
123841,2022-10-01,71.93,2006,1,2026-07-01,201,45,False,True
123842,2022-10-01,37.05,2006,1,2026-07-01,201,45,False,True
123843,2021-01-01,0.0,2006,1,2026-07-01,180,66,False,False
123844,2021-01-01,0.0,2006,1,2026-07-01,180,66,False,False
123845,2021-01-01,0.0,2006,1,2026-07-01,180,66,False,False
123846,2021-01-01,0.0,2006,1,2026-07-01,180,66,False,False
123847,2024-05-01,75.31,2006,1,2026-07-01,220,26,False,True
123848,2024-05-01,61.62,2006,1,2026-07-01,220,26,False,True
123849,2023-12-01,115.83,2006,1,2026-07-01,215,31,False,True
123850,2021-01-01,0.0,2006,1,2026-07-01,180,66,False,False
123851,2021-01-01,0.0,2006,1,2026-07-01,180,66,False,False
123852,2021-01-01,0.0,2006,1,2026-07-01,180,66,False,False
123853,2021-07-01,148.48,2006,1,2026-07-01,186,60,False,True
123854,2026-07-01,266.711,2006,1,2026-07-01,246,0,False,True
123855,2021-06-01,46.2,2006,1,2026-07-01,185,61,False,False
123856,2021-06-01,22.76,2006,1,2026-07-01,185,61,False,False
123857,2021-01-01,0.0,2006,1,2026-07-01,180,66,False,False
123858,2021-01-01,0.0,2006,1,2026-07-01,180,66,False,False
123859,2021-01-01,0.0,2006,1,2026-07-01,180,66,False,False
123860,2021-01-01,0.0,2006,1,2026-07-01,180,66,False,False
123861,2021-01-01,0.0,2006,1,2026-07-01,180,66,False,False
123862,2021-01-01,0.0,2006,1,2026-07-01,180,66,False,False
123863,2021-01-01,0.0,2006,1,2026-07-01,180,66,False,False
123864,2026-06-01,12.029,2006,1,2026-07-01,245,1,False,False
123865,2026-06-01,68.166,2006,1,2026-07-01,245,1,False,False
123866,2021-01-01,0.0,2006,1,2026-07-01,180,66,False,False
123867,2021-01-01,0.0,2006,1,2026-07-01,180,66,False,False
123868,2021-01-01,0.0,2006,1,2026-07-01,180,66,False,False
123869,2021-01-01,0.0,2006,1,2026-07-01,180,66,False,False
123870,2021-05-01,155.98,2006,1,2026-07-01,184,62,False,False
123871,2021-05-01,99.72,2006,1,2026-07-01,184,62,False,False
123872,2024-10-01,12.1,2006,1,2026-07-01,225,21,False,True
123873,2024-10-01,108.9,2006,1,2026-07-01,225,21,False,True
123874,2021-01-01,0.0,2006,1,2026-07-01,180,66,False,False
123875,2021-01-01,116.32,2006,1,2026-07-01,180,66,False,True
123876,2021-01-01,19.23,2006,1,2026-07-01,180,66,False,True
123877,2021-01-01,173.03,2006,1,2026-07-01,180,66,False,True
123878,2021-04-01,202.48,2006,1,2026-07-01,183,63,False,True
123879,2021-04-01,63.94,2006,1,2026-07-01,183,63,False,True
123880,2021-04-01,31.4,2006,1,2026-07-01,183,63,False,True
123881,2021-04-01,47.1,2006,1,2026-07-01,183,63,False,True
123882,2021-01-01,0.0,2006,1,2026-07-01,180,66,False,False
123883,2021-01-01,0.0,2006,1,2026-07-01,180,66,False,False
123884,2021-07-01,254.65,2006,1,2026-07-01,186,60,False,True
123885,2021-07-01,94.8,2006,1,2026-07-01,186,60,False,True
123886,2021-01-01,0.0,2006,1,2026-07-01,180,66,False,False
123887,2021-01-01,0.0,2006,1,2026-07-01,180,66,False,False
123888,2021-01-01,0.0,2006,1,2026-07-01,180,66,False,False
123889,2021-01-01,0.0,2006,1,2026-07-01,180,66,False,False
123890,2021-01-01,0.0,2006,1,2026-07-01,180,66,False,False
123891,2021-01-01,0.0,2006,1,2026-07-01,180,66,False,False
123892,2021-01-01,0.0,2006,1,2026-07-01,180,66,False,False
123893,2021-01-01,0.0,2006,1,2026-07-01,180,66,False,False
123894,2021-05-01,220.97,2006,1,2026-07-01,184,62,False,True
123895,2026-07-01,79.477,2006,1,2026-07-01,246,0,False,True
123896,2026-07-01,79.477,2006,1,2026-07-01,246,0,False,True
123897,2021-01-01,0.0,2006,1,2026-07-01,180,66,False,False
123898,2021-03-01,145.34,2006,1,2026-07-01,182,64,False,True
123899,2021-03-01,218.01,2006,1,2026-07-01,182,64,False,True
123900,2021-07-01,28.68,2006,1,2026-07-01,186,60,False,False
123901,2021-01-01,0.0,2006,1,2026-07-01,180,66,False,False
123902,2021-07-01,216.85,2006,1,2026-07-01,186,60,False,True
123903,2021-01-01,0.0,2006,1,2026-07-01,180,66,False,False
123904,2021-01-01,0.0,2006,1,2026-07-01,180,66,False,False
123905,2021-01-01,0.0,2006,1,2026-07-01,180,66,False,False
123906,2021-01-01,0.0,2006,1,2026-07-01,180,66,False,False
123907,2021-01-01,52.72,2006,1,2026-07-01,180,66,False,False
123908,2021-01-01,52.71,2006,1,2026-07-01,180,66,False,False
123909,2021-05-01,80.68,2006,1,2026-07-01,184,62,False,True
123910,2021-01-01,0.0,2006,1,2026-07-01,180,66,False,False
123911,2021-01-01,0.0,2006,1,2026-07-01,180,66,False,False
123912,2021-01-01,0.0,2006,1,2026-07-01,180,66,False,False
123913,2021-01-01,0.0,2006,1,2026-07-01,180,66,False,False
123914,2021-01-01,0.0,2006,1,2026-07-01,180,66,False,False
123915,2021-01-01,0.0,2006,1,2026-07-01,180,66,False,False
123916,2021-01-01,0.0,2006,1,2026-07-01,180,66,False,False
123917,2022-07-01,239.92,2006,1,2026-07-01,198,48,False,True
123918,2021-01-01,0.0,2006,1,2026-07-01,180,66,False,False
123919,2021-01-01,0.0,2006,1,2026-07-01,180,66,False,False
123920,2022-10-01,24.8,2006,1,2026-07-01,201,45,False,True
123921,2022-10-01,74.39,2006,1,2026-07-01,201,45,False,True
123922,2021-01-01,0.0,2006,1,2026-07-01,180,66,False,False
123923,2021-01-01,0.0,2006,1,2026-07-01,180,66,False,False
123924,2021-01-01,0.0,2006,1,2026-07-01,180,66,False,False
123925,2021-01-01,0.0,2006,1,2026-07-01,180,66,False,False
123926,2021-01-01,0.0,2006,1,2026-07-01,180,66,False,False
123927,2024-08-01,262.72,2006,1,2026-07-01,223,23,False,True
123928,2021-01-01,0.0,2006,1,2026-07-01,180,66,False,False
123929,2021-01-01,0.0,2006,1,2026-07-01,180,66,False,False
123930,2021-01-01,0.0,2006,1,2026-07-01,180,66,False,False
123931,2021-01-01,0.0,2006,1,2026-07-01,180,66,False,False
123932,2021-01-01,0.0,2006,1,2026-07-01,180,66,False,False
123933,2021-01-01,0.0,2006,1,2026-07-01,180,66,False,False
123934,2021-01-01,0.0,2006,1,2026-07-01,180,66,False,False
123935,2024-10-01,67.72,2006,1,2026-07-01,225,21,False,True
123936,2021-01-01,0.0,2006,1,2026-07-01,180,66,False,False
123937,2021-01-01,0.0,2006,1,2026-07-01,180,66,False,False
123938,2021-01-01,0.0,2006,1,2026-07-01,180,66,False,False
123939,2021-01-01,0.0,2006,1,2026-07-01,180,66,False,False
123940,2021-01-01,0.0,2006,1,2026-07-01,180,66,False,False
123941,2021-01-01,0.0,2006,1,2026-07-01,180,66,False,False
123942,2021-01-01,0.0,2006,1,2026-07-01,180,66,False,False
123943,2021-01-01,0.0,2006,1,2026-07-01,180,66,False,False
123944,2021-01-01,0.0,2006,1,2026-07-01,180,66,False,False
123945,2021-01-01,0.0,2006,1,2026-07-01,180,66,False,False
123946,2021-01-01,0.0,2006,1,2026-07-01,180,66,False,False
123947,2021-01-01,0.0,2006,1,2026-07-01,180,66,False,False
123948,2021-01-01,85.14,2006,1,2026-07-01,180,66,False,True
123949,2021-01-01,0.0,2006,1,2026-07-01,180,66,False,False
123950,2021-01-01,0.0,2006,1,2026-07-01,180,66,False,False
123951,2021-01-01,0.0,2006,1,2026-07-01,180,66,False,False
123952,2021-01-01,0.0,2006,1,2026-07-01,180,66,False,False
123953,2021-08-01,117.23,2006,1,2026-07-01,187,59,False,True
123954,2021-08-01,143.27,2006,1,2026-07-01,187,59,False,True
123955,2026-03-01,26.817,2006,1,2026-07-01,242,4,False,True
123956,2021-01-01,0.0,2006,1,2026-07-01,180,66,False,False
123957,2021-01-01,0.0,2006,1,2026-07-01,180,66,False,False
123958,2021-01-01,0.0,2006,1,2026-07-01,180,66,False,False
123959,2021-01-01,0.0,2006,1,2026-07-01,180,66,False,False
123960,2021-01-01,0.0,2006,1,2026-07-01,180,66,False,False
123961,2021-01-01,0.0,2006,1,2026-07-01,180,66,False,False
123962,2021-01-01,0.0,2006,1,2026-07-01,180,66,False,False
123963,2025-04-01,47.67636,2006,1,2026-07-01,231,15,False,True
123964,2025-04-01,16.75115,2006,1,2026-07-01,231,15,False,True
123965,2021-04-01,211.76,2006,1,2026-07-01,183,63,False,True
123966,2021-04-01,13.52,2006,1,2026-07-01,183,63,False,True
123967,2026-07-01,149.756,2006,1,2026-07-01,246,0,False,True
123968,2022-10-01,82.91,2006,1,2026-07-01,201,45,False,True
123969,2021-01-01,0.0,2006,1,2026-07-01,180,66,False,False
123970,2021-01-01,0.0,2006,1,2026-07-01,180,66,False,False
123971,2021-01-01,0.0,2006,1,2026-07-01,180,66,False,False
123972,2021-01-01,0.0,2006,1,2026-07-01,180,66,False,False
123973,2021-01-01,0.0,2006,1,2026-07-01,180,66,False,False
123974,2021-01-01,0.0,2006,1,2026-07-01,180,66,False,False
123975,2021-01-01,0.0,2006,1,2026-07-01,180,66,False,False
123976,2021-01-01,0.0,2006,1,2026-07-01,180,66,False,False
123977,2021-01-01,0.0,2006,1,2026-07-01,180,66,False,False
123978,2021-01-01,0.0,2006,1,2026-07-01,180,66,False,False
123979,2021-01-01,0.0,2006,1,2026-07-01,180,66,False,False
123980,2021-01-01,0.0,2006,1,2026-07-01,180,66,False,False
123981,2021-01-01,0.0,2006,1,2026-07-01,180,66,False,False
123982,2021-01-01,0.0,2006,1,2026-07-01,180,66,False,False
123983,2021-01-01,0.0,2006,1,2026-07-01,180,66,False,False
123984,2021-01-01,0.0,2006,1,2026-07-01,180,66,False,False
123985,2021-07-01,39.03,2006,1,2026-07-01,186,60,False,True
123986,2021-07-01,51.74,2006,1,2026-07-01,186,60,False,True
123987,2021-01-01,0.0,2006,1,2026-07-01,180,66,False,False
123988,2026-06-01,145.459,2006,1,2026-07-01,245,1,False,True
123989,2021-01-01,0.0,2006,1,2026-07-01,180,66,False,False
123990,2021-01-01,0.0,2006,1,2026-07-01,180,66,False,False
123991,2022-07-01,292.31,2006,1,2026-07-01,198,48,False,True
123992,2021-05-01,72.45,2006,1,2026-07-01,184,62,False,True
123993,2021-01-01,0.0,2006,1,2026-07-01,180,66,False,False
123994,2021-01-01,0.0,2006,1,2026-07-01,180,66,False,False
123995,2021-01-01,0.0,2006,1,2026-07-01,180,66,False,False
123996,2021-03-01,103.58,2006,1,2026-07-01,182,64,False,True
123997,2021-03-01,81.39,2006,1,2026-07-01,182,64,False,True
123998,2021-01-01,0.0,2006,1,2026-07-01,180,66,False,False
123999,2026-03-01,176.317,2006,1,2026-07-01,242,4,False,True
124000,2021-01-01,0.0,2006,1,2026-07-01,180,66,False,False
124001,2021-01-01,0.0,2006,1,2026-07-01,180,66,False,False
124002,2021-01-01,0.0,2006,1,2026-07-01,180,66,False,False
124003,2021-01-01,0.0,2006,1,2026-07-01,180,66,False,False
124004,2021-01-01,0.0,2006,1,2026-07-01,180,66,False,False
124005,2021-01-01,0.0,2006,1,2026-07-01,180,66,False,False
124006,2022-10-01,199.96,2006,1,2026-07-01,201,45,False,True
124007,2021-01-01,0.0,2006,1,2026-07-01,180,66,False,False
124008,2021-01-01,0.0,2006,1,2026-07-01,180,66,False,False
124009,2023-12-01,188.67,2006,1,2026-07-01,215,31,False,True
124010,2021-01-01,0.0,2006,1,2026-07-01,180,66,False,False
124011,2021-01-01,0.0,2006,1,2026-07-01,180,66,False,False
124012,2021-01-01,0.0,2006,1,2026-07-01,180,66,False,False
124013,2021-01-01,0.0,2006,1,2026-07-01,180,66,False,False
124014,2021-01-01,0.0,2006,1,2026-07-01,180,66,False,False
124015,2021-03-01,41.02,2006,1,2026-07-01,182,64,False,False
124016,2021-03-01,17.58,2006,1,2026-07-01,182,64,False,False
124017,2023-10-01,105.07,2006,1,2026-07-01,213,33,False,False
124018,2021-08-01,223.52,2006,1,2026-07-01,187,59,False,True
124019,2021-01-01,0.0,2006,1,2026-07-01,180,66,False,False
124020,2021-01-01,0.0,2006,1,2026-07-01,180,66,False,False
124021,2021-01-01,0.0,2006,1,2026-07-01,180,66,False,False
124022,2021-01-01,0.0,2006,1,2026-07-01,180,66,False,False
124023,2021-01-01,0.0,2006,1,2026-07-01,180,66,False,False
124024,2021-01-01,0.0,2006,1,2026-07-01,180,66,False,False
124025,2026-07-01,39.69,2006,1,2026-07-01,246,0,False,True
124026,2026-07-01,17.01,2006,1,2026-07-01,246,0,False,True
124027,2021-01-01,0.0,2006,1,2026-07-01,180,66,False,False
124028,2021-01-01,0.0,2006,1,2026-07-01,180,66,False,False
124029,2021-03-01,160.63,2006,1,2026-07-01,182,64,False,True
124030,2021-03-01,116.32,2006,1,2026-07-01,182,64,False,True
124031,2021-01-01,77.14,2006,1,2026-07-01,180,66,False,True
124032,2021-01-01,0.0,2006,1,2026-07-01,180,66,False,False
124033,2021-01-01,0.0,2006,1,2026-07-01,180,66,False,False
124034,2021-01-01,0.0,2006,1,2026-07-01,180,66,False,False
124035,2021-01-01,0.0,2006,1,2026-07-01,180,66,False,False
124036,2021-01-01,0.0,2006,1,2026-07-01,180,66,False,False
124037,2021-01-01,0.0,2006,1,2026-07-01,180,66,False,False
124038,2021-01-01,0.0,2006,1,2026-07-01,180,66,False,False
124039,2021-01-01,0.0,2006,1,2026-07-01,180,66,False,False
124040,2021-01-01,0.0,2006,1,2026-07-01,180,66,False,False
124041,2021-01-01,0.0,2006,1,2026-07-01,180,66,False,False
124042,2021-01-01,0.0,2006,1,2026-07-01,180,66,False,False
124043,2021-01-01,0.0,2006,1,2026-07-01,180,66,False,False
124044,2021-01-01,0.0,2006,1,2026-07-01,180,66,False,False
124045,2021-01-01,0.0,2006,1,2026-07-01,180,66,False,False
124046,2021-01-01,0.0,2006,1,2026-07-01,180,66,False,False
124047,2021-01-01,0.0,2006,1,2026-07-01,180,66,False,False
124048,2021-01-01,0.0,2006,1,2026-07-01,180,66,False,False
124049,2022-09-01,14.17,2006,1,2026-07-01,200,46,False,False
124050,2022-09-01,33.07,2006,1,2026-07-01,200,46,False,False
124051,2021-01-01,0.0,2006,1,2026-07-01,180,66,False,False
124052,2021-01-01,0.0,2006,1,2026-07-01,180,66,False,False
124053,2021-08-01,26.86,2006,1,2026-07-01,187,59,False,False
124054,2021-01-01,0.0,2006,1,2026-07-01,180,66,False,False
124055,2021-01-01,0.0,2006,1,2026-07-01,180,66,False,False
124056,2021-01-01,64.1,2006,1,2026-07-01,180,66,False,True
124057,2021-01-01,0.0,2006,1,2026-07-01,180,66,False,False
124058,2023-07-01,199.2,2006,1,2026-07-01,210,36,False,True
124059,2021-01-01,0.0,2006,1,2026-07-01,180,66,False,False
124060,2025-12-01,107.929,2006,1,2026-07-01,239,7,False,True
124061,2021-01-01,0.0,2006,1,2026-07-01,180,66,False,False
124062,2021-01-01,0.0,2006,1,2026-07-01,180,66,False,False
124063,2021-01-01,0.0,2006,1,2026-07-01,180,66,False,False
124064,2021-01-01,0.0,2006,1,2026-07-01,180,66,False,False
124065,2021-01-01,0.0,2006,1,2026-07-01,180,66,False,False
124066,2021-01-01,0.0,2006,1,2026-07-01,180,66,False,False
124067,2026-07-01,68.55,2006,1,2026-07-01,246,0,False,True
124068,2021-01-01,0.0,2006,1,2026-07-01,180,66,False,False
124069,2021-01-01,0.0,2006,1,2026-07-01,180,66,False,False
124070,2021-01-01,0.0,2006,1,2026-07-01,180,66,False,False
124071,2023-10-01,288.9,2006,1,2026-07-01,213,33,False,True
124072,2023-10-01,72.23,2006,1,2026-07-01,213,33,False,True
124073,2021-01-01,0.0,2006,1,2026-07-01,180,66,False,False
124074,2026-07-01,134.072,2006,1,2026-07-01,246,0,False,True
124075,2021-01-01,0.0,2006,1,2026-07-01,180,66,False,False
124076,2021-01-01,0.0,2006,1,2026-07-01,180,66,False,False
124077,2021-01-01,0.0,2006,1,2026-07-01,180,66,False,False
124078,2021-01-01,0.0,2006,1,2026-07-01,180,66,False,False
124079,2021-01-01,0.0,2006,1,2026-07-01,180,66,False,False
124080,2021-01-01,0.0,2006,1,2026-07-01,180,66,False,False
124081,2021-01-01,0.0,2006,1,2026-07-01,180,66,False,False
124082,2021-01-01,0.0,2006,1,2026-07-01,180,66,False,False
124083,2021-01-01,0.0,2006,1,2026-07-01,180,66,False,False
124084,2021-01-01,0.0,2006,1,2026-07-01,180,66,False,False
124085,2021-01-01,0.0,2006,1,2026-07-01,180,66,False,False
124086,2021-01-01,0.0,2006,1,2026-07-01,180,66,False,False
124087,2021-01-01,0.0,2006,1,2026-07-01,180,66,False,False
124088,2021-01-01,0.0,2006,1,2026-07-01,180,66,False,False
124089,2021-01-01,0.0,2006,1,2026-07-01,180,66,False,False
124090,2021-04-01,114.44,2006,1,2026-07-01,183,63,False,True
124091,2021-04-01,49.05,2006,1,2026-07-01,183,63,False,True
124092,2021-01-01,0.0,2006,1,2026-07-01,180,66,False,False
124093,2021-01-01,0.0,2006,1,2026-07-01,180,66,False,False
124094,2021-05-01,78.78,2006,1,2026-07-01,184,62,False,True
124095,2021-01-01,0.0,2006,1,2026-07-01,180,66,False,False
124096,2021-01-01,0.0,2006,1,2026-07-01,180,66,False,False
124097,2021-01-01,0.0,2006,1,2026-07-01,180,66,False,False
124098,2021-01-01,0.0,2006,1,2026-07-01,180,66,False,False
124099,2021-01-01,0.0,2006,1,2026-07-01,180,66,False,False
124100,2021-01-01,0.0,2006,1,2026-07-01,180,66,False,False
124101,2021-01-01,0.0,2006,1,2026-07-01,180,66,False,False
124102,2021-01-01,0.0,2006,1,2026-07-01,180,66,False,False
124103,2021-01-01,0.0,2006,1,2026-07-01,180,66,False,False
124104,2021-01-01,0.0,2006,1,2026-07-01,180,66,False,False
124105,2021-01-01,0.0,2006,1,2026-07-01,180,66,False,False
124106,2025-05-01,260.915,2006,1,2026-07-01,232,14,False,True
124107,2025-05-01,111.821,2006,1,2026-07-01,232,14,False,True
124108,2021-01-01,0.0,2006,1,2026-07-01,180,66,False,False
124109,2021-01-01,0.0,2006,1,2026-07-01,180,66,False,False
124110,2021-01-01,0.0,2006,1,2026-07-01,180,66,False,False
124111,2021-01-01,0.0,2006,1,2026-07-01,180,66,False,False
124112,2021-01-01,0.0,2006,1,2026-07-01,180,66,False,False
124113,2021-01-01,0.0,2006,1,2026-07-01,180,66,False,False
124114,2021-01-01,0.0,2006,1,2026-07-01,180,66,False,False
124115,2022-06-01,151.4,2006,1,2026-07-01,197,49,False,True
124116,2022-06-01,100.94,2006,1,2026-07-01,197,49,False,True
124117,2021-01-01,0.0,2006,1,2026-07-01,180,66,False,False
124118,2021-01-01,0.0,2006,1,2026-07-01,180,66,False,False
124119,2021-01-01,0.0,2006,1,2026-07-01,180,66,False,False
124120,2021-01-01,0.0,2006,1,2026-07-01,180,66,False,False
124121,2021-01-01,0.0,2006,1,2026-07-01,180,66,False,False
124122,2021-10-01,78.95,2006,1,2026-07-01,189,57,False,True
124123,2021-10-01,33.83,2006,1,2026-07-01,189,57,False,True
124124,2021-01-01,0.0,2006,1,2026-07-01,180,66,False,False
124125,2021-01-01,0.0,2006,1,2026-07-01,180,66,False,False
124126,2021-01-01,0.0,2006,1,2026-07-01,180,66,False,False
124127,2021-01-01,0.0,2006,1,2026-07-01,180,66,False,False
124128,2023-08-01,7.72,2006,1,2026-07-01,211,35,False,False
124129,2023-08-01,7.72,2006,1,2026-07-01,211,35,False,False
124130,2021-03-01,118.18,2006,1,2026-07-01,182,64,False,True
124131,2021-03-01,63.64,2006,1,2026-07-01,182,64,False,True
124132,2021-01-01,0.0,2006,1,2026-07-01,180,66,False,False
124133,2021-01-01,0.0,2006,1,2026-07-01,180,66,False,False
124134,2021-01-01,0.0,2006,1,2026-07-01,180,66,False,False
124135,2021-01-01,0.0,2006,1,2026-07-01,180,66,False,False
124136,2021-01-01,0.0,2006,1,2026-07-01,180,66,False,False
124137,2021-01-01,0.0,2006,1,2026-07-01,180,66,False,False
124138,2021-01-01,0.0,2006,1,2026-07-01,180,66,False,False
124139,2021-01-01,0.0,2006,1,2026-07-01,180,66,False,False
124140,2021-01-01,0.0,2006,1,2026-07-01,180,66,False,False
124141,2024-05-01,52.2,2006,1,2026-07-01,220,26,False,True
124142,2021-01-01,0.0,2006,1,2026-07-01,180,66,False,False
124143,2021-01-01,0.0,2006,1,2026-07-01,180,66,False,False
124144,2021-01-01,0.0,2006,1,2026-07-01,180,66,False,False
124145,2021-01-01,0.0,2006,1,2026-07-01,180,66,False,False
124146,2021-01-01,0.0,2006,1,2026-07-01,180,66,False,False
124147,2021-01-01,0.0,2006,1,2026-07-01,180,66,False,False
124148,2021-01-01,0.0,2006,1,2026-07-01,180,66,False,False
124149,2021-01-01,0.0,2006,1,2026-07-01,180,66,False,False
124150,2021-01-01,0.0,2006,1,2026-07-01,180,66,False,False
124151,2021-01-01,0.0,2006,1,2026-07-01,180,66,False,False
124152,2021-01-01,0.0,2006,1,2026-07-01,180,66,False,False
124153,2021-01-01,0.0,2006,1,2026-07-01,180,66,False,False
124154,2021-01-01,0.0,2006,1,2026-07-01,180,66,False,False
124155,2021-01-01,0.0,2006,1,2026-07-01,180,66,False,False
124156,2021-01-01,0.0,2006,1,2026-07-01,180,66,False,False
124157,2021-01-01,0.0,2006,1,2026-07-01,180,66,False,False
124158,2024-07-01,78.2,2006,1,2026-07-01,222,24,False,True
124159,2021-01-01,0.0,2006,1,2026-07-01,180,66,False,False
124160,2021-01-01,0.0,2006,1,2026-07-01,180,66,False,False
124161,2021-01-01,0.0,2006,1,2026-07-01,180,66,False,False
124162,2026-06-01,105.277,2006,1,2026-07-01,245,1,False,True
124163,2021-01-01,0.0,2006,1,2026-07-01,180,66,False,False
124164,2021-01-01,0.0,2006,1,2026-07-01,180,66,False,False
124165,2021-01-01,0.0,2006,1,2026-07-01,180,66,False,False
124166,2021-01-01,0.0,2006,1,2026-07-01,180,66,False,False
124167,2021-01-01,0.0,2006,1,2026-07-01,180,66,False,False
124168,2021-01-01,0.0,2006,1,2026-07-01,180,66,False,False
124169,2021-01-01,0.0,2006,1,2026-07-01,180,66,False,False
124170,2021-01-01,0.0,2006,1,2026-07-01,180,66,False,False
124171,2021-01-01,0.0,2006,1,2026-07-01,180,66,False,False
124172,2021-01-01,0.0,2006,1,2026-07-01,180,66,False,False
124173,2021-01-01,0.0,2006,1,2026-07-01,180,66,False,False
124174,2021-01-01,0.0,2006,1,2026-07-01,180,66,False,False
124175,2021-01-01,0.0,2006,1,2026-07-01,180,66,False,False
124176,2021-01-01,0.0,2006,1,2026-07-01,180,66,False,False
124177,2023-05-01,30.37,2006,1,2026-07-01,208,38,False,True
124178,2023-05-01,56.4,2006,1,2026-07-01,208,38,False,True
124179,2021-01-01,0.0,2006,1,2026-07-01,180,66,False,False
124180,2021-01-01,0.0,2006,1,2026-07-01,180,66,False,False
124181,2021-01-01,0.0,2006,1,2026-07-01,180,66,False,False
124182,2021-01-01,0.0,2006,1,2026-07-01,180,66,False,False
124183,2021-01-01,30.09,2006,1,2026-07-01,180,66,False,False
124184,2021-01-01,16.2,2006,1,2026-07-01,180,66,False,False
124185,2026-05-01,104.795,2006,1,2026-07-01,244,2,False,False
124186,2021-01-01,0.0,2006,1,2026-07-01,180,66,False,False
124187,2021-01-01,0.0,2006,1,2026-07-01,180,66,False,False
124188,2021-01-01,0.0,2006,1,2026-07-01,180,66,False,False
124189,2021-01-01,0.0,2006,1,2026-07-01,180,66,False,False
124190,2021-01-01,0.0,2006,1,2026-07-01,180,66,False,False
124191,2021-01-01,0.0,2006,1,2026-07-01,180,66,False,False
124192,2021-01-01,0.0,2006,1,2026-07-01,180,66,False,False
124193,2021-01-01,0.0,2006,1,2026-07-01,180,66,False,False
124194,2021-01-01,0.0,2006,1,2026-07-01,180,66,False,False
124195,2021-01-01,0.0,2006,1,2026-07-01,180,66,False,False
124196,2021-01-01,0.0,2006,1,2026-07-01,180,66,False,False
124197,2021-01-01,0.0,2006,1,2026-07-01,180,66,False,False
124198,2021-01-01,0.0,2006,1,2026-07-01,180,66,False,False
124199,2021-01-01,0.0,2006,1,2026-07-01,180,66,False,False
124200,2021-01-01,0.0,2006,1,2026-07-01,180,66,False,False
124201,2021-01-01,0.0,2006,1,2026-07-01,180,66,False,False
124202,2021-01-01,0.0,2006,1,2026-07-01,180,66,False,False
124203,2021-01-01,0.0,2006,1,2026-07-01,180,66,False,False
124204,2021-01-01,0.0,2006,1,2026-07-01,180,66,False,False
124205,2021-01-01,0.0,2006,1,2026-07-01,180,66,False,False
124206,2021-01-01,0.0,2006,1,2026-07-01,180,66,False,False
124207,2022-05-01,72.51,2006,1,2026-07-01,196,50,False,True
124208,2021-01-01,0.0,2006,1,2026-07-01,180,66,False,False
124209,2021-01-01,0.0,2006,1,2026-07-01,180,66,False,False
124210,2021-01-01,0.0,2006,1,2026-07-01,180,66,False,False
124211,2021-04-01,43.78,2006,1,2026-07-01,183,63,False,True
124212,2021-04-01,146.56,2006,1,2026-07-01,183,63,False,True
124213,2021-01-01,0.0,2006,1,2026-07-01,180,66,False,False
124214,2021-01-01,0.0,2006,1,2026-07-01,180,66,False,False
124215,2021-01-01,0.0,2006,1,2026-07-01,180,66,False,False
124216,2021-01-01,0.0,2006,1,2026-07-01,180,66,False,False
124217,2021-01-01,0.0,2006,1,2026-07-01,180,66,False,False
124218,2021-10-01,97.68,2006,1,2026-07-01,189,57,False,True
124219,2021-10-01,173.65,2006,1,2026-07-01,189,57,False,True
124220,2021-01-01,0.0,2006,1,2026-07-01,180,66,False,False
124221,2021-01-01,0.0,2006,1,2026-07-01,180,66,False,False
124222,2021-01-01,0.0,2006,1,2026-07-01,180,66,False,False
124223,2021-01-01,0.0,2006,1,2026-07-01,180,66,False,False
124224,2021-01-01,0.0,2006,1,2026-07-01,180,66,False,False
124225,2021-01-01,0.0,2006,1,2026-07-01,180,66,False,False
124226,2021-01-01,0.0,2006,1,2026-07-01,180,66,False,False
124227,2021-01-01,0.0,2006,1,2026-07-01,180,66,False,False
124228,2021-01-01,0.0,2006,1,2026-07-01,180,66,False,False
124229,2024-08-01,86.05,2006,1,2026-07-01,223,23,False,True
124230,2021-03-01,115.43,2006,1,2026-07-01,182,64,False,True
124231,2021-01-01,0.0,2006,1,2026-07-01,180,66,False,False
124232,2021-01-01,0.0,2006,1,2026-07-01,180,66,False,False
124233,2021-01-01,0.0,2006,1,2026-07-01,180,66,False,False
124234,2021-01-01,0.0,2006,1,2026-07-01,180,66,False,False
124235,2021-01-01,148.36,2006,1,2026-07-01,180,66,False,True
124236,2026-03-01,273.187,2006,1,2026-07-01,242,4,False,True
124237,2026-07-01,96.873,2006,1,2026-07-01,246,0,False,True
124238,2026-07-01,10.764,2006,1,2026-07-01,246,0,False,True
124239,2021-01-01,0.0,2006,1,2026-07-01,180,66,False,False
124240,2023-11-01,163.34,2006,1,2026-07-01,214,32,False,True
124241,2021-01-01,0.0,2006,1,2026-07-01,180,66,False,False
124242,2021-01-01,0.0,2006,1,2026-07-01,180,66,False,False
124243,2021-01-01,0.0,2006,1,2026-07-01,180,66,False,False
124244,2021-01-01,0.0,2006,1,2026-07-01,180,66,False,False
124245,2021-01-01,0.0,2006,1,2026-07-01,180,66,False,False
124246,2021-01-01,0.0,2006,1,2026-07-01,180,66,False,False
124247,2021-01-01,0.0,2006,1,2026-07-01,180,66,False,False
124248,2021-01-01,0.0,2006,1,2026-07-01,180,66,False,False
124249,2021-01-01,0.0,2006,1,2026-07-01,180,66,False,False
124250,2021-01-01,0.0,2006,1,2026-07-01,180,66,False,False
124251,2021-01-01,0.0,2006,1,2026-07-01,180,66,False,False
124252,2021-01-01,0.0,2006,1,2026-07-01,180,66,False,False
124253,2021-01-01,0.0,2006,1,2026-07-01,180,66,False,False
124254,2021-01-01,0.0,2006,1,2026-07-01,180,66,False,False
124255,2021-01-01,0.0,2006,1,2026-07-01,180,66,False,False
124256,2021-01-01,0.0,2006,1,2026-07-01,180,66,False,False
124257,2021-01-01,0.0,2006,1,2026-07-01,180,66,False,False
124258,2021-01-01,0.0,2006,1,2026-07-01,180,66,False,False
124259,2021-01-01,0.0,2006,1,2026-07-01,180,66,False,False
124260,2021-01-01,0.0,2006,1,2026-07-01,180,66,False,False
124261,2021-01-01,0.0,2006,1,2026-07-01,180,66,False,False
124262,2021-01-01,0.0,2006,1,2026-07-01,180,66,False,False
124263,2021-01-01,0.0,2006,1,2026-07-01,180,66,False,False
124264,2021-01-01,0.0,2006,1,2026-07-01,180,66,False,False
124265,2021-01-01,0.0,2006,1,2026-07-01,180,66,False,False
124266,2021-01-01,0.0,2006,1,2026-07-01,180,66,False,False
124267,2021-01-01,0.0,2006,1,2026-07-01,180,66,False,False
124268,2021-01-01,0.0,2006,1,2026-07-01,180,66,False,False
124269,2021-01-01,0.0,2006,1,2026-07-01,180,66,False,False
124270,2021-01-01,0.0,2006,1,2026-07-01,180,66,False,False
124271,2021-01-01,0.0,2006,1,2026-07-01,180,66,False,False
124272,2021-01-01,0.0,2006,1,2026-07-01,180,66,False,False
124273,2021-01-01,0.0,2006,1,2026-07-01,180,66,False,False
124274,2021-01-01,0.0,2006,1,2026-07-01,180,66,False,False
124275,2021-01-01,0.0,2006,1,2026-07-01,180,66,False,False
124276,2021-01-01,0.0,2006,1,2026-07-01,180,66,False,False
124277,2022-05-01,102.36,2006,1,2026-07-01,196,50,False,True
124278,2021-01-01,0.0,2006,1,2026-07-01,180,66,False,False
124279,2021-01-01,47.55,2006,1,2026-07-01,180,66,False,False
124280,2024-08-01,91.53,2006,1,2026-07-01,223,23,False,True
124281,2021-01-01,0.0,2006,1,2026-07-01,180,66,False,False
124282,2022-08-01,78.03,2006,1,2026-07-01,199,47,False,True
124283,2021-01-01,0.0,2006,1,2026-07-01,180,66,False,False
124284,2021-01-01,0.0,2006,1,2026-07-01,180,66,False,False
124285,2021-01-01,0.0,2006,1,2026-07-01,180,66,False,False
124286,2023-09-01,233.83,2006,1,2026-07-01,212,34,False,True
124287,2021-01-01,0.0,2006,1,2026-07-01,180,66,False,False
124288,2021-01-01,0.0,2006,1,2026-07-01,180,66,False,False
124289,2021-01-01,0.0,2006,1,2026-07-01,180,66,False,False
124290,2021-01-01,0.0,2006,1,2026-07-01,180,66,False,False
124291,2024-08-01,91.07,2006,1,2026-07-01,223,23,False,True
124292,2021-01-01,0.0,2006,1,2026-07-01,180,66,False,False
124293,2021-01-01,0.0,2006,1,2026-07-01,180,66,False,False
124294,2021-01-01,0.0,2006,1,2026-07-01,180,66,False,False
124295,2021-01-01,0.0,2006,1,2026-07-01,180,66,False,False
124296,2021-01-01,0.0,2006,1,2026-07-01,180,66,False,False
124297,2021-01-01,0.0,2006,1,2026-07-01,180,66,False,False
124298,2021-01-01,0.0,2006,1,2026-07-01,180,66,False,False
124299,2021-01-01,0.0,2006,1,2026-07-01,180,66,False,False
124300,2026-05-01,91.59,2006,1,2026-07-01,244,2,False,True
124301,2021-01-01,0.0,2006,1,2026-07-01,180,66,False,False
124302,2021-01-01,0.0,2006,1,2026-07-01,180,66,False,False
124303,2026-03-01,113.351,2006,1,2026-07-01,242,4,False,True
124304,2021-01-01,0.0,2006,1,2026-07-01,180,66,False,False
124305,2021-01-01,0.0,2006,1,2026-07-01,180,66,False,False
124306,2021-07-01,52.88,2006,1,2026-07-01,186,60,False,True
124307,2021-01-01,0.0,2006,1,2026-07-01,180,66,False,False
124308,2021-03-01,96.01,2006,1,2026-07-01,182,64,False,True
124309,2021-01-01,0.0,2006,1,2026-07-01,180,66,False,False
124310,2021-01-01,0.0,2006,1,2026-07-01,180,66,False,False
124311,2021-01-01,0.0,2006,1,2026-07-01,180,66,False,False
124312,2021-01-01,0.0,2006,1,2026-07-01,180,66,False,False
124313,2021-03-01,43.17,2006,1,2026-07-01,182,64,False,False
124314,2021-01-01,0.0,2006,1,2026-07-01,180,66,False,False
124315,2021-01-01,0.0,2006,1,2026-07-01,180,66,False,False
124316,2021-01-01,0.0,2006,1,2026-07-01,180,66,False,False
124317,2021-01-01,0.0,2006,1,2026-07-01,180,66,False,False
124318,2021-01-01,0.0,2006,1,2026-07-01,180,66,False,False
124319,2021-01-01,0.0,2006,1,2026-07-01,180,66,False,False
124320,2021-01-01,0.0,2006,1,2026-07-01,180,66,False,False
124321,2021-01-01,0.0,2006,1,2026-07-01,180,66,False,False
124322,2021-01-01,0.0,2006,1,2026-07-01,180,66,False,False
124323,2021-03-01,98.7,2006,1,2026-07-01,182,64,False,True
124324,2021-01-01,0.0,2006,1,2026-07-01,180,66,False,False
124325,2021-01-01,0.0,2006,1,2026-07-01,180,66,False,False
124326,2021-01-01,0.0,2006,1,2026-07-01,180,66,False,False
124327,2021-01-01,0.0,2006,1,2026-07-01,180,66,False,False
124328,2021-01-01,0.0,2006,1,2026-07-01,180,66,False,False
124329,2021-01-01,0.0,2006,1,2026-07-01,180,66,False,False
124330,2022-01-01,84.9,2006,1,2026-07-01,192,54,False,True
124331,2021-01-01,0.0,2006,1,2026-07-01,180,66,False,False
124332,2021-01-01,0.0,2006,1,2026-07-01,180,66,False,False
124333,2025-04-01,9.436135,2006,1,2026-07-01,231,15,False,False
124334,2021-01-01,0.0,2006,1,2026-07-01,180,66,False,False
124335,2021-01-01,0.0,2006,1,2026-07-01,180,66,False,False
124336,2021-06-01,34.57,2006,1,2026-07-01,185,61,False,False
124337,2021-01-01,0.0,2006,1,2026-07-01,180,66,False,False
124338,2022-01-01,98.73,2006,1,2026-07-01,192,54,False,True
124339,2022-01-01,8.59,2006,1,2026-07-01,192,54,False,True
124340,2021-03-01,78.56,2006,1,2026-07-01,182,64,False,True
124341,2021-03-01,64.28,2006,1,2026-07-01,182,64,False,True
124342,2021-01-01,0.0,2006,1,2026-07-01,180,66,False,False
124343,2021-01-01,0.0,2006,1,2026-07-01,180,66,False,False
124344,2021-01-01,0.0,2006,1,2026-07-01,180,66,False,False
124345,2021-01-01,0.0,2006,1,2026-07-01,180,66,False,False
124346,2026-06-01,30.166,2006,1,2026-07-01,245,1,False,True
124347,2026-06-01,47.182,2006,1,2026-07-01,245,1,False,True
124348,2021-01-01,0.0,2006,1,2026-07-01,180,66,False,False
124349,2021-01-01,0.0,2006,1,2026-07-01,180,66,False,False
124350,2021-01-01,0.0,2006,1,2026-07-01,180,66,False,False
124351,2021-01-01,0.0,2006,1,2026-07-01,180,66,False,False
124352,2021-01-01,0.0,2006,1,2026-07-01,180,66,False,False
124353,2024-10-01,7.86,2006,1,2026-07-01,225,21,False,True
124354,2024-10-01,90.38,2006,1,2026-07-01,225,21,False,True
124355,2021-01-01,0.0,2006,1,2026-07-01,180,66,False,False
124356,2021-01-01,0.0,2006,1,2026-07-01,180,66,False,False
124357,2021-01-01,0.0,2006,1,2026-07-01,180,66,False,False
124358,2021-01-01,0.0,2006,1,2026-07-01,180,66,False,False
124359,2021-01-01,0.0,2006,1,2026-07-01,180,66,False,False
124360,2021-01-01,0.0,2006,1,2026-07-01,180,66,False,False
124361,2022-01-01,316.97,2006,1,2026-07-01,192,54,False,True
124362,2021-01-01,0.0,2006,1,2026-07-01,180,66,False,False
124363,2021-01-01,0.0,2006,1,2026-07-01,180,66,False,False
124364,2021-01-01,0.0,2006,1,2026-07-01,180,66,False,False
124365,2025-12-01,42.333,2006,1,2026-07-01,239,7,False,True
124366,2025-12-01,42.333,2006,1,2026-07-01,239,7,False,True
124367,2024-12-01,136.25,2006,1,2026-07-01,227,19,False,True
124368,2021-01-01,0.0,2006,1,2026-07-01,180,66,False,False
124369,2021-01-01,0.0,2006,1,2026-07-01,180,66,False,False
124370,2021-01-01,0.0,2006,1,2026-07-01,180,66,False,False
124371,2021-10-01,82.61,2006,1,2026-07-01,189,57,False,True
124372,2021-01-01,0.0,2006,1,2026-07-01,180,66,False,False
124373,2021-01-01,0.0,2006,1,2026-07-01,180,66,False,False
124374,2021-01-01,0.0,2006,1,2026-07-01,180,66,False,False
124375,2021-01-01,0.0,2006,1,2026-07-01,180,66,False,False
124376,2021-01-01,0.0,2006,1,2026-07-01,180,66,False,False
124377,2021-01-01,0.0,2006,1,2026-07-01,180,66,False,False
124378,2021-01-01,0.0,2006,1,2026-07-01,180,66,False,False
124379,2021-01-01,0.0,2006,1,2026-07-01,180,66,False,False
124380,2025-01-01,239.89,2006,1,2026-07-01,228,18,False,True
124381,2021-01-01,0.0,2006,1,2026-07-01,180,66,False,False
124382,2021-01-01,0.0,2006,1,2026-07-01,180,66,False,False
124383,2024-10-01,75.82,2006,1,2026-07-01,225,21,False,False
124384,2021-01-01,0.0,2006,1,2026-07-01,180,66,False,False
124385,2021-01-01,0.0,2006,1,2026-07-01,180,66,False,False
124386,2021-01-01,0.0,2006,1,2026-07-01,180,66,False,False
124387,2021-01-01,0.0,2006,1,2026-07-01,180,66,False,False
124388,2021-01-01,0.0,2006,1,2026-07-01,180,66,False,False
124389,2023-08-01,66.55,2006,1,2026-07-01,211,35,False,True
124390,2021-01-01,0.0,2006,1,2026-07-01,180,66,False,False
124391,2024-05-01,290.01,2006,1,2026-07-01,220,26,False,True
124392,2021-01-01,0.0,2006,1,2026-07-01,180,66,False,False
124393,2021-01-01,0.0,2006,1,2026-07-01,180,66,False,False
124394,2021-01-01,0.0,2006,1,2026-07-01,180,66,False,False
124395,2021-01-01,0.0,2006,1,2026-07-01,180,66,False,False
124396,2021-01-01,0.0,2006,1,2026-07-01,180,66,False,False
124397,2021-01-01,0.0,2006,1,2026-07-01,180,66,False,False
124398,2021-01-01,0.0,2006,1,2026-07-01,180,66,False,False
124399,2026-01-01,95.06,2006,1,2026-07-01,240,6,False,True
124400,2022-08-01,40.35,2006,1,2026-07-01,199,47,False,True
124401,2022-08-01,1.68,2006,1,2026-07-01,199,47,False,True
124402,2021-05-01,128.2,2006,1,2026-07-01,184,62,False,True
124403,2021-01-01,0.0,2006,1,2026-07-01,180,66,False,False
124404,2021-01-01,0.0,2006,1,2026-07-01,180,66,False,False
124405,2021-01-01,0.0,2006,1,2026-07-01,180,66,False,False
124406,2021-01-01,0.0,2006,1,2026-07-01,180,66,False,False
124407,2022-10-01,79.67,2006,1,2026-07-01,201,45,False,True
124408,2021-01-01,0.0,2006,1,2026-07-01,180,66,False,False
124409,2021-01-01,0.0,2006,1,2026-07-01,180,66,False,False
124410,2021-01-01,0.0,2006,1,2026-07-01,180,66,False,False
124411,2021-01-01,0.0,2006,1,2026-07-01,180,66,False,False
124412,2021-01-01,0.0,2006,1,2026-07-01,180,66,False,False
124413,2021-01-01,0.0,2006,1,2026-07-01,180,66,False,False
124414,2021-01-01,0.0,2006,1,2026-07-01,180,66,False,False
124415,2021-01-01,0.0,2006,1,2026-07-01,180,66,False,False
124416,2021-01-01,0.0,2006,1,2026-07-01,180,66,False,False
124417,2021-01-01,0.0,2006,1,2026-07-01,180,66,False,False
124418,2021-01-01,0.0,2006,1,2026-07-01,180,66,False,False
124419,2021-01-01,0.0,2006,1,2026-07-01,180,66,False,False
124420,2026-01-01,152.777,2006,1,2026-07-01,240,6,False,True
124421,2021-01-01,0.0,2006,1,2026-07-01,180,66,False,False
124422,2021-01-01,0.0,2006,1,2026-07-01,180,66,False,False
124423,2021-01-01,0.0,2006,1,2026-07-01,180,66,False,False
124424,2021-08-01,156.51,2006,1,2026-07-01,187,59,False,True
124425,2021-01-01,0.0,2006,1,2026-07-01,180,66,False,False
124426,2021-01-01,0.0,2006,1,2026-07-01,180,66,False,False
124427,2021-01-01,0.0,2006,1,2026-07-01,180,66,False,False
124428,2021-01-01,0.0,2006,1,2026-07-01,180,66,False,False
124429,2021-01-01,0.0,2006,1,2026-07-01,180,66,False,False
124430,2021-01-01,0.0,2006,1,2026-07-01,180,66,False,False
124431,2021-01-01,0.0,2006,1,2026-07-01,180,66,False,False
124432,2021-01-01,0.0,2006,1,2026-07-01,180,66,False,False
124433,2021-01-01,0.0,2006,1,2026-07-01,180,66,False,False
124434,2021-01-01,0.0,2006,1,2026-07-01,180,66,False,False
124435,2021-01-01,0.0,2006,1,2026-07-01,180,66,False,False
124436,2021-01-01,0.0,2006,1,2026-07-01,180,66,False,False
124437,2021-01-01,0.0,2006,1,2026-07-01,180,66,False,False
124438,2022-10-01,155.14,2006,1,2026-07-01,201,45,False,True
124439,2021-01-01,0.0,2006,1,2026-07-01,180,66,False,False
124440,2021-01-01,0.0,2006,1,2026-07-01,180,66,False,False
124441,2021-01-01,0.0,2006,1,2026-07-01,180,66,False,False
124442,2021-01-01,0.0,2006,1,2026-07-01,180,66,False,False
124443,2021-01-01,0.0,2006,1,2026-07-01,180,66,False,False
124444,2021-01-01,0.0,2006,1,2026-07-01,180,66,False,False
124445,2021-01-01,0.0,2006,1,2026-07-01,180,66,False,False
124446,2021-01-01,0.0,2006,1,2026-07-01,180,66,False,False
124447,2021-01-01,0.0,2006,1,2026-07-01,180,66,False,False
124448,2021-01-01,0.0,2006,1,2026-07-01,180,66,False,False
124449,2021-01-01,0.0,2006,1,2026-07-01,180,66,False,False
124450,2021-01-01,0.0,2006,1,2026-07-01,180,66,False,False
124451,2021-01-01,0.0,2006,1,2026-07-01,180,66,False,False
124452,2021-01-01,0.0,2006,1,2026-07-01,180,66,False,False
124453,2021-01-01,0.0,2006,1,2026-07-01,180,66,False,False
124454,2021-01-01,0.0,2006,1,2026-07-01,180,66,False,False
124455,2021-01-01,0.0,2006,1,2026-07-01,180,66,False,False
124456,2021-01-01,0.0,2006,1,2026-07-01,180,66,False,False
124457,2021-01-01,0.0,2006,1,2026-07-01,180,66,False,False
124458,2022-09-01,42.0,2006,1,2026-07-01,200,46,False,True
124459,2023-08-01,107.82,2006,1,2026-07-01,211,35,False,True
124460,2021-01-01,0.0,2006,1,2026-07-01,180,66,False,False
124461,2021-01-01,0.0,2006,1,2026-07-01,180,66,False,False
124462,2021-01-01,0.0,2006,1,2026-07-01,180,66,False,False
124463,2021-01-01,0.0,2006,1,2026-07-01,180,66,False,False
124464,2021-01-01,0.0,2006,1,2026-07-01,180,66,False,False
124465,2021-01-01,0.0,2006,1,2026-07-01,180,66,False,False
124466,2021-01-01,0.0,2006,1,2026-07-01,180,66,False,False
124467,2021-01-01,0.0,2006,1,2026-07-01,180,66,False,False
124468,2021-01-01,0.0,2006,1,2026-07-01,180,66,False,False
124469,2021-01-01,0.0,2006,1,2026-07-01,180,66,False,False
124470,2021-01-01,0.0,2006,1,2026-07-01,180,66,False,False
124471,2021-01-01,0.0,2006,1,2026-07-01,180,66,False,False
124472,2021-01-01,0.0,2006,1,2026-07-01,180,66,False,False
124473,2022-05-01,98.08,2006,1,2026-07-01,196,50,False,True
124474,2022-05-01,182.16,2006,1,2026-07-01,196,50,False,True
124475,2021-01-01,0.0,2006,1,2026-07-01,180,66,False,False
124476,2021-01-01,113.33,2006,1,2026-07-01,180,66,False,True
124477,2021-01-01,26.58,2006,1,2026-07-01,180,66,False,True
124478,2021-01-01,0.0,2006,1,2026-07-01,180,66,False,False
124479,2021-01-01,0.0,2006,1,2026-07-01,180,66,False,False
124480,2021-08-01,93.65,2006,1,2026-07-01,187,59,False,True
124481,2021-01-01,0.0,2006,1,2026-07-01,180,66,False,False
124482,2021-01-01,0.0,2006,1,2026-07-01,180,66,False,False
124483,2021-01-01,0.0,2006,1,2026-07-01,180,66,False,False
124484,2021-01-01,0.0,2006,1,2026-07-01,180,66,False,False
124485,2021-01-01,0.0,2006,1,2026-07-01,180,66,False,False
124486,2021-01-01,0.0,2006,1,2026-07-01,180,66,False,False
124487,2021-01-01,0.0,2006,1,2026-07-01,180,66,False,False
124488,2021-01-01,0.0,2006,1,2026-07-01,180,66,False,False
124489,2021-01-01,0.0,2006,1,2026-07-01,180,66,False,False
124490,2021-01-01,0.0,2006,1,2026-07-01,180,66,False,False
124491,2021-01-01,0.0,2006,1,2026-07-01,180,66,False,False
124492,2021-01-01,0.0,2006,1,2026-07-01,180,66,False,False
124493,2021-01-01,0.0,2006,1,2026-07-01,180,66,False,False
124494,2021-01-01,0.0,2006,1,2026-07-01,180,66,False,False
124495,2021-01-01,0.0,2006,1,2026-07-01,180,66,False,False
124496,2021-01-01,0.0,2006,1,2026-07-01,180,66,False,False
124497,2021-01-01,0.0,2006,1,2026-07-01,180,66,False,False
124498,2021-01-01,0.0,2006,1,2026-07-01,180,66,False,False
124499,2023-09-01,22.5,2006,1,2026-07-01,212,34,False,True
124500,2023-09-01,36.72,2006,1,2026-07-01,212,34,False,True
124501,2021-01-01,0.0,2006,1,2026-07-01,180,66,False,False
124502,2021-01-01,0.0,2006,1,2026-07-01,180,66,False,False
124503,2021-01-01,0.0,2006,1,2026-07-01,180,66,False,False
124504,2021-01-01,0.0,2006,1,2026-07-01,180,66,False,False
124505,2021-01-01,0.0,2006,1,2026-07-01,180,66,False,False
124506,2021-01-01,0.0,2006,1,2026-07-01,180,66,False,False
124507,2021-01-01,0.0,2006,1,2026-07-01,180,66,False,False
124508,2021-01-01,0.0,2006,1,2026-07-01,180,66,False,False
124509,2021-01-01,0.0,2006,1,2026-07-01,180,66,False,False
124510,2021-01-01,0.0,2006,1,2026-07-01,180,66,False,False
124511,2021-01-01,0.0,2006,1,2026-07-01,180,66,False,False
124512,2021-01-01,0.0,2006,1,2026-07-01,180,66,False,False
124513,2021-01-01,0.0,2006,1,2026-07-01,180,66,False,False
124514,2021-01-01,0.0,2006,1,2026-07-01,180,66,False,False
124515,2021-01-01,0.0,2006,1,2026-07-01,180,66,False,False
124516,2021-01-01,0.0,2006,1,2026-07-01,180,66,False,False
124517,2021-01-01,0.0,2006,1,2026-07-01,180,66,False,False
124518,2021-01-01,0.0,2006,1,2026-07-01,180,66,False,False
124519,2021-01-01,0.0,2006,1,2026-07-01,180,66,False,False
124520,2021-01-01,0.0,2006,1,2026-07-01,180,66,False,False
124521,2021-01-01,0.0,2006,1,2026-07-01,180,66,False,False
124522,2021-01-01,0.0,2006,1,2026-07-01,180,66,False,False
124523,2021-01-01,0.0,2006,1,2026-07-01,180,66,False,False
124524,2025-10-01,198.138,2006,1,2026-07-01,237,9,False,True
124525,2021-01-01,0.0,2006,1,2026-07-01,180,66,False,False
124526,2022-01-01,97.65,2006,1,2026-07-01,192,54,False,True
124527,2021-01-01,0.0,2006,1,2026-07-01,180,66,False,False
124528,2021-01-01,0.0,2006,1,2026-07-01,180,66,False,False
124529,2021-01-01,0.0,2006,1,2026-07-01,180,66,False,False
124530,2021-01-01,0.0,2006,1,2026-07-01,180,66,False,False
124531,2021-01-01,0.0,2006,1,2026-07-01,180,66,False,False
124532,2021-01-01,0.0,2006,1,2026-07-01,180,66,False,False
124533,2021-01-01,0.0,2006,1,2026-07-01,180,66,False,False
124534,2021-01-01,0.0,2006,1,2026-07-01,180,66,False,False
124535,2021-01-01,0.0,2006,1,2026-07-01,180,66,False,False
124536,2021-01-01,0.0,2006,1,2026-07-01,180,66,False,False
124537,2026-05-01,129.202,2006,1,2026-07-01,244,2,False,True
124538,2021-01-01,0.0,2006,1,2026-07-01,180,66,False,False
124539,2021-01-01,0.0,2006,1,2026-07-01,180,66,False,False
124540,2021-12-01,108.49,2006,1,2026-07-01,191,55,False,False
124541,2021-01-01,0.0,2006,1,2026-07-01,180,66,False,False
124542,2021-01-01,0.0,2006,1,2026-07-01,180,66,False,False
124543,2021-01-01,0.0,2006,1,2026-07-01,180,66,False,False
124544,2021-01-01,0.0,2006,1,2026-07-01,180,66,False,False
124545,2024-08-01,82.34,2006,1,2026-07-01,223,23,False,True
124546,2021-01-01,0.0,2006,1,2026-07-01,180,66,False,False
124547,2021-01-01,0.0,2006,1,2026-07-01,180,66,False,False
124548,2021-01-01,0.0,2006,1,2026-07-01,180,66,False,False
124549,2025-05-01,50.076,2006,1,2026-07-01,232,14,False,True
124550,2021-01-01,0.0,2006,1,2026-07-01,180,66,False,False
124551,2021-03-01,157.54,2006,1,2026-07-01,182,64,False,True
124552,2021-01-01,0.0,2006,1,2026-07-01,180,66,False,False
124553,2025-04-01,157.4327,2006,1,2026-07-01,231,15,False,True
124554,2021-01-01,0.0,2006,1,2026-07-01,180,66,False,False
124555,2022-10-01,96.52,2006,1,2026-07-01,201,45,False,True
124556,2024-10-01,61.02,2006,1,2026-07-01,225,21,False,True
124557,2024-01-01,72.25,2006,1,2026-07-01,216,30,False,True
124558,2021-01-01,111.68,2006,1,2026-07-01,180,66,False,True
124559,2021-01-01,0.0,2006,1,2026-07-01,180,66,False,False
124560,2021-01-01,0.0,2006,1,2026-07-01,180,66,False,False
124561,2021-01-01,0.0,2006,1,2026-07-01,180,66,False,False
124562,2021-01-01,0.0,2006,1,2026-07-01,180,66,False,False
124563,2021-01-01,0.0,2006,1,2026-07-01,180,66,False,False
124564,2021-01-01,0.0,2006,1,2026-07-01,180,66,False,False
124565,2025-03-01,93.2,2006,1,2026-07-01,230,16,False,False
124566,2021-01-01,0.0,2006,1,2026-07-01,180,66,False,False
124567,2021-01-01,0.0,2006,1,2026-07-01,180,66,False,False
124568,2021-01-01,0.0,2006,1,2026-07-01,180,66,False,False
124569,2021-01-01,0.0,2006,1,2026-07-01,180,66,False,False
124570,2021-01-01,0.0,2006,1,2026-07-01,180,66,False,False
124571,2021-01-01,0.0,2006,1,2026-07-01,180,66,False,False
124572,2021-01-01,0.0,2006,1,2026-07-01,180,66,False,False
124573,2021-03-01,181.46,2006,1,2026-07-01,182,64,False,True
124574,2021-01-01,0.0,2006,1,2026-07-01,180,66,False,False
124575,2021-01-01,0.0,2006,1,2026-07-01,180,66,False,False
124576,2021-01-01,0.0,2006,1,2026-07-01,180,66,False,False
124577,2021-01-01,0.0,2006,1,2026-07-01,180,66,False,False
124578,2021-01-01,0.0,2006,1,2026-07-01,180,66,False,False
124579,2021-01-01,0.0,2006,1,2026-07-01,180,66,False,False
124580,2021-01-01,0.0,2006,1,2026-07-01,180,66,False,False
124581,2021-01-01,0.0,2006,1,2026-07-01,180,66,False,False
124582,2021-01-01,0.0,2006,1,2026-07-01,180,66,False,False
124583,2021-05-01,46.95,2006,1,2026-07-01,184,62,False,True
124584,2021-01-01,0.0,2006,1,2026-07-01,180,66,False,False
124585,2021-01-01,0.0,2006,1,2026-07-01,180,66,False,False
124586,2021-01-01,0.0,2006,1,2026-07-01,180,66,False,False
124587,2021-01-01,0.0,2006,1,2026-07-01,180,66,False,False
124588,2021-01-01,0.0,2006,1,2026-07-01,180,66,False,False
124589,2021-01-01,0.0,2006,1,2026-07-01,180,66,False,False
124590,2021-01-01,0.0,2006,1,2026-07-01,180,66,False,False
124591,2021-01-01,0.0,2006,1,2026-07-01,180,66,False,False
124592,2021-01-01,0.0,2006,1,2026-07-01,180,66,False,False
124593,2021-01-01,0.0,2006,1,2026-07-01,180,66,False,False
124594,2021-01-01,0.0,2006,1,2026-07-01,180,66,False,False
124598,2021-01-01,0.0,2006,1,2026-08-01,180,67,False,False
124599,2025-12-01,196.82,2006,1,2026-08-01,239,8,False,False
124619,2021-01-01,0.0,2006,1,2026-07-01,180,66,False,False
124624,2021-01-01,0.0,2006,1,2026-07-01,180,66,False,False
124627,2021-01-01,0.0,2006,1,2026-07-01,180,66,False,False
124633,2021-01-01,0.0,2006,1,2026-07-01,180,66,False,False
124637,2021-01-01,0.0,2006,1,2026-07-01,180,66,False,False
124642,2025-10-01,112.269,2006,1,2026-07-01,237,9,False,False
124653,2021-01-01,0.0,2006,1,2026-07-01,180,66,False,False
124665,2022-05-01,114.7,2006,1,2026-07-01,196,50,False,True
124672,2021-01-01,0.0,2006,1,2026-07-01,180,66,False,False
124695,2021-01-01,0.0,2006,1,2026-07-01,180,66,False,False
124699,2021-01-01,0.0,2006,1,2026-07-01,180,66,False,False
125141,2021-01-01,0.0,2006,1,2026-07-01,180,66,False,False
125148,2021-01-01,0.0,2006,1,2026-07-01,180,66,False,False
125166,2026-02-01,80.443,2006,1,2026-07-01,241,5,False,False
125167,2022-01-01,109.39,2006,1,2026-07-01,192,54,False,True
125168,2022-01-01,36.46,2006,1,2026-07-01,192,54,False,True
125179,2022-09-01,96.79,2006,1,2026-07-01,200,46,False,True
125183,2021-01-01,0.0,2006,1,2026-07-01,180,66,False,False
125184,2021-01-01,0.0,2006,1,2026-07-01,180,66,False,False
125185,2021-01-01,0.0,2006,1,2026-07-01,180,66,False,False
125232,2021-01-01,0.0,2006,1,2026-07-01,180,66,False,False
125241,2021-03-01,198.28,2006,1,2026-07-01,182,64,False,True
125242,2021-01-01,0.0,2006,1,2026-07-01,180,66,False,False
125252,2025-12-01,212.408,2006,1,2026-07-01,239,7,False,True
125262,2021-01-01,0.0,2006,1,2026-07-01,180,66,False,False
125379,2021-01-01,0.0,2006,1,2022-04-01,180,15,False,False
125400,2021-01-01,0.0,2006,1,2022-04-01,180,15,False,False
125401,2021-01-01,0.0,2006,1,2022-04-01,180,15,False,False
125402,2021-01-01,0.0,2006,1,2022-04-01,180,15,False,False
125638,2022-03-01,120.07,2007,1,2026-08-01,182,53,False,True
125749,2025-12-01,109.01,2007,1,2026-08-01,227,8,False,False
125797,2021-10-01,269.2693,2006,1,2026-07-01,189,57,False,False
125888,2026-05-01,205.407,2006,1,2026-07-01,244,2,False,True
125889,2026-03-01,124.885,2006,1,2026-07-01,242,4,False,True
125937,2021-01-01,0.0,2006,1,2026-07-01,180,66,False,False
125942,2021-01-01,0.0,2006,1,2026-07-01,180,66,False,False
125943,2021-01-01,0.0,2006,1,2026-07-01,180,66,False,False
125956,2022-04-01,267.1,2007,1,2026-08-01,183,52,False,False
126134,2021-01-01,0.0,2006,1,2026-07-01,180,66,False,False
126143,2021-03-01,152.08,2006,1,2026-07-01,182,64,False,True
126170,2022-08-01,301.77,2006,1,2026-07-01,199,47,False,True
126233,2022-06-01,54.46708,2006,1,2026-07-01,197,49,False,False
126362,2022-12-01,105.4176,2006,1,2026-07-01,203,43,False,True
126395,2021-01-01,0.0,2006,1,2026-07-01,180,66,False,False
126396,2025-10-01,96.618,2006,1,2026-07-01,237,9,False,False
126397,2021-01-01,0.0,2006,1,2026-07-01,180,66,False,False
126398,2021-01-01,0.0,2006,1,2026-07-01,180,66,False,False
126399,2022-05-01,101.48,2006,1,2026-07-01,196,50,False,True
126500,2021-01-01,330.458,2007,1,2026-07-01,168,66,False,True
126538,2021-01-01,0.0,2007,1,2026-07-01,168,66,False,False
126585,2021-01-01,0.0,2006,1,2026-07-01,180,66,False,False
126586,2021-01-01,0.0,2006,1,2026-07-01,180,66,False,False
126735,2021-01-01,0.0,2006,1,2026-07-01,180,66,False,False
126803,2021-07-01,430.91,2007,1,2026-08-01,174,61,False,False
126966,2021-01-01,0.0,2007,1,2026-07-01,168,66,False,False
127170,2021-01-01,0.0,2006,1,2026-07-01,180,66,False,False
127396,2021-03-01,7.0,2006,1,2026-07-01,182,64,False,False
127417,2021-10-01,121.85,2007,1,2026-07-01,177,57,False,False
127418,2021-01-01,0.0,2007,1,2026-07-01,168,66,False,False
127515,2021-01-01,0.0,2006,1,2026-07-01,180,66,False,False
127531,2021-01-01,0.0,2006,1,2026-07-01,180,66,False,False
127558,2021-01-01,0.0,2007,1,2026-07-01,168,66,False,False
127611,2021-11-01,214.39,2007,1,2026-08-01,178,57,False,True
127957,2021-05-01,362.447,2007,1,2026-07-01,172,62,False,False
128068,2021-09-01,260.83,2007,1,2026-08-01,176,59,False,True
129033,2021-01-01,0.0,2008,1,2026-08-01,156,67,False,False
129056,2021-01-01,0.0,2008,1,2026-07-01,156,66,False,False
129057,2021-01-01,0.0,2008,1,2026-07-01,156,66,False,False
129179,2022-05-01,154.1249,2008,1,2026-07-01,172,50,False,False
129387,2021-01-01,0.0,2006,1,2026-07-01,180,66,False,False
129588,2022-07-01,64.49683,2008,1,2026-07-01,174,48,False,False
129613,2021-01-01,0.0,2006,1,2026-07-01,180,66,False,False
129685,2021-01-01,202.73,2008,1,2026-08-01,156,67,False,False
129743,2021-01-01,0.0,2006,1,2026-07-01,180,66,False,False
129877,2022-03-01,176.7065,2008,1,2026-07-01,170,52,False,True
130012,2021-01-01,0.0,2006,1,2026-07-01,180,66,False,False
130018,2021-01-01,0.0,2006,1,2026-07-01,180,66,False,False
130124,2021-01-01,0.0,2006,1,2026-07-01,180,66,False,False
130125,2021-01-01,0.0,2006,1,2026-07-01,180,66,False,False
130126,2021-01-01,0.0,2006,1,2026-07-01,180,66,False,False
130176,2023-08-01,328.3786,2008,1,2026-07-01,187,35,False,True
130177,2021-12-01,72.93061,2008,1,2026-07-01,167,55,False,False
130223,2021-01-01,0.0,2008,1,2026-08-01,156,67,False,False
130337,2021-01-01,0.0,2006,1,2026-07-01,180,66,False,False
130466,2021-01-01,0.0,2006,1,2026-07-01,180,66,False,False
130467,2021-01-01,123.55,2006,1,2026-07-01,180,66,False,True
130570,2023-03-01,258.58,2008,1,2026-08-01,182,41,False,False
130803,2021-01-01,0.0,2008,1,2026-07-01,156,66,False,False
130875,2021-05-01,250.52,2006,1,2026-07-01,184,62,False,True
130878,2021-01-01,0.0,2006,1,2026-07-01,180,66,False,False
131085,2023-05-01,111.9684,2008,1,2026-07-01,184,38,False,True
131100,2026-01-01,436.294,2006,1,2026-07-01,240,6,False,True
131101,2021-01-01,0.0,2006,1,2026-07-01,180,66,False,False
131156,2022-09-01,76.439,2008,1,2026-08-01,176,47,False,False
131323,2021-01-01,0.0,2008,1,2026-07-01,156,66,False,False
131332,2021-01-01,0.0,2008,1,2026-07-01,156,66,False,False
131595,2022-07-01,103.92,2006,1,2026-07-01,198,48,False,True
131596,2021-08-01,91.11,2006,1,2026-07-01,187,59,False,True
131597,2021-08-01,10.12,2006,1,2026-07-01,187,59,False,True
131774,2021-01-01,0.0,2006,1,2026-07-01,180,66,False,False
131775,2021-01-01,0.0,2006,1,2026-07-01,180,66,False,False
131879,2021-02-01,284.56,2009,1,2026-08-01,145,66,False,True
131880,2021-01-01,0.0,2009,1,2026-08-01,144,67,False,False
131944,2021-03-01,290.33,2006,1,2026-07-01,182,64,False,True
132242,2021-01-01,0.0,2006,1,2026-07-01,180,66,False,False
132583,2021-03-01,62.99,2006,1,2026-07-01,182,64,False,False
132723,2026-03-01,62.573,2006,1,2026-07-01,242,4,False,True
132834,2021-01-01,0.0,2006,1,2026-07-01,180,66,False,False
132835,2021-01-01,0.0,2006,1,2026-07-01,180,66,False,False
132993,2022-06-01,462.17,2006,1,2026-07-01,197,49,False,True
133043,2023-10-01,92.45,2009,1,2026-08-01,177,34,False,False
133097,2021-01-01,185.55,2006,1,2026-07-01,180,66,False,True
133099,2021-01-01,0.0,2006,1,2026-07-01,180,66,False,False
133123,2023-08-01,55.07,2009,1,2026-08-01,175,36,False,True
133290,2025-07-01,352.771,2006,1,2026-07-01,234,12,False,True
133291,2021-05-01,50.14,2006,1,2026-07-01,184,62,False,False
133295,2021-01-01,0.0,2006,1,2026-07-01,180,66,False,False
133329,2021-05-01,262.66,2009,1,2026-08-01,148,63,False,False
133330,2021-10-01,631.78,2009,1,2026-08-01,153,58,False,True
133378,2024-08-01,75.89,2006,1,2026-07-01,223,23,False,True
133379,2021-03-01,209.71,2006,1,2026-07-01,182,64,False,False
133529,2022-03-01,216.67,2006,1,2026-07-01,194,52,False,True
133530,2021-01-01,0.91,2006,1,2026-07-01,180,66,False,True
133570,2021-01-01,0.0,2010,1,2026-08-01,132,67,False,False
133670,2021-01-01,0.0,2006,1,2026-07-01,180,66,False,False
133671,2021-01-01,0.0,2006,1,2026-07-01,180,66,False,False
133672,2025-05-01,19.956,2006,1,2026-07-01,232,14,False,False
133673,2021-10-01,98.91,2006,1,2026-07-01,189,57,False,False
133720,2021-11-01,625.84,2010,1,2026-08-01,142,57,False,False
133806,2021-01-01,0.0,2006,1,2026-07-01,180,66,False,False
133825,2021-01-01,0.0,2006,1,2026-07-01,180,66,False,False
133826,2024-01-01,206.91,2006,1,2026-07-01,216,30,False,True
133848,2021-08-01,152.05,2010,1,2026-08-01,139,60,False,False
133922,2021-01-01,0.0,2006,1,2026-07-01,180,66,False,False
133930,2026-05-01,32.819,2006,1,2026-07-01,244,2,False,True
134136,2021-01-01,0.0,2006,1,2026-07-01,180,66,False,False
134137,2021-04-01,139.0,2006,1,2026-07-01,183,63,False,False
134138,2021-01-01,0.0,2006,1,2026-07-01,180,66,False,False
134139,2024-07-01,90.47,2006,1,2026-07-01,222,24,False,True
134140,2021-01-01,0.0,2006,1,2026-07-01,180,66,False,False
134141,2021-01-01,0.0,2006,1,2026-07-01,180,66,False,False
134278,2021-01-01,0.0,2006,1,2026-07-01,180,66,False,False
134279,2021-01-01,0.0,2006,1,2026-07-01,180,66,False,False
134290,2021-01-01,0.0,2006,1,2026-07-01,180,66,False,False
134291,2022-06-01,550.29,2006,1,2026-07-01,197,49,False,True
134292,2022-10-01,148.54,2006,1,2026-07-01,201,45,False,True
134297,2021-01-01,0.0,2006,1,2026-07-01,180,66,False,False
134302,2021-01-01,16.48,2006,1,2026-07-01,180,66,False,True
134330,2021-08-01,260.4,2010,1,2026-08-01,139,60,False,True
134381,2021-08-01,113.83,2006,1,2026-07-01,187,59,False,True
134382,2023-07-01,56.73,2006,1,2026-07-01,210,36,False,True
134388,2021-01-01,0.0,2006,1,2026-07-01,180,66,False,False
134389,2021-01-01,0.0,2006,1,2026-07-01,180,66,False,False
134390,2023-01-01,233.53,2006,1,2026-07-01,204,42,False,True
134392,2024-06-01,111.81,2006,1,2026-07-01,221,25,False,True
134393,2021-01-01,0.0,2006,1,2026-07-01,180,66,False,False
134398,2021-01-01,0.0,2006,1,2026-07-01,180,66,False,False
134399,2021-01-01,0.0,2006,1,2026-07-01,180,66,False,False
134531,2022-06-01,278.14,2006,1,2026-07-01,197,49,False,True
134532,2021-10-01,82.6,2006,1,2026-07-01,189,57,False,False
134534,2021-05-01,110.24,2006,1,2026-07-01,184,62,False,True
134536,2024-03-01,98.72,2006,1,2026-07-01,218,28,False,True
134556,2021-01-01,0.0,2006,1,2026-07-01,180,66,False,False
134689,2023-08-01,357.93,2006,1,2026-07-01,211,35,False,True
134690,2025-05-01,561.654,2006,1,2026-07-01,232,14,False,True
134691,2025-03-01,121.75,2006,1,2026-07-01,230,16,False,True
134692,2021-01-01,0.0,2006,1,2026-07-01,180,66,False,False
134694,2022-10-01,93.93,2006,1,2026-07-01,201,45,False,True
134860,2021-01-01,0.0,2006,1,2026-07-01,180,66,False,False
134861,2021-03-01,30.76,2006,1,2026-07-01,182,64,False,True
134862,2025-05-01,445.677,2006,1,2026-07-01,232,14,False,True
134863,2021-03-01,68.56,2006,1,2026-07-01,182,64,False,True
134868,2021-01-01,0.0,2006,1,2026-07-01,180,66,False,False
134869,2021-01-01,0.0,2006,1,2026-07-01,180,66,False,False
134870,2021-01-01,0.0,2006,1,2026-07-01,180,66,False,False
134975,2021-01-01,0.0,2006,1,2026-07-01,180,66,False,False
134976,2021-01-01,0.0,2006,1,2026-07-01,180,66,False,False
134977,2022-04-01,264.32,2006,1,2026-07-01,195,51,False,True
135127,2021-01-01,0.0,2006,1,2026-07-01,180,66,False,False
135128,2021-01-01,0.0,2006,1,2026-07-01,180,66,False,False
135140,2021-01-01,0.0,2006,1,2026-07-01,180,66,False,False
135141,2021-01-01,0.0,2006,1,2026-07-01,180,66,False,False
135237,2021-05-01,298.3,2006,1,2026-07-01,184,62,False,True
135238,2021-01-01,0.0,2006,1,2026-07-01,180,66,False,False
135258,2023-12-01,41.85137,2010,1,2026-07-01,167,31,False,False
135326,2021-11-01,205.57,2011,1,2026-08-01,130,57,False,False
135486,2021-01-01,0.0,2006,1,2026-07-01,180,66,False,False
135487,2022-05-01,172.29,2006,1,2026-07-01,196,50,False,True
135588,2021-10-01,365.09,2011,1,2026-08-01,129,58,False,False
135636,2021-01-01,87.92,2006,1,2026-07-01,180,66,False,True
135637,2021-01-01,0.0,2006,1,2026-07-01,180,66,False,False
135640,2021-01-01,0.0,2006,1,2026-07-01,180,66,False,False
135702,2021-01-01,0.0,2011,1,2026-07-01,120,66,False,False
135703,2021-01-01,0.0,2011,1,2026-07-01,120,66,False,False
135704,2021-01-01,0.0,2011,1,2026-07-01,120,66,False,False
135705,2021-01-01,0.0,2011,1,2026-07-01,120,66,False,False
135706,2021-01-01,0.0,2011,1,2026-07-01,120,66,False,False
135707,2021-01-01,0.0,2011,1,2026-07-01,120,66,False,False
135708,2021-01-01,0.0,2011,1,2026-07-01,120,66,False,False
135709,2021-01-01,0.0,2011,1,2026-07-01,120,66,False,False
135711,2021-01-01,0.0,2011,1,2026-07-01,120,66,False,False
135712,2021-01-01,0.0,2011,1,2026-07-01,120,66,False,False
135713,2021-01-01,0.0,2011,1,2026-07-01,120,66,False,False
135715,2021-01-01,0.0,2011,1,2026-07-01,120,66,False,False
135717,2021-01-01,0.0,2011,1,2026-07-01,120,66,False,False
135724,2021-01-01,0.0,2011,1,2026-07-01,120,66,False,False
135725,2021-01-01,0.0,2011,1,2026-07-01,120,66,False,False
135726,2021-01-01,0.0,2011,1,2026-07-01,120,66,False,False
135729,2021-01-01,0.0,2011,1,2026-07-01,120,66,False,False
135732,2021-01-01,0.0,2011,1,2026-07-01,120,66,False,False
135733,2021-01-01,0.0,2011,1,2026-07-01,120,66,False,False
135737,2021-01-01,0.0,2011,1,2026-07-01,120,66,False,False
135738,2021-01-01,0.0,2011,1,2026-07-01,120,66,False,False
135739,2021-01-01,0.0,2011,1,2026-07-01,120,66,False,False
135740,2021-01-01,0.0,2011,1,2026-07-01,120,66,False,False
135741,2021-01-01,0.0,2011,1,2026-07-01,120,66,False,False
135742,2021-01-01,0.0,2011,1,2026-07-01,120,66,False,False
135744,2021-01-01,0.0,2011,1,2026-07-01,120,66,False,False
135745,2021-01-01,0.0,2011,1,2026-07-01,120,66,False,False
135746,2021-01-01,0.0,2011,1,2026-07-01,120,66,False,False
135747,2021-01-01,0.0,2011,1,2026-07-01,120,66,False,False
135750,2021-01-01,0.0,2011,1,2026-07-01,120,66,False,False
135753,2021-01-01,0.0,2011,1,2026-07-01,120,66,False,False
135756,2021-01-01,0.0,2011,1,2026-07-01,120,66,False,False
135759,2021-01-01,0.0,2011,1,2026-07-01,120,66,False,False
135760,2021-01-01,0.0,2011,1,2026-07-01,120,66,False,False
135761,2021-01-01,0.0,2011,1,2026-07-01,120,66,False,False
135762,2021-01-01,0.0,2011,1,2026-07-01,120,66,False,False
135764,2021-01-01,0.0,2011,1,2026-07-01,120,66,False,False
135766,2021-01-01,0.0,2011,1,2026-08-01,120,67,False,False
135795,2021-05-01,136.49,2006,1,2026-07-01,184,62,False,True
135796,2021-01-01,0.0,2006,1,2026-07-01,180,66,False,False
135797,2022-11-01,68.41,2006,1,2026-07-01,202,44,False,True
135798,2021-05-01,121.11,2006,1,2026-07-01,184,62,False,True
135799,2022-05-01,40.92,2006,1,2026-07-01,196,50,False,True
135800,2022-05-01,34.21,2006,1,2026-07-01,196,50,False,False
135807,2021-01-01,0.0,2006,1,2026-07-01,180,66,False,False
135808,2021-01-01,0.0,2006,1,2026-07-01,180,66,False,False
135920,2024-02-01,184.84,2011,1,2026-08-01,157,30,False,False
135937,2021-05-01,53.8,2006,1,2026-07-01,184,62,False,True
135938,2021-07-01,73.26,2006,1,2026-07-01,186,60,False,True
136048,2021-01-01,0.0,2006,1,2026-07-01,180,66,False,False
136049,2021-01-01,0.0,2006,1,2026-07-01,180,66,False,False
136056,2021-01-01,0.0,2006,1,2026-07-01,180,66,False,False
136086,2025-12-01,291.48,2011,1,2026-08-01,179,8,False,False
136145,2021-01-01,0.0,2011,1,2026-07-01,120,66,False,False
136192,2021-01-01,0.0,2006,1,2026-07-01,180,66,False,False
136208,2024-12-01,45.58,2006,1,2026-07-01,227,19,False,True
136209,2024-12-01,17.73,2006,1,2026-07-01,227,19,False,True
136210,2025-04-01,215.8162,2006,1,2026-07-01,231,15,False,True
136284,2021-01-01,0.0,2011,1,2026-07-01,120,66,False,False
136309,2021-11-01,326.6,2011,1,2026-08-01,130,57,False,True
136310,2024-06-01,131.12,2011,1,2026-08-01,161,26,False,False
136311,2021-01-01,0.0,2011,1,2026-08-01,120,67,False,False
136383,2021-01-01,0.0,2006,1,2022-04-01,180,15,False,False
136384,2025-12-01,173.128,2006,1,2026-07-01,239,7,False,True
136385,2021-01-01,0.0,2006,1,2026-07-01,180,66,False,False
136386,2021-01-01,0.0,2006,1,2026-07-01,180,66,False,False
136387,2021-01-01,0.0,2006,1,2022-04-01,180,15,False,False
136388,2021-01-01,0.0,2006,1,2022-04-01,180,15,False,False
136406,2021-01-01,0.0,2006,1,2022-04-01,180,15,False,False
136447,2023-02-01,86.67,2011,1,2026-08-01,145,42,False,False
136456,2021-01-01,0.0,2006,1,2022-04-01,180,15,False,False
136582,2023-07-01,88.99,2011,1,2026-08-01,150,37,False,False
136590,2022-01-01,81.27,2006,1,2026-07-01,192,54,False,True
136733,2024-08-01,52.89,2006,1,2026-07-01,223,23,False,True
136741,2021-01-01,0.0,2006,1,2026-07-01,180,66,False,False
136816,2021-01-01,103.0618,2011,1,2026-08-01,120,67,False,True
136817,2024-04-01,128.84,2011,1,2026-08-01,159,28,False,False
136858,2021-01-01,33.606,2011,1,2026-07-01,120,66,False,False
136904,2022-02-01,19.98,2006,1,2026-07-01,193,53,False,False
136918,2021-10-01,579.06,2011,1,2026-08-01,129,58,False,True
137098,2021-07-01,217.74,2006,1,2026-07-01,186,60,False,True
137099,2023-12-01,92.75,2006,1,2026-07-01,215,31,False,True
137230,2022-01-01,157.19,2006,1,2026-07-01,192,54,False,True
137231,2021-01-01,0.0,2006,1,2026-07-01,180,66,False,False
137384,2021-12-01,193.92,2006,1,2026-07-01,191,55,False,True
137385,2021-04-01,69.72,2006,1,2026-07-01,183,63,False,False
137462,2021-01-01,0.0,2006,1,2026-07-01,180,66,False,False
137465,2021-01-01,0.0,2006,1,2026-07-01,180,66,False,False
137466,2021-01-01,0.0,2006,1,2026-07-01,180,66,False,False
137467,2021-01-01,0.0,2006,1,2026-07-01,180,66,False,False
137468,2021-01-01,0.0,2006,1,2026-07-01,180,66,False,False
137603,2021-10-01,66.2,2006,1,2026-07-01,189,57,False,False
137604,2022-06-01,280.89,2006,1,2026-07-01,197,49,False,False
137639,2021-01-01,0.0,2006,1,2026-07-01,180,66,False,False
137724,2025-08-01,38.782,2006,1,2026-07-01,235,11,False,False
137725,2021-07-01,235.59,2006,1,2026-07-01,186,60,False,True
137726,2021-01-01,0.0,2006,1,2026-07-01,180,66,False,False
137727,2022-04-01,0.38,2006,1,2026-07-01,195,51,False,False
137728,2021-01-01,0.0,2006,1,2026-07-01,180,66,False,False
137729,2021-01-01,0.0,2006,1,2026-07-01,180,66,False,False
137730,2021-01-01,0.0,2006,1,2026-07-01,180,66,False,False
137731,2021-01-01,92.4,2006,1,2026-07-01,180,66,False,True
137732,2021-01-01,13.29,2006,1,2026-07-01,180,66,False,False
137733,2021-01-01,89.72,2006,1,2026-07-01,180,66,False,True
137734,2021-01-01,0.0,2006,1,2026-07-01,180,66,False,False
137735,2021-08-01,126.21,2006,1,2026-07-01,187,59,False,False
143714,2021-01-01,0.0,2006,1,2026-07-01,180,66,False,False
143715,2021-01-01,0.0,2006,1,2026-07-01,180,66,False,False
143717,2021-01-01,0.0,2006,1,2026-07-01,180,66,False,False
143718,2021-01-01,0.0,2006,1,2026-07-01,180,66,False,False
143848,2021-01-01,0.0,2006,1,2026-07-01,180,66,False,False
143862,2021-01-01,0.0,2006,1,2026-07-01,180,66,False,False
143863,2026-05-01,139.186,2006,1,2026-07-01,244,2,False,True
144009,2021-01-01,0.0,2006,1,2026-07-01,180,66,False,False
144010,2021-01-01,0.0,2006,1,2026-07-01,180,66,False,False
144011,2021-01-01,0.0,2006,1,2026-07-01,180,66,False,False
144014,2021-03-01,40.01,2006,1,2026-07-01,182,64,False,True
144015,2021-01-01,222.17,2006,1,2026-07-01,180,66,False,True
144016,2023-04-01,152.78,2006,1,2026-07-01,207,39,False,True
144017,2021-01-01,0.0,2006,1,2026-07-01,180,66,False,False
144119,2021-07-01,38.31,2006,1,2026-07-01,186,60,False,True
144120,2021-05-01,173.54,2006,1,2026-07-01,184,62,False,True
144121,2021-07-01,59.9,2006,1,2026-07-01,186,60,False,True
144248,2023-01-01,146.34,2006,1,2026-07-01,204,42,False,True
144249,2021-07-01,39.51,2006,1,2026-07-01,186,60,False,True
144250,2021-01-01,0.0,2006,1,2026-07-01,180,66,False,False
144251,2021-08-01,204.97,2006,1,2026-07-01,187,59,False,True
144252,2021-01-01,0.0,2006,1,2026-07-01,180,66,False,False
144366,2026-05-01,60.95,2006,1,2026-07-01,244,2,False,True
144367,2021-01-01,0.0,2006,1,2026-07-01,180,66,False,False
144368,2021-01-01,0.0,2006,1,2026-07-01,180,66,False,False
144369,2021-07-01,150.71,2006,1,2026-07-01,186,60,False,True
144370,2021-01-01,0.0,2006,1,2026-07-01,180,66,False,False
144502,2021-01-01,0.0,2006,1,2026-07-01,180,66,False,False
144503,2021-01-01,0.0,2006,1,2026-07-01,180,66,False,False
144504,2021-01-01,0.0,2006,1,2026-07-01,180,66,False,False
144505,2021-01-01,0.0,2006,1,2026-07-01,180,66,False,False
144640,2021-05-01,52.29,2006,1,2026-07-01,184,62,False,False
144641,2021-01-01,0.0,2006,1,2026-07-01,180,66,False,False
144642,2021-01-01,0.0,2006,1,2026-07-01,180,66,False,False
144643,2021-01-01,190.33,2006,1,2026-07-01,180,66,False,True
144783,2021-01-01,0.0,2013,1,2026-08-01,96,67,False,False
144784,2021-01-01,0.0,2006,1,2026-07-01,180,66,False,False
144785,2021-01-01,0.0,2006,1,2026-07-01,180,66,False,False
144838,2021-01-01,0.0,2006,1,2026-07-01,180,66,False,False
144912,2021-01-01,0.0,2006,1,2026-07-01,180,66,False,False
144913,2021-01-01,0.0,2006,1,2026-07-01,180,66,False,False
144914,2021-01-01,0.0,2006,1,2026-07-01,180,66,False,False
144919,2021-01-01,0.0,2006,1,2026-07-01,180,66,False,False
145061,2021-10-01,103.3,2006,1,2026-07-01,189,57,False,False
145067,2021-06-01,26.62,2006,1,2026-07-01,185,61,False,False
145068,2021-01-01,0.0,2006,1,2026-07-01,180,66,False,False
145239,2021-01-01,0.0,2006,1,2026-07-01,180,66,False,False
145240,2021-01-01,0.0,2006,1,2026-07-01,180,66,False,False
145245,2021-01-01,0.0,2006,1,2026-07-01,180,66,False,False
145246,2026-03-01,44.28,2006,1,2026-07-01,242,4,False,True
145247,2026-03-01,23.843,2006,1,2026-07-01,242,4,False,True
145370,2021-01-01,0.0,2006,1,2026-07-01,180,66,False,False
145371,2022-07-01,376.2,2006,1,2026-07-01,198,48,False,True
145373,2022-01-01,118.58,2006,1,2026-07-01,192,54,False,True
145374,2021-01-01,0.0,2006,1,2026-07-01,180,66,False,False
145528,2024-03-01,98.9,2006,1,2026-07-01,218,28,False,True
145529,2021-01-01,72.83,2006,1,2026-07-01,180,66,False,False
145531,2021-01-01,0.0,2006,1,2026-07-01,180,66,False,False
145695,2025-12-01,299.418,2013,1,2026-07-01,155,7,False,True
145698,2021-01-01,0.0,2013,1,2026-07-01,96,66,False,False
145699,2023-01-01,116.0,2013,1,2026-07-01,120,42,False,True
145700,2022-05-01,88.25,2013,1,2026-07-01,112,50,False,True
145846,2021-05-01,132.43,2013,1,2026-07-01,100,62,False,True
145847,2025-12-01,232.241,2013,1,2026-07-01,155,7,False,True
145848,2021-01-01,0.0,2013,1,2026-07-01,96,66,False,False
145849,2021-01-01,0.0,2013,1,2026-07-01,96,66,False,False
145850,2021-01-01,0.0,2013,1,2026-07-01,96,66,False,False
146022,2021-01-01,0.0,2013,1,2026-07-01,96,66,False,False
146117,2021-01-01,0.0,2006,1,2026-07-01,180,66,False,False
146131,2021-01-01,0.0,2006,1,2026-07-01,180,66,False,False
146190,2021-01-01,0.0,2014,1,2026-07-01,84,66,False,False
146191,2021-01-01,255.23,2014,1,2026-07-01,84,66,False,True
146192,2021-03-01,45.49,2014,1,2026-07-01,86,64,False,True
146241,2021-03-01,105.73,2006,1,2026-07-01,182,64,False,True
146280,2021-01-01,0.0,2006,1,2026-07-01,180,66,False,False
146281,2021-01-01,0.0,2006,1,2026-07-01,180,66,False,False
146282,2021-01-01,0.0,2006,1,2026-07-01,180,66,False,False
146283,2021-01-01,0.0,2006,1,2026-07-01,180,66,False,False
146284,2021-01-01,0.0,2006,1,2026-07-01,180,66,False,False
146285,2021-01-01,0.0,2006,1,2026-07-01,180,66,False,False
146286,2021-01-01,0.0,2006,1,2026-07-01,180,66,False,False
146287,2021-01-01,0.0,2006,1,2026-07-01,180,66,False,False
146288,2021-01-01,0.0,2006,1,2026-07-01,180,66,False,False
146289,2021-01-01,0.0,2006,1,2026-07-01,180,66,False,False
146290,2021-01-01,0.0,2006,1,2026-07-01,180,66,False,False
146291,2021-01-01,0.0,2006,1,2026-07-01,180,66,False,False
146292,2021-01-01,0.0,2006,1,2026-07-01,180,66,False,False
146293,2021-01-01,0.0,2006,1,2026-07-01,180,66,False,False
146294,2021-01-01,0.0,2006,1,2026-07-01,180,66,False,False
146295,2021-01-01,0.0,2006,1,2026-07-01,180,66,False,False
146296,2026-03-01,31.191,2006,1,2026-07-01,242,4,False,False
146299,2021-01-01,0.0,2006,1,2026-07-01,180,66,False,False
146300,2021-01-01,0.0,2006,1,2026-07-01,180,66,False,False
146301,2026-05-01,0.533,2006,1,2026-07-01,244,2,False,False
146302,2021-01-01,0.0,2006,1,2026-07-01,180,66,False,False
146303,2021-01-01,0.0,2006,1,2026-07-01,180,66,False,False
146304,2021-01-01,0.0,2006,1,2026-07-01,180,66,False,False
146305,2021-01-01,0.0,2006,1,2026-07-01,180,66,False,False
146306,2021-01-01,0.0,2006,1,2026-07-01,180,66,False,False
146307,2021-01-01,0.0,2006,1,2026-07-01,180,66,False,False
146308,2021-01-01,0.0,2006,1,2026-07-01,180,66,False,False
146309,2021-01-01,0.0,2006,1,2026-07-01,180,66,False,False
146310,2021-01-01,0.0,2006,1,2026-07-01,180,66,False,False
146311,2021-01-01,0.0,2006,1,2026-07-01,180,66,False,False
146312,2021-01-01,0.0,2006,1,2026-07-01,180,66,False,False
146313,2021-01-01,0.0,2006,1,2026-07-01,180,66,False,False
146314,2021-01-01,0.0,2006,1,2026-07-01,180,66,False,False
146315,2021-01-01,0.0,2006,1,2026-07-01,180,66,False,False
146316,2021-01-01,0.0,2006,1,2026-07-01,180,66,False,False
146317,2021-01-01,0.0,2006,1,2026-07-01,180,66,False,False
146319,2021-01-01,0.0,2006,1,2026-07-01,180,66,False,False
146320,2025-04-01,42.98684,2006,1,2026-07-01,231,15,False,False
146321,2021-01-01,0.0,2006,1,2026-07-01,180,66,False,False
146322,2021-01-01,0.0,2006,1,2026-07-01,180,66,False,False
146324,2021-01-01,0.0,2006,1,2026-07-01,180,66,False,False
146325,2021-01-01,0.0,2006,1,2026-07-01,180,66,False,False
146326,2021-01-01,0.0,2006,1,2026-07-01,180,66,False,False
146327,2021-01-01,0.0,2006,1,2026-07-01,180,66,False,False
146328,2021-01-01,0.0,2006,1,2026-07-01,180,66,False,False
146329,2021-01-01,0.0,2006,1,2026-07-01,180,66,False,False
146330,2021-01-01,0.0,2006,1,2026-07-01,180,66,False,False
146331,2021-01-01,0.0,2006,1,2026-07-01,180,66,False,False
146332,2021-01-01,0.0,2006,1,2026-07-01,180,66,False,False
146333,2021-01-01,0.0,2006,1,2026-07-01,180,66,False,False
146334,2021-01-01,0.0,2006,1,2026-07-01,180,66,False,False
146335,2021-01-01,0.0,2006,1,2026-07-01,180,66,False,False
146336,2021-01-01,0.0,2006,1,2026-07-01,180,66,False,False
146337,2021-01-01,0.0,2006,1,2026-07-01,180,66,False,False
146338,2021-01-01,0.0,2006,1,2026-07-01,180,66,False,False
146339,2021-01-01,0.0,2006,1,2026-07-01,180,66,False,False
146340,2021-01-01,0.0,2006,1,2026-07-01,180,66,False,False
146341,2021-01-01,0.0,2006,1,2026-07-01,180,66,False,False
146342,2021-01-01,0.0,2006,1,2026-07-01,180,66,False,False
146344,2021-01-01,0.0,2006,1,2026-07-01,180,66,False,False
146345,2021-01-01,0.0,2006,1,2026-07-01,180,66,False,False
146346,2021-01-01,0.0,2006,1,2026-07-01,180,66,False,False
146347,2021-01-01,0.0,2006,1,2026-07-01,180,66,False,False
146348,2021-01-01,0.0,2006,1,2026-07-01,180,66,False,False
146349,2021-01-01,0.0,2006,1,2026-07-01,180,66,False,False
146350,2021-01-01,0.0,2006,1,2026-07-01,180,66,False,False
146351,2021-01-01,0.0,2006,1,2026-07-01,180,66,False,False
146352,2021-01-01,0.0,2006,1,2026-07-01,180,66,False,False
146353,2021-01-01,0.0,2006,1,2026-07-01,180,66,False,False
146354,2021-01-01,0.0,2006,1,2026-07-01,180,66,False,False
146355,2021-01-01,0.0,2006,1,2026-07-01,180,66,False,False
146356,2021-01-01,0.0,2006,1,2026-07-01,180,66,False,False
146357,2021-01-01,0.0,2006,1,2026-07-01,180,66,False,False
146358,2021-01-01,0.0,2006,1,2026-07-01,180,66,False,False
146359,2021-01-01,0.0,2006,1,2026-07-01,180,66,False,False
146360,2021-01-01,0.0,2006,1,2026-07-01,180,66,False,False
146361,2021-01-01,0.0,2006,1,2026-07-01,180,66,False,False
146362,2026-07-01,29.635,2006,1,2026-07-01,246,0,False,True
146363,2021-01-01,0.0,2006,1,2026-07-01,180,66,False,False
146364,2021-01-01,0.0,2006,1,2026-07-01,180,66,False,False
146365,2021-01-01,0.0,2006,1,2026-07-01,180,66,False,False
146366,2021-01-01,0.0,2006,1,2026-07-01,180,66,False,False
146367,2021-01-01,0.0,2006,1,2026-07-01,180,66,False,False
146368,2021-01-01,0.0,2006,1,2026-07-01,180,66,False,False
146369,2021-01-01,0.0,2006,1,2026-07-01,180,66,False,False
146370,2021-01-01,0.0,2006,1,2026-07-01,180,66,False,False
146371,2021-01-01,0.0,2006,1,2026-07-01,180,66,False,False
146372,2021-01-01,0.0,2006,1,2026-07-01,180,66,False,False
146373,2024-05-01,4.54,2006,1,2026-07-01,220,26,False,True
146374,2021-01-01,0.0,2006,1,2026-07-01,180,66,False,False
146375,2021-01-01,0.0,2006,1,2026-07-01,180,66,False,False
146376,2021-01-01,0.0,2006,1,2026-07-01,180,66,False,False
146377,2021-01-01,0.0,2006,1,2026-07-01,180,66,False,False
146378,2021-01-01,0.0,2006,1,2026-07-01,180,66,False,False
146379,2021-01-01,0.0,2006,1,2026-07-01,180,66,False,False
146380,2021-01-01,0.0,2006,1,2026-07-01,180,66,False,False
146381,2021-01-01,0.0,2006,1,2026-07-01,180,66,False,False
146382,2021-01-01,0.0,2006,1,2026-07-01,180,66,False,False
146383,2021-01-01,0.0,2006,1,2026-07-01,180,66,False,False
146384,2021-01-01,0.0,2006,1,2026-07-01,180,66,False,False
146385,2021-01-01,0.0,2006,1,2026-07-01,180,66,False,False
146386,2021-01-01,0.0,2006,1,2026-07-01,180,66,False,False
146387,2021-01-01,0.0,2006,1,2026-07-01,180,66,False,False
146388,2021-01-01,0.0,2006,1,2026-07-01,180,66,False,False
146389,2021-01-01,0.0,2006,1,2026-07-01,180,66,False,False
146390,2021-01-01,0.0,2006,1,2026-07-01,180,66,False,False
146391,2021-01-01,0.0,2006,1,2026-07-01,180,66,False,False
146392,2021-01-01,0.0,2006,1,2026-07-01,180,66,False,False
146393,2021-01-01,0.0,2006,1,2026-07-01,180,66,False,False
146394,2021-01-01,0.0,2006,1,2026-07-01,180,66,False,False
146395,2021-01-01,0.0,2006,1,2026-07-01,180,66,False,False
146396,2021-01-01,0.0,2006,1,2026-07-01,180,66,False,False
146397,2021-01-01,0.0,2006,1,2026-07-01,180,66,False,False
146398,2021-01-01,0.0,2006,1,2026-07-01,180,66,False,False
146399,2021-01-01,0.0,2006,1,2026-07-01,180,66,False,False
146400,2021-01-01,0.0,2006,1,2026-07-01,180,66,False,False
146401,2021-01-01,0.0,2006,1,2026-07-01,180,66,False,False
146402,2021-01-01,0.0,2006,1,2026-07-01,180,66,False,False
146403,2021-01-01,0.0,2006,1,2026-07-01,180,66,False,False
146404,2021-01-01,0.0,2006,1,2026-07-01,180,66,False,False
146405,2021-01-01,0.0,2006,1,2026-07-01,180,66,False,False
146406,2021-01-01,0.0,2006,1,2026-07-01,180,66,False,False
146407,2021-01-01,0.0,2006,1,2026-07-01,180,66,False,False
146408,2021-01-01,0.0,2006,1,2026-07-01,180,66,False,False
146409,2021-01-01,0.0,2006,1,2026-07-01,180,66,False,False
146410,2021-01-01,0.0,2006,1,2026-07-01,180,66,False,False
146411,2021-01-01,0.0,2006,1,2026-07-01,180,66,False,False
146412,2021-01-01,0.0,2006,1,2026-07-01,180,66,False,False
146413,2021-01-01,0.0,2006,1,2026-07-01,180,66,False,False
146414,2021-01-01,0.0,2006,1,2026-07-01,180,66,False,False
146415,2021-01-01,0.0,2006,1,2026-07-01,180,66,False,False
146416,2021-01-01,0.0,2006,1,2026-07-01,180,66,False,False
146417,2021-01-01,0.0,2006,1,2026-07-01,180,66,False,False
146418,2021-01-01,0.0,2006,1,2026-07-01,180,66,False,False
146419,2021-01-01,0.0,2006,1,2026-07-01,180,66,False,False
146420,2021-01-01,0.0,2006,1,2026-07-01,180,66,False,False
146421,2021-01-01,0.0,2006,1,2026-07-01,180,66,False,False
146422,2021-01-01,0.0,2006,1,2026-07-01,180,66,False,False
146423,2021-01-01,0.0,2006,1,2026-07-01,180,66,False,False
146424,2021-01-01,0.0,2006,1,2026-07-01,180,66,False,False
146425,2021-01-01,0.0,2006,1,2026-07-01,180,66,False,False
146426,2021-01-01,0.0,2006,1,2026-07-01,180,66,False,False
146427,2021-01-01,0.0,2006,1,2026-07-01,180,66,False,False
146428,2021-01-01,0.0,2006,1,2026-07-01,180,66,False,False
146429,2021-01-01,0.0,2006,1,2026-07-01,180,66,False,False
146430,2021-01-01,0.0,2006,1,2026-07-01,180,66,False,False
146431,2021-01-01,0.0,2006,1,2026-07-01,180,66,False,False
146432,2021-01-01,0.0,2006,1,2026-07-01,180,66,False,False
146433,2026-07-01,170.231,2006,1,2026-07-01,246,0,False,True
146434,2021-01-01,0.0,2006,1,2026-07-01,180,66,False,False
146435,2021-01-01,0.0,2006,1,2026-07-01,180,66,False,False
146436,2021-01-01,0.0,2006,1,2026-07-01,180,66,False,False
146437,2021-01-01,0.0,2006,1,2026-07-01,180,66,False,False
146438,2021-01-01,0.0,2006,1,2026-07-01,180,66,False,False
146439,2021-01-01,0.0,2006,1,2026-07-01,180,66,False,False
146440,2021-01-01,0.0,2006,1,2026-07-01,180,66,False,False
146504,2021-01-01,0.0,2006,1,2026-07-01,180,66,False,False
146505,2021-01-01,0.0,2006,1,2026-07-01,180,66,False,False
146506,2021-01-01,0.0,2006,1,2026-07-01,180,66,False,False
146507,2021-01-01,0.0,2006,1,2026-07-01,180,66,False,False
146508,2021-01-01,0.0,2006,1,2026-07-01,180,66,False,False
146509,2021-01-01,0.0,2006,1,2026-07-01,180,66,False,False
146510,2021-01-01,0.0,2006,1,2026-07-01,180,66,False,False
146511,2021-01-01,0.0,2006,1,2026-07-01,180,66,False,False
146512,2021-01-01,0.0,2006,1,2026-07-01,180,66,False,False
146513,2021-01-01,0.0,2006,1,2026-07-01,180,66,False,False
146515,2021-01-01,0.0,2006,1,2026-07-01,180,66,False,False
146516,2021-01-01,0.0,2006,1,2026-07-01,180,66,False,False
146517,2021-01-01,0.0,2006,1,2026-07-01,180,66,False,False
146518,2021-01-01,0.0,2006,1,2026-07-01,180,66,False,False
146519,2021-01-01,0.0,2006,1,2026-07-01,180,66,False,False
146520,2021-01-01,0.0,2006,1,2026-07-01,180,66,False,False
146521,2021-01-01,0.0,2006,1,2026-07-01,180,66,False,False
146522,2021-01-01,0.0,2006,1,2026-07-01,180,66,False,False
146523,2021-01-01,0.0,2006,1,2026-07-01,180,66,False,False
146524,2021-01-01,0.0,2006,1,2026-07-01,180,66,False,False
146525,2021-01-01,0.0,2006,1,2026-07-01,180,66,False,False
146526,2021-01-01,0.0,2006,1,2026-07-01,180,66,False,False
146608,2021-01-01,0.0,2006,1,2026-07-01,180,66,False,False
146609,2021-01-01,0.0,2006,1,2026-07-01,180,66,False,False
146610,2021-01-01,0.0,2006,1,2026-07-01,180,66,False,False
146611,2021-01-01,0.0,2006,1,2026-07-01,180,66,False,False
146613,2021-01-01,0.0,2006,1,2026-07-01,180,66,False,False
146738,2021-01-01,0.0,2006,1,2026-07-01,180,66,False,False
146739,2021-01-01,0.0,2006,1,2026-07-01,180,66,False,False
146745,2021-01-01,0.0,2006,1,2026-07-01,180,66,False,False
146752,2023-12-01,48.13,2014,1,2026-07-01,119,31,False,True
146955,2022-03-01,60.72,2014,1,2026-07-01,98,52,False,False
146956,2021-01-01,0.0,2006,1,2026-07-01,180,66,False,False
146957,2021-01-01,0.0,2014,1,2026-07-01,84,66,False,False
147132,2022-01-01,200.54,2014,1,2026-07-01,96,54,False,True
147133,2021-07-01,172.5,2014,1,2026-07-01,90,60,False,True
147265,2023-12-01,137.83,2014,1,2026-07-01,119,31,False,True
147266,2021-03-01,221.95,2014,1,2026-07-01,86,64,False,True
147267,2021-01-01,0.0,2014,1,2026-07-01,84,66,False,False
147268,2022-07-01,160.46,2014,1,2026-07-01,102,48,False,True
147450,2021-03-01,190.98,2014,1,2026-07-01,86,64,False,True
147453,2023-01-01,91.4,2006,1,2026-07-01,204,42,False,True
147454,2021-01-01,199.57,2014,1,2026-07-01,84,66,False,True
147598,2021-03-01,45.56,2014,1,2026-07-01,86,64,False,True
147599,2022-07-01,6.16,2014,1,2026-07-01,102,48,False,False
152829,2022-07-01,51.41,2014,1,2026-07-01,102,48,False,False
152833,2021-01-01,0.0,2014,1,2026-07-01,84,66,False,False
152959,2021-01-01,0.0,2014,1,2026-07-01,84,66,False,False
152970,2021-03-01,30.38,2014,1,2026-07-01,86,64,False,True
152971,2021-01-01,0.0,2014,1,2026-07-01,84,66,False,False
152972,2026-06-01,47.089,2014,1,2026-07-01,149,1,False,False
152973,2023-07-01,65.37,2014,1,2026-07-01,114,36,False,True
152974,2023-07-01,65.36,2014,1,2026-07-01,114,36,False,True
153127,2021-01-01,0.0,2006,1,2026-07-01,180,66,False,False
153128,2021-01-01,178.59,2014,1,2026-07-01,84,66,False,False
153131,2021-01-01,110.09,2014,1,2026-07-01,84,66,False,True
153132,2021-01-01,216.2,2014,1,2026-07-01,84,66,False,True
153293,2021-01-01,0.0,2014,1,2026-07-01,84,66,False,False
153297,2022-07-01,72.09,2014,1,2026-07-01,102,48,False,True
153429,2021-01-01,0.0,2006,1,2026-07-01,180,66,False,False
153438,2021-01-01,0.0,2014,1,2026-07-01,84,66,False,False
153439,2021-01-01,0.0,2014,1,2026-07-01,84,66,False,False
153440,2025-06-01,32.914,2014,1,2026-07-01,137,13,False,True
153441,2021-01-01,0.0,2014,1,2026-07-01,84,66,False,False
153444,2021-01-01,0.0,2014,1,2026-07-01,84,66,False,False
153445,2021-07-01,63.02,2014,1,2026-07-01,90,60,False,True
153575,2021-01-01,0.0,2015,1,2026-07-01,72,66,False,False
153576,2022-07-01,283.58,2015,1,2026-07-01,90,48,False,True
153578,2021-01-01,152.99,2015,1,2026-07-01,72,66,False,True
153725,2021-01-01,0.0,2006,1,2026-07-01,180,66,False,False
153726,2022-07-01,55.43,2014,1,2026-07-01,102,48,False,False
153727,2026-05-01,174.268,2015,1,2026-07-01,136,2,False,True
153728,2021-10-01,86.62,2014,1,2026-07-01,93,57,False,True
153846,2021-05-01,134.79,2015,1,2026-07-01,76,62,False,True
153954,2022-05-01,116.25,2015,1,2026-07-01,88,50,False,False
153955,2024-05-01,46.5,2015,1,2026-07-01,112,26,False,True
153956,2024-12-01,23.72562,2015,1,2026-07-01,119,19,False,True
154166,2024-10-01,73.65,2015,1,2026-07-01,117,21,False,True
154167,2024-10-01,18.41,2015,1,2026-07-01,117,21,False,True
154168,2021-01-01,105.88,2015,1,2026-07-01,72,66,False,False
154169,2021-01-01,130.57,2015,1,2026-07-01,72,66,False,True
154170,2021-01-01,0.0,2015,1,2022-04-01,72,15,False,False
154171,2021-01-01,0.0,2015,1,2022-04-01,72,15,False,False
154528,2021-01-01,0.0,2014,1,2026-07-01,84,66,False,False
154529,2021-01-01,0.0,2014,1,2026-07-01,84,66,False,False
154530,2025-06-01,51.48,2015,1,2026-07-01,125,13,False,True
154531,2022-08-01,91.65,2015,1,2026-07-01,91,47,False,True
154625,2021-01-01,0.0,2015,1,2026-08-01,72,67,False,False
154639,2021-01-01,0.0,2015,1,2026-07-01,72,66,False,False
154728,2021-01-01,159.9,2015,1,2026-07-01,72,66,False,True
154729,2021-01-01,39.97,2015,1,2026-07-01,72,66,False,True
154730,2021-01-01,0.0,2014,1,2026-07-01,84,66,False,False
154888,2023-05-01,56.17,2015,1,2026-07-01,100,38,False,True
154889,2023-06-01,76.19,2015,1,2026-07-01,101,37,False,True
154890,2021-01-01,338.44,2015,1,2026-07-01,72,66,False,True
154892,2021-01-01,0.0,2015,1,2026-07-01,72,66,False,False
154893,2021-05-01,40.04,2015,1,2026-07-01,76,62,False,False
155005,2025-01-01,297.47,2015,1,2026-07-01,120,18,False,True
155006,2021-02-01,179.82,2015,1,2026-07-01,73,65,False,True
155009,2023-12-01,52.18,2015,1,2026-07-01,107,31,False,True
155010,2021-01-01,0.0,2015,1,2026-07-01,72,66,False,False
155011,2021-01-01,0.0,2015,1,2026-07-01,72,66,False,False
155188,2021-05-01,22.62,2015,1,2026-07-01,76,62,False,True
155189,2025-01-01,340.11,2015,1,2026-07-01,120,18,False,True
155190,2021-01-01,215.91,2015,1,2026-07-01,72,66,False,True
155191,2021-01-01,0.0,2015,1,2026-07-01,72,66,False,False
155194,2021-05-01,601.97,2015,1,2026-07-01,76,62,False,True
155195,2026-07-01,128.153,2015,1,2026-07-01,138,0,False,True
155196,2026-07-01,54.923,2015,1,2026-07-01,138,0,False,True
155197,2021-01-01,0.0,2015,1,2026-07-01,72,66,False,False
155375,2021-10-01,74.98,2015,1,2026-07-01,81,57,False,True
155376,2021-10-01,74.98,2015,1,2026-07-01,81,57,False,True
155377,2021-01-01,0.0,2015,1,2026-07-01,72,66,False,False
155378,2021-01-01,0.0,2015,1,2026-07-01,72,66,False,False
155379,2021-01-01,0.0,2015,1,2026-07-01,72,66,False,False
155383,2021-01-01,0.0,2015,1,2026-07-01,72,66,False,False
155384,2021-01-01,0.0,2015,1,2026-07-01,72,66,False,False
155385,2021-01-01,0.0,2015,1,2026-07-01,72,66,False,False
155504,2024-03-01,18.63,2015,1,2026-07-01,110,28,False,True
155505,2024-03-01,62.38,2015,1,2026-07-01,110,28,False,True
155551,2021-01-01,0.0,2015,1,2026-07-01,72,66,False,False
155602,2021-01-01,0.0,2015,1,2026-07-01,72,66,False,False
155604,2021-03-01,112.17,2015,1,2026-07-01,74,64,False,True
155605,2021-03-01,5.9,2015,1,2026-07-01,74,64,False,True
155606,2024-08-01,69.45,2015,1,2026-07-01,115,23,False,True
155607,2024-08-01,69.45,2015,1,2026-07-01,115,23,False,True
155789,2021-01-01,0.0,2016,1,2026-07-01,60,66,False,False
155790,2021-01-01,111.06,2016,1,2026-07-01,60,66,False,True
155793,2021-01-01,0.0,2016,1,2026-07-01,60,66,False,False
155794,2021-01-01,0.0,2016,1,2026-07-01,60,66,False,False
156456,2023-05-01,129.59,2016,1,2026-07-01,88,38,False,True
156499,2021-01-01,0.0,2016,1,2026-07-01,60,66,False,False
156526,2021-01-01,554.07,2016,1,2026-07-01,60,66,False,True
156527,2021-01-01,460.58,2016,1,2026-07-01,60,66,False,True
156528,2021-01-01,0.0,2016,1,2026-07-01,60,66,False,False
156529,2021-01-01,0.0,2016,1,2026-07-01,60,66,False,False
156677,2023-01-01,401.4,2016,1,2026-07-01,84,42,False,True
156678,2021-01-01,0.0,2016,1,2026-07-01,60,66,False,False
156679,2021-01-01,0.0,2016,1,2026-07-01,60,66,False,False
156680,2025-12-01,64.815,2016,1,2026-07-01,119,7,False,True
156681,2025-12-01,7.202,2016,1,2026-07-01,119,7,False,True
156682,2021-01-01,0.0,2016,1,2026-07-01,60,66,False,False
156722,2021-01-01,0.0,2016,1,2026-07-01,60,66,False,False
156723,2021-01-01,0.0,2016,1,2026-07-01,60,66,False,False
156724,2021-03-01,69.35,2016,1,2026-07-01,62,64,False,True
156725,2021-03-01,7.71,2016,1,2026-07-01,62,64,False,True
156847,2021-01-01,105.39,2016,1,2026-07-01,60,66,False,True
156848,2021-04-01,418.94,2016,1,2026-07-01,63,63,False,False
156849,2026-07-01,21.22,2016,1,2026-07-01,126,0,False,False
156850,2021-01-01,242.71,2016,1,2026-07-01,60,66,False,True
156947,2022-10-01,315.01,2016,1,2026-07-01,81,45,False,True
156948,2021-01-01,0.0,2016,1,2026-07-01,60,66,False,False
156949,2021-01-01,253.41,2016,1,2026-07-01,60,66,False,True
156952,2021-01-01,245.9,2016,1,2026-07-01,60,66,False,True
156953,2021-01-01,59.28,2016,1,2026-07-01,60,66,False,True
156954,2021-01-01,0.0,2016,1,2026-07-01,60,66,False,False
157091,2021-01-01,0.0,2016,1,2026-07-01,60,66,False,False
157092,2021-01-01,0.0,2016,1,2026-07-01,60,66,False,False
157093,2025-12-01,141.764,2016,1,2026-07-01,119,7,False,True
157094,2021-01-01,48.77,2016,1,2026-07-01,60,66,False,True
157095,2021-01-01,419.34,2016,1,2026-07-01,60,66,False,True
157178,2022-03-01,162.24,2016,1,2026-07-01,74,52,False,True
157293,2021-03-01,141.83,2016,1,2026-07-01,62,64,False,True
157294,2022-07-01,192.48,2016,1,2026-07-01,78,48,False,True
157295,2021-01-01,0.0,2016,1,2026-07-01,60,66,False,False
157296,2021-01-01,0.0,2016,1,2026-07-01,60,66,False,False
157385,2021-01-01,0.0,2016,1,2026-07-01,60,66,False,False
157386,2021-01-01,0.0,2016,1,2026-07-01,60,66,False,False
157387,2021-01-01,0.0,2016,1,2026-07-01,60,66,False,False
157390,2021-01-01,197.39,2016,1,2026-07-01,60,66,False,True
157391,2025-05-01,160.907,2016,1,2026-07-01,112,14,False,True
157392,2025-05-01,17.879,2016,1,2026-07-01,112,14,False,True
157483,2021-01-01,0.0,2017,1,2026-07-01,48,66,False,False
157484,2021-01-01,0.0,2017,1,2026-07-01,48,66,False,False
157485,2021-01-01,0.0,2017,1,2026-07-01,48,66,False,False
157486,2021-01-01,0.0,2017,1,2026-07-01,48,66,False,False
157487,2021-01-01,0.0,2017,1,2026-07-01,48,66,False,False
157488,2021-01-01,0.0,2017,1,2026-07-01,48,66,False,False
157489,2021-03-01,93.05,2017,1,2026-07-01,50,64,False,True
157771,2021-01-01,655.25,2017,1,2026-07-01,48,66,False,True
157772,2021-11-01,299.86,2017,1,2026-07-01,58,56,False,True
157773,2021-01-01,0.0,2017,1,2026-07-01,48,66,False,False
157774,2021-01-01,0.0,2017,1,2026-07-01,48,66,False,False
157775,2026-05-01,219.446,2017,1,2026-07-01,112,2,False,False
157776,2021-01-01,0.0,2017,1,2026-07-01,48,66,False,False
157777,2021-01-01,0.0,2017,1,2026-07-01,48,66,False,False
157778,2021-01-01,307.89,2017,1,2026-07-01,48,66,False,True
157779,2021-01-01,0.0,2017,1,2026-07-01,48,66,False,False
157780,2021-03-01,202.91,2017,1,2026-07-01,50,64,False,True
157825,2024-08-01,184.6,2017,1,2026-07-01,91,23,False,True
157826,2021-01-01,0.0,2017,1,2026-07-01,48,66,False,False
157827,2021-01-01,0.0,2017,1,2026-07-01,48,66,False,False
157829,2022-09-01,156.56,2017,1,2026-07-01,68,46,False,True
157830,2022-09-01,234.85,2017,1,2026-07-01,68,46,False,True
157831,2026-06-01,138.78,2017,1,2026-07-01,113,1,False,True
157832,2021-05-01,159.6,2017,1,2026-07-01,52,62,False,True
157950,2021-01-01,333.01,2017,1,2026-07-01,48,66,False,True
158022,2021-01-01,0.0,2017,1,2026-07-01,48,66,False,False
158023,2021-01-01,0.0,2017,1,2026-07-01,48,66,False,False
158024,2021-01-01,0.0,2017,1,2026-07-01,48,66,False,False
158025,2021-06-01,66.03,2017,1,2026-07-01,53,61,False,True
158026,2026-05-01,48.821,2017,1,2026-07-01,112,2,False,True
158027,2026-05-01,32.547,2017,1,2026-07-01,112,2,False,True
158119,2021-03-01,64.01,2017,1,2026-07-01,50,64,False,True
158122,2021-01-01,0.0,2017,1,2026-07-01,48,66,False,False
158123,2021-04-01,744.24,2017,1,2026-07-01,51,63,False,True
158124,2023-12-01,34.79,2017,1,2026-07-01,83,31,False,True
158125,2026-05-01,172.057,2017,1,2026-07-01,112,2,False,False
158126,2026-05-01,9.559,2017,1,2026-07-01,112,2,False,False
158213,2021-05-01,150.56,2017,1,2026-07-01,52,62,False,False
158214,2021-12-01,240.93,2017,1,2026-07-01,59,55,False,True
158346,2021-01-01,251.4,2017,1,2026-07-01,48,66,False,True
158347,2021-01-01,419.24,2017,1,2026-07-01,48,66,False,True
158348,2021-01-01,0.0,2017,1,2026-07-01,48,66,False,False
158399,2021-01-01,419.24,2017,1,2026-07-01,48,66,False,True
158400,2021-06-01,407.49,2017,1,2026-07-01,53,61,False,True
158401,2021-01-01,0.0,2017,1,2026-07-01,48,66,False,False
158542,2021-01-01,0.0,2017,1,2026-07-01,48,66,False,False
158543,2023-12-01,144.97,2017,1,2026-07-01,83,31,False,True
158544,2024-12-01,79.96,2017,1,2026-07-01,95,19,False,False
158545,2021-01-01,326.36,2017,1,2026-07-01,48,66,False,True
158577,2021-01-01,0.0,2017,1,2026-08-01,48,67,False,False
158630,2021-01-01,0.0,2017,1,2026-07-01,48,66,False,False
158732,2021-01-01,0.0,2017,1,2026-07-01,48,66,False,False
158871,2021-01-01,0.0,2018,1,2026-07-01,36,66,False,False
158872,2021-01-01,926.36,2018,1,2026-07-01,36,66,False,True
158873,2021-01-01,0.0,2018,1,2026-07-01,36,66,False,False
158874,2021-01-01,0.0,2018,1,2026-07-01,36,66,False,False
159116,2021-01-01,0.0,2018,1,2026-07-01,36,66,False,False
159117,2021-01-01,0.0,2018,1,2026-07-01,36,66,False,False
159118,2021-01-01,539.11,2018,1,2026-07-01,36,66,False,True
159119,2025-08-01,67.61,2018,1,2026-07-01,91,11,False,False
159120,2021-01-01,1211.7,2018,1,2026-07-01,36,66,False,True
159121,2021-01-01,91.2,2018,1,2026-07-01,36,66,False,True
159122,2023-07-01,110.44,2018,1,2026-07-01,66,36,False,True
159208,2021-07-01,54.91,2018,1,2026-07-01,42,60,False,False
159209,2021-01-01,774.02,2018,1,2026-07-01,36,66,False,True
159256,2024-10-01,7.52,2018,1,2026-07-01,81,21,False,True
159267,2021-01-01,270.44,2018,1,2026-07-01,36,66,False,False
159268,2021-01-01,270.44,2018,1,2026-07-01,36,66,False,True
159364,2021-01-01,0.0,2018,1,2026-07-01,36,66,False,False
159481,2021-01-01,0.0,2018,1,2026-07-01,36,66,False,False
159482,2024-03-01,36.69,2018,1,2026-07-01,74,28,False,False
159576,2021-01-01,0.0,2018,1,2026-07-01,36,66,False,False
159626,2021-01-01,0.0,2018,1,2026-07-01,36,66,False,False
159695,2021-01-01,0.0,2018,1,2026-07-01,36,66,False,False
159696,2021-01-01,0.0,2018,1,2026-07-01,36,66,False,False
159697,2021-03-01,379.73,2018,1,2026-07-01,38,64,False,True
159698,2023-05-01,1245.6,2018,1,2026-07-01,64,38,False,True
159700,2021-03-01,184.0,2018,1,2026-07-01,38,64,False,True
159701,2021-03-01,122.67,2018,1,2026-07-01,38,64,False,True
159824,2021-01-01,0.0,2018,1,2026-07-01,36,66,False,False
159825,2023-05-01,219.74,2018,1,2026-07-01,64,38,False,True
159827,2023-05-01,172.37,2018,1,2026-07-01,64,38,False,True
159828,2023-05-01,258.55,2018,1,2026-07-01,64,38,False,True
159829,2021-01-01,132.44,2018,1,2026-07-01,36,66,False,False
159830,2021-01-01,33.11,2018,1,2026-07-01,36,66,False,False
159972,2021-01-01,0.0,2018,1,2026-07-01,36,66,False,False
159973,2021-01-01,183.42,2018,1,2026-07-01,36,66,False,True
159974,2021-01-01,0.0,2018,1,2026-07-01,36,66,False,False
160013,2023-12-01,382.88,2018,1,2026-08-01,71,32,False,True
160044,2021-01-01,0.0,2018,1,2026-07-01,36,66,False,False
160137,2024-01-01,385.91,2019,1,2026-07-01,60,30,False,True
160138,2021-08-01,458.31,2019,1,2026-07-01,31,59,False,True
160139,2021-08-01,74.61,2019,1,2026-07-01,31,59,False,True
160140,2021-07-01,208.34,2019,1,2026-07-01,30,60,False,True
160141,2021-01-01,151.25,2019,1,2026-07-01,24,66,False,True
160142,2021-01-01,37.81,2019,1,2026-07-01,24,66,False,True
160265,2022-03-01,965.06,2019,1,2026-07-01,38,52,False,True
160267,2022-10-01,34.83,2019,1,2026-07-01,45,45,False,True
160268,2022-10-01,23.22,2019,1,2026-07-01,45,45,False,True
160320,2021-01-01,0.0,2019,1,2026-07-01,24,66,False,False
160321,2021-02-01,131.19,2019,1,2026-07-01,25,65,False,False
160324,2021-01-01,0.0,2019,1,2026-07-01,24,66,False,False
160419,2021-01-01,180.7,2019,1,2026-07-01,24,66,False,True
160420,2021-03-01,232.03,2019,1,2026-07-01,26,64,False,True
160503,2021-01-01,264.36,2019,1,2026-07-01,24,66,False,True
160504,2021-06-01,101.87,2019,1,2026-07-01,29,61,False,True
160685,2022-10-01,166.35,2019,1,2026-07-01,45,45,False,True
160837,2021-03-01,901.98,2019,1,2026-07-01,26,64,False,True
160838,2021-01-01,91.23,2019,1,2026-07-01,24,66,False,True
160839,2021-01-01,148.85,2019,1,2026-07-01,24,66,False,True
161246,2026-05-01,145.752,2019,1,2026-07-01,88,2,False,True
161247,2021-08-01,315.5,2019,1,2026-07-01,31,59,False,True
161248,2021-08-01,105.17,2019,1,2026-07-01,31,59,False,True
161347,2021-01-01,0.0,2019,1,2026-07-01,24,66,False,False
161350,2021-01-01,592.36,2019,1,2026-07-01,24,66,False,True
161505,2021-02-01,105.61,2019,1,2026-07-01,25,65,False,True
161506,2026-05-01,191.199,2019,1,2026-07-01,88,2,False,True
161593,2021-01-01,169.24,2020,1,2026-07-01,12,66,False,True
161594,2026-01-01,292.716,2020,1,2026-07-01,72,6,False,True
161664,2021-01-01,0.0,2020,1,2026-07-01,12,66,False,False
161669,2021-01-01,0.0,2020,1,2026-07-01,12,66,False,False
161717,2021-01-01,0.0,2020,1,2023-04-01,12,27,False,False
161718,2021-01-01,322.56,2020,1,2026-07-01,12,66,False,True
161881,2021-01-01,0.0,2020,1,2026-07-01,12,66,False,False
162019,2021-01-01,0.0,2020,1,2026-07-01,12,66,False,False
162020,2021-03-01,394.63,2020,1,2026-07-01,14,64,False,True
162189,2021-03-01,0.0,2021,1,2026-07-01,2,64,False,False
162190,2021-03-01,0.0,2021,1,2026-07-01,2,64,False,False
162191,2021-05-01,338.63,2021,1,2026-07-01,4,62,True,True
162192,2021-07-01,84.17,2021,1,2026-07-01,6,60,True,True
162329,2021-05-01,0.0,2021,1,2026-07-01,4,62,False,False
162330,2022-12-01,226.16,2021,1,2026-07-01,23,43,True,True
162331,2022-12-01,226.16,2021,1,2026-07-01,23,43,True,True
162463,2021-07-01,0.0,2021,1,2026-07-01,6,60,False,False
162464,2021-07-01,0.0,2021,1,2026-07-01,6,60,False,False
162465,2021-07-01,0.0,2021,1,2026-07-01,6,60,False,False
162466,2021-07-01,0.0,2021,1,2026-07-01,6,60,False,False
162467,2021-07-01,0.0,2021,1,2026-07-01,6,60,False,False
162468,2021-07-01,0.0,2021,1,2026-07-01,6,60,False,False
162998,2022-02-01,0.0,2022,1,2026-07-01,1,53,False,False
162999,2022-02-01,0.0,2022,1,2026-07-01,1,53,False,False
163000,2022-05-01,199.18,2022,1,2026-07-01,4,50,True,True
163062,2022-01-01,0.0,2022,1,2026-07-01,0,54,False,False
163225,2022-05-01,2.39,2022,1,2026-07-01,4,50,True,False
163409,2022-07-01,0.0,2022,1,2026-07-01,6,48,False,False
163410,2022-07-01,0.0,2022,1,2026-07-01,6,48,False,False
163411,2022-07-01,0.0,2022,1,2026-07-01,6,48,False,False
163412,2022-07-01,0.0,2022,1,2026-07-01,6,48,False,False
163584,2022-09-01,0.0,2022,1,2026-07-01,8,46,False,False
164094,2023-03-01,0.0,2023,1,2026-07-01,2,40,False,False
164958,2024-01-01,0.0,2024,1,2026-07-01,0,30,False,False
164959,2024-01-01,0.0,2024,1,2026-07-01,0,30,False,False
164960,2024-01-01,0.0,2024,1,2026-07-01,0,30,False,False
165041,2024-02-01,0.0,2024,1,2026-07-01,1,29,False,False
166508,2025-10-01,144.129,2025,1,2026-07-01,9,9,True,False
166516,2025-10-01,12.474,2025,1,2026-07-01,9,9,True,False
166518,2025-05-01,2.053,2025,1,2026-07-01,4,14,True,False
166730,2026-05-01,13.145,2025,1,2026-07-01,16,2,False,False
166738,2026-05-01,54.861,2025,1,2026-07-01,16,2,False,False
166739,2026-07-01,150.356,2025,1,2026-07-01,18,0,False,False
166740,2025-09-01,41.0,2025,1,2026-07-01,8,10,True,False
166741,2025-09-01,8.318,2025,1,2026-07-01,8,10,True,False
166900,2025-11-01,0.0,2025,1,2026-07-01,10,8,False,False
167079,2026-05-01,9.559,2026,2,2026-07-01,3,2,False,False
167123,2026-03-01,0.0,2026,3,2026-07-01,0,4,False,False
167193,2026-04-01,0.0,2026,4,2026-07-01,0,3,False,False
167194,2026-04-01,0.0,2026,4,2026-07-01,0,3,False,False
167276,2026-05-01,169.89,2026,5,2026-08-01,0,3,False,False
