idpozo,fecha_origen,mes_predicho,horizonte,produccion_estimada_m3,modelo
8380,2026-06-30,2026-07-31,1,11.069306998755408,Regresión lineal
8385,2026-06-30,2026-07-31,1,196.54588310481455,Regresión lineal
8392,2026-06-30,2026-07-31,1,93.30423547556349,Regresión lineal
8415,2026-06-30,2026-07-31,1,2.190272054580163,Regresión lineal
39215,2026-06-30,2026-07-31,1,107.66466883387548,Regresión lineal
64744,2026-06-30,2026-07-31,1,16.79482419699211,Regresión lineal
64767,2026-06-30,2026-07-31,1,10.721500357518565,Regresión lineal
64792,2026-06-30,2026-07-31,1,19.171374777820304,Regresión lineal
65658,2026-06-30,2026-07-31,1,7.75357029590657,Regresión lineal
68153,2026-06-30,2026-07-31,1,81.41025286037413,Regresión lineal
68163,2026-06-30,2026-07-31,1,129.36606581669702,Regresión lineal
68165,2026-06-30,2026-07-31,1,106.44583411356423,Regresión lineal
68172,2026-06-30,2026-07-31,1,23.800021977175973,Regresión lineal
69830,2026-06-30,2026-07-31,1,145.61763161128516,Regresión lineal
69837,2026-06-30,2026-07-31,1,71.32542096123865,Regresión lineal
69839,2026-06-30,2026-07-31,1,91.96517180852953,Regresión lineal
69849,2026-06-30,2026-07-31,1,66.7590170578198,Regresión lineal
69853,2026-06-30,2026-07-31,1,84.68865710920015,Regresión lineal
69859,2026-06-30,2026-07-31,1,113.96392343612223,Regresión lineal
69861,2026-06-30,2026-07-31,1,89.76994467265243,Regresión lineal
69865,2026-06-30,2026-07-31,1,40.92900211946104,Regresión lineal
69866,2026-06-30,2026-07-31,1,206.70498417709655,Regresión lineal
69871,2026-06-30,2026-07-31,1,248.669533355819,Regresión lineal
69877,2026-06-30,2026-07-31,1,180.99018738132975,Regresión lineal
69879,2026-06-30,2026-07-31,1,257.4334076423408,Regresión lineal
69881,2026-06-30,2026-07-31,1,266.5290614336958,Regresión lineal
69886,2026-06-30,2026-07-31,1,96.9805174049163,Regresión lineal
69896,2026-06-30,2026-07-31,1,54.64404136650357,Regresión lineal
69908,2026-06-30,2026-07-31,1,90.41161444909335,Regresión lineal
69912,2026-06-30,2026-07-31,1,94.22662972082199,Regresión lineal
69929,2026-06-30,2026-07-31,1,175.38727488653552,Regresión lineal
69931,2026-06-30,2026-07-31,1,48.125633966768476,Regresión lineal
69932,2026-06-30,2026-07-31,1,40.69765261376443,Regresión lineal
69949,2026-06-30,2026-07-31,1,45.98533289687786,Regresión lineal
69956,2026-06-30,2026-07-31,1,85.13660294655914,Regresión lineal
70125,2026-06-30,2026-07-31,1,330.54989766903276,Regresión lineal
70126,2026-06-30,2026-07-31,1,226.13927704403017,Regresión lineal
70127,2026-06-30,2026-07-31,1,166.55748073579895,Regresión lineal
75352,2026-06-30,2026-07-31,1,165.7823618331858,Regresión lineal
75354,2026-06-30,2026-07-31,1,103.75834870797897,Regresión lineal
75355,2026-06-30,2026-07-31,1,55.61231023968888,Regresión lineal
75358,2026-06-30,2026-07-31,1,162.02255311901104,Regresión lineal
75359,2026-06-30,2026-07-31,1,31.925966325841557,Regresión lineal
75362,2026-06-30,2026-07-31,1,144.59086997415187,Regresión lineal
75365,2026-06-30,2026-07-31,1,22.966218909382874,Regresión lineal
75367,2026-06-30,2026-07-31,1,451.81298002213254,Regresión lineal
75370,2026-06-30,2026-07-31,1,195.80355647883334,Regresión lineal
75371,2026-06-30,2026-07-31,1,89.40639680695227,Regresión lineal
75374,2026-06-30,2026-07-31,1,308.5074768376908,Regresión lineal
75380,2026-06-30,2026-07-31,1,332.0835616826521,Regresión lineal
75382,2026-06-30,2026-07-31,1,100.13469103257076,Regresión lineal
75392,2026-06-30,2026-07-31,1,110.38261271639395,Regresión lineal
75394,2026-06-30,2026-07-31,1,52.25692708945165,Regresión lineal
75396,2026-06-30,2026-07-31,1,39.50106353805708,Regresión lineal
75398,2026-06-30,2026-07-31,1,42.176604738468846,Regresión lineal
75403,2026-06-30,2026-07-31,1,11.669995780847998,Regresión lineal
75407,2026-06-30,2026-07-31,1,46.95767787591528,Regresión lineal
75409,2026-06-30,2026-07-31,1,27.917187534786407,Regresión lineal
75410,2026-06-30,2026-07-31,1,27.1451588588952,Regresión lineal
75414,2026-06-30,2026-07-31,1,22.654646312500702,Regresión lineal
75424,2026-06-30,2026-07-31,1,79.27317019087315,Regresión lineal
75616,2026-06-30,2026-07-31,1,167.2025869564467,Regresión lineal
75617,2026-06-30,2026-07-31,1,88.28870425452578,Regresión lineal
75619,2026-06-30,2026-07-31,1,53.4813728378728,Regresión lineal
119939,2026-06-30,2026-07-31,1,93.9564633252016,Regresión lineal
122237,2026-06-30,2026-07-31,1,70.23771430611946,Regresión lineal
122241,2026-06-30,2026-07-31,1,109.57966060314948,Regresión lineal
122247,2026-06-30,2026-07-31,1,9.435290554622156,Regresión lineal
122248,2026-06-30,2026-07-31,1,151.55675282681477,Regresión lineal
122251,2026-06-30,2026-07-31,1,90.29891859510951,Regresión lineal
122257,2026-06-30,2026-07-31,1,132.24093725304076,Regresión lineal
122262,2026-06-30,2026-07-31,1,118.24010552575974,Regresión lineal
122264,2026-06-30,2026-07-31,1,237.9227598451322,Regresión lineal
122271,2026-06-30,2026-07-31,1,125.00683160487449,Regresión lineal
122292,2026-06-30,2026-07-31,1,222.20065658946834,Regresión lineal
122293,2026-06-30,2026-07-31,1,88.86713718400955,Regresión lineal
122294,2026-06-30,2026-07-31,1,67.89849339004488,Regresión lineal
122295,2026-06-30,2026-07-31,1,67.89849339004493,Regresión lineal
122298,2026-06-30,2026-07-31,1,152.17158614335364,Regresión lineal
122302,2026-06-30,2026-07-31,1,141.99582525410676,Regresión lineal
122310,2026-06-30,2026-07-31,1,46.80113269517822,Regresión lineal
122315,2026-06-30,2026-07-31,1,59.7941335182062,Regresión lineal
122323,2026-06-30,2026-07-31,1,81.43063498149726,Regresión lineal
122347,2026-06-30,2026-07-31,1,82.8667587369768,Regresión lineal
122355,2026-06-30,2026-07-31,1,258.7534191484545,Regresión lineal
122360,2026-06-30,2026-07-31,1,130.87172972888743,Regresión lineal
122361,2026-06-30,2026-07-31,1,94.37251268183057,Regresión lineal
122366,2026-06-30,2026-07-31,1,148.82205312541754,Regresión lineal
122367,2026-06-30,2026-07-31,1,33.873945981291826,Regresión lineal
122368,2026-06-30,2026-07-31,1,125.45017375164088,Regresión lineal
122382,2026-06-30,2026-07-31,1,88.66826921165101,Regresión lineal
122398,2026-06-30,2026-07-31,1,26.311428303483225,Regresión lineal
122410,2026-06-30,2026-07-31,1,72.18632708669257,Regresión lineal
122423,2026-06-30,2026-07-31,1,151.4031114815009,Regresión lineal
122432,2026-06-30,2026-07-31,1,133.29944713353575,Regresión lineal
122433,2026-06-30,2026-07-31,1,63.10032393023257,Regresión lineal
122434,2026-06-30,2026-07-31,1,77.20377765639236,Regresión lineal
122435,2026-06-30,2026-07-31,1,37.53283931253323,Regresión lineal
122436,2026-06-30,2026-07-31,1,147.23416835677835,Regresión lineal
122440,2026-06-30,2026-07-31,1,136.90224054834582,Regresión lineal
122470,2026-06-30,2026-07-31,1,78.48244365593243,Regresión lineal
122489,2026-06-30,2026-07-31,1,55.429481154031166,Regresión lineal
122567,2026-06-30,2026-07-31,1,128.61154110465128,Regresión lineal
122593,2026-06-30,2026-07-31,1,187.8236888335358,Regresión lineal
122594,2026-06-30,2026-07-31,1,80.06580059013274,Regresión lineal
122602,2026-06-30,2026-07-31,1,92.5637929380114,Regresión lineal
122603,2026-06-30,2026-07-31,1,144.61886382896395,Regresión lineal
122604,2026-06-30,2026-07-31,1,67.97639915598083,Regresión lineal
122621,2026-06-30,2026-07-31,1,46.90335943801905,Regresión lineal
122627,2026-06-30,2026-07-31,1,133.70050671876078,Regresión lineal
122628,2026-06-30,2026-07-31,1,19.907690285731846,Regresión lineal
122629,2026-06-30,2026-07-31,1,25.557225768036048,Regresión lineal
122630,2026-06-30,2026-07-31,1,77.53823751522197,Regresión lineal
122654,2026-06-30,2026-07-31,1,29.3440535486814,Regresión lineal
122655,2026-06-30,2026-07-31,1,27.361422749941582,Regresión lineal
122657,2026-06-30,2026-07-31,1,61.60929317566284,Regresión lineal
122660,2026-06-30,2026-07-31,1,46.370308923025505,Regresión lineal
122666,2026-06-30,2026-07-31,1,58.01721446212264,Regresión lineal
122676,2026-06-30,2026-07-31,1,86.84935332080418,Regresión lineal
122680,2026-06-30,2026-07-31,1,31.695942590917895,Regresión lineal
122684,2026-06-30,2026-07-31,1,59.91882242244248,Regresión lineal
122685,2026-06-30,2026-07-31,1,32.081235513546844,Regresión lineal
122700,2026-06-30,2026-07-31,1,36.039846293489475,Regresión lineal
122707,2026-06-30,2026-07-31,1,76.75603828271676,Regresión lineal
122717,2026-06-30,2026-07-31,1,95.98137420571406,Regresión lineal
122724,2026-06-30,2026-07-31,1,84.51577640735461,Regresión lineal
122726,2026-06-30,2026-07-31,1,39.09967072977161,Regresión lineal
122727,2026-06-30,2026-07-31,1,97.19882521591857,Regresión lineal
122732,2026-06-30,2026-07-31,1,39.839369520181705,Regresión lineal
122734,2026-06-30,2026-07-31,1,33.16863179736629,Regresión lineal
122736,2026-06-30,2026-07-31,1,52.89997435970517,Regresión lineal
122744,2026-06-30,2026-07-31,1,34.143228402979645,Regresión lineal
122746,2026-06-30,2026-07-31,1,93.9031247884399,Regresión lineal
122761,2026-06-30,2026-07-31,1,163.73746798426475,Regresión lineal
122764,2026-06-30,2026-07-31,1,74.26079282824104,Regresión lineal
122766,2026-06-30,2026-07-31,1,73.92725626836874,Regresión lineal
122771,2026-06-30,2026-07-31,1,188.1813717459467,Regresión lineal
122772,2026-06-30,2026-07-31,1,137.14234934856103,Regresión lineal
122773,2026-06-30,2026-07-31,1,131.2262922480581,Regresión lineal
122776,2026-06-30,2026-07-31,1,103.97914381441346,Regresión lineal
122777,2026-06-30,2026-07-31,1,197.60983873132938,Regresión lineal
122778,2026-06-30,2026-07-31,1,100.46270833907283,Regresión lineal
122781,2026-06-30,2026-07-31,1,73.14067849569429,Regresión lineal
122782,2026-06-30,2026-07-31,1,157.4719600229529,Regresión lineal
122783,2026-06-30,2026-07-31,1,107.95636493949331,Regresión lineal
122784,2026-06-30,2026-07-31,1,98.78218882804447,Regresión lineal
122788,2026-06-30,2026-07-31,1,142.03420151150416,Regresión lineal
122792,2026-06-30,2026-07-31,1,132.47619881816348,Regresión lineal
122799,2026-06-30,2026-07-31,1,20.682090623796924,Regresión lineal
122802,2026-06-30,2026-07-31,1,67.25992407263638,Regresión lineal
122806,2026-06-30,2026-07-31,1,88.51668591097476,Regresión lineal
122808,2026-06-30,2026-07-31,1,143.04788176011914,Regresión lineal
122815,2026-06-30,2026-07-31,1,61.43445644906009,Regresión lineal
122818,2026-06-30,2026-07-31,1,49.23609082095448,Regresión lineal
122822,2026-06-30,2026-07-31,1,91.95688596159845,Regresión lineal
122825,2026-06-30,2026-07-31,1,89.25092138865081,Regresión lineal
122826,2026-06-30,2026-07-31,1,17.045593545117157,Regresión lineal
122830,2026-06-30,2026-07-31,1,84.99488031467737,Regresión lineal
122837,2026-06-30,2026-07-31,1,41.621837766330536,Regresión lineal
122848,2026-06-30,2026-07-31,1,27.850067022747325,Regresión lineal
122854,2026-06-30,2026-07-31,1,41.964998156362725,Regresión lineal
122869,2026-06-30,2026-07-31,1,44.92474508401029,Regresión lineal
122891,2026-06-30,2026-07-31,1,18.253571951484446,Regresión lineal
122904,2026-06-30,2026-07-31,1,43.31938402593449,Regresión lineal
122905,2026-06-30,2026-07-31,1,45.874960031925696,Regresión lineal
122908,2026-06-30,2026-07-31,1,64.18253608694835,Regresión lineal
122918,2026-06-30,2026-07-31,1,118.16526680223515,Regresión lineal
122922,2026-06-30,2026-07-31,1,128.14844677259993,Regresión lineal
122923,2026-06-30,2026-07-31,1,6.071617800973328,Regresión lineal
122931,2026-06-30,2026-07-31,1,43.926291417844936,Regresión lineal
122937,2026-06-30,2026-07-31,1,81.79409276058962,Regresión lineal
122940,2026-06-30,2026-07-31,1,70.1625706660845,Regresión lineal
122941,2026-06-30,2026-07-31,1,13.091922446970585,Regresión lineal
122942,2026-06-30,2026-07-31,1,53.810802907847304,Regresión lineal
122943,2026-06-30,2026-07-31,1,24.59105248889192,Regresión lineal
122988,2026-06-30,2026-07-31,1,32.029099115507265,Regresión lineal
122990,2026-06-30,2026-07-31,1,103.909969094806,Regresión lineal
123008,2026-06-30,2026-07-31,1,207.39383651652537,Regresión lineal
123019,2026-06-30,2026-07-31,1,59.82324637903952,Regresión lineal
123034,2026-06-30,2026-07-31,1,188.03056265027135,Regresión lineal
123036,2026-06-30,2026-07-31,1,54.21119608271135,Regresión lineal
123044,2026-06-30,2026-07-31,1,109.93717429320121,Regresión lineal
123049,2026-06-30,2026-07-31,1,82.38647590903598,Regresión lineal
123056,2026-06-30,2026-07-31,1,76.41024907455292,Regresión lineal
123061,2026-06-30,2026-07-31,1,203.97214216083756,Regresión lineal
123080,2026-06-30,2026-07-31,1,60.69700898195178,Regresión lineal
123100,2026-06-30,2026-07-31,1,80.59899265088205,Regresión lineal
123101,2026-06-30,2026-07-31,1,128.85374127311132,Regresión lineal
123105,2026-06-30,2026-07-31,1,195.03963821095334,Regresión lineal
123106,2026-06-30,2026-07-31,1,130.37996477530106,Regresión lineal
123107,2026-06-30,2026-07-31,1,134.18695103399855,Regresión lineal
123111,2026-06-30,2026-07-31,1,181.7546246501414,Regresión lineal
123113,2026-06-30,2026-07-31,1,113.79821269996444,Regresión lineal
123114,2026-06-30,2026-07-31,1,182.66527570729582,Regresión lineal
123115,2026-06-30,2026-07-31,1,117.25896105596581,Regresión lineal
123117,2026-06-30,2026-07-31,1,502.75647499448854,Regresión lineal
123122,2026-06-30,2026-07-31,1,63.35901615493988,Regresión lineal
123131,2026-06-30,2026-07-31,1,44.83347005283164,Regresión lineal
123132,2026-06-30,2026-07-31,1,7.381596388346992,Regresión lineal
123196,2026-06-30,2026-07-31,1,105.03285708002775,Regresión lineal
123218,2026-06-30,2026-07-31,1,51.67526762031943,Regresión lineal
123220,2026-06-30,2026-07-31,1,33.901187279496924,Regresión lineal
123225,2026-06-30,2026-07-31,1,49.531804048616735,Regresión lineal
123226,2026-06-30,2026-07-31,1,48.45230515836737,Regresión lineal
123231,2026-06-30,2026-07-31,1,72.2319748170807,Regresión lineal
123285,2026-06-30,2026-07-31,1,51.241838973176925,Regresión lineal
123293,2026-06-30,2026-07-31,1,36.269780028641875,Regresión lineal
123295,2026-06-30,2026-07-31,1,107.73526026546415,Regresión lineal
123309,2026-06-30,2026-07-31,1,29.87591220592654,Regresión lineal
123310,2026-06-30,2026-07-31,1,55.6353155958022,Regresión lineal
123315,2026-06-30,2026-07-31,1,57.53563886559648,Regresión lineal
123317,2026-06-30,2026-07-31,1,33.524668936093676,Regresión lineal
123320,2026-06-30,2026-07-31,1,162.20254102144074,Regresión lineal
123321,2026-06-30,2026-07-31,1,110.04673847922462,Regresión lineal
123324,2026-06-30,2026-07-31,1,78.48416833316125,Regresión lineal
123325,2026-06-30,2026-07-31,1,87.95375146180886,Regresión lineal
123333,2026-06-30,2026-07-31,1,103.06981969816427,Regresión lineal
123337,2026-06-30,2026-07-31,1,81.02600303473125,Regresión lineal
123339,2026-06-30,2026-07-31,1,144.3253691575495,Regresión lineal
123340,2026-06-30,2026-07-31,1,63.844854388172976,Regresión lineal
123341,2026-06-30,2026-07-31,1,142.30252977497048,Regresión lineal
123342,2026-06-30,2026-07-31,1,79.80986804914883,Regresión lineal
123343,2026-06-30,2026-07-31,1,53.3861757172311,Regresión lineal
123344,2026-06-30,2026-07-31,1,36.11396474246499,Regresión lineal
123346,2026-06-30,2026-07-31,1,91.476660929509,Regresión lineal
123347,2026-06-30,2026-07-31,1,154.24609157821948,Regresión lineal
123373,2026-06-30,2026-07-31,1,31.732692163252437,Regresión lineal
123374,2026-06-30,2026-07-31,1,21.54064285734097,Regresión lineal
123377,2026-06-30,2026-07-31,1,63.28669360816384,Regresión lineal
123378,2026-06-30,2026-07-31,1,42.633307775115604,Regresión lineal
123384,2026-06-30,2026-07-31,1,122.17194398305675,Regresión lineal
123405,2026-06-30,2026-07-31,1,80.07974692519521,Regresión lineal
123411,2026-06-30,2026-07-31,1,92.79195395145868,Regresión lineal
123421,2026-06-30,2026-07-31,1,127.95581962863538,Regresión lineal
123425,2026-06-30,2026-07-31,1,69.62171492276738,Regresión lineal
123426,2026-06-30,2026-07-31,1,147.72826242221262,Regresión lineal
123427,2026-06-30,2026-07-31,1,38.40630532980865,Regresión lineal
123428,2026-06-30,2026-07-31,1,139.65037000772105,Regresión lineal
123433,2026-06-30,2026-07-31,1,76.72447656803519,Regresión lineal
123440,2026-06-30,2026-07-31,1,179.11101388327774,Regresión lineal
123458,2026-06-30,2026-07-31,1,53.23952220483481,Regresión lineal
123463,2026-06-30,2026-07-31,1,111.08278625581598,Regresión lineal
123467,2026-06-30,2026-07-31,1,98.7335664196047,Regresión lineal
123470,2026-06-30,2026-07-31,1,58.40962868001213,Regresión lineal
123471,2026-06-30,2026-07-31,1,73.49736468288981,Regresión lineal
123477,2026-06-30,2026-07-31,1,92.3214814079776,Regresión lineal
123478,2026-06-30,2026-07-31,1,79.02712802716859,Regresión lineal
123479,2026-06-30,2026-07-31,1,53.051547975446915,Regresión lineal
123480,2026-06-30,2026-07-31,1,82.21719091992298,Regresión lineal
123483,2026-06-30,2026-07-31,1,45.758507898850425,Regresión lineal
123484,2026-06-30,2026-07-31,1,130.22460043505043,Regresión lineal
123495,2026-06-30,2026-07-31,1,198.17577065385038,Regresión lineal
123498,2026-06-30,2026-07-31,1,43.80079069355109,Regresión lineal
123504,2026-06-30,2026-07-31,1,91.20079496159688,Regresión lineal
123505,2026-06-30,2026-07-31,1,155.4170440175633,Regresión lineal
123511,2026-06-30,2026-07-31,1,160.51742014411954,Regresión lineal
123512,2026-06-30,2026-07-31,1,321.4726847552021,Regresión lineal
123519,2026-06-30,2026-07-31,1,204.2571486506793,Regresión lineal
123528,2026-06-30,2026-07-31,1,69.6183339049339,Regresión lineal
123538,2026-06-30,2026-07-31,1,258.9842925394088,Regresión lineal
123563,2026-06-30,2026-07-31,1,73.10823789996051,Regresión lineal
123574,2026-06-30,2026-07-31,1,348.2394470480202,Regresión lineal
123587,2026-06-30,2026-07-31,1,214.13175262719216,Regresión lineal
123612,2026-06-30,2026-07-31,1,315.905638024556,Regresión lineal
123621,2026-06-30,2026-07-31,1,117.49049157285829,Regresión lineal
123714,2026-06-30,2026-07-31,1,87.30319063757241,Regresión lineal
123741,2026-06-30,2026-07-31,1,117.37372839105072,Regresión lineal
123776,2026-06-30,2026-07-31,1,138.7072952976255,Regresión lineal
123778,2026-06-30,2026-07-31,1,151.42853169016462,Regresión lineal
123805,2026-06-30,2026-07-31,1,170.10618524571237,Regresión lineal
123841,2026-06-30,2026-07-31,1,54.34221475582722,Regresión lineal
123842,2026-06-30,2026-07-31,1,28.72825103125878,Regresión lineal
123847,2026-06-30,2026-07-31,1,43.88700168061427,Regresión lineal
123848,2026-06-30,2026-07-31,1,36.174591421600844,Regresión lineal
123854,2026-06-30,2026-07-31,1,235.18953571297664,Regresión lineal
123872,2026-06-30,2026-07-31,1,11.819455903127235,Regresión lineal
123873,2026-06-30,2026-07-31,1,94.41097416382696,Regresión lineal
123875,2026-06-30,2026-07-31,1,20.321473597317592,Regresión lineal
123876,2026-06-30,2026-07-31,1,14.408692586331426,Regresión lineal
123877,2026-06-30,2026-07-31,1,117.05515212677565,Regresión lineal
123878,2026-06-30,2026-07-31,1,136.39465937055255,Regresión lineal
123879,2026-06-30,2026-07-31,1,44.17192757281037,Regresión lineal
123880,2026-06-30,2026-07-31,1,18.774907078530205,Regresión lineal
123881,2026-06-30,2026-07-31,1,27.373872592058746,Regresión lineal
123884,2026-06-30,2026-07-31,1,156.72661058473702,Regresión lineal
123895,2026-06-30,2026-07-31,1,67.10514837963176,Regresión lineal
123896,2026-06-30,2026-07-31,1,67.10514837963174,Regresión lineal
123902,2026-06-30,2026-07-31,1,139.50646559311798,Regresión lineal
123909,2026-06-30,2026-07-31,1,52.53997070405711,Regresión lineal
123917,2026-06-30,2026-07-31,1,112.9072568532316,Regresión lineal
123927,2026-06-30,2026-07-31,1,205.91763681799273,Regresión lineal
123935,2026-06-30,2026-07-31,1,50.19213639664578,Regresión lineal
123948,2026-06-30,2026-07-31,1,28.547168734829754,Regresión lineal
123953,2026-06-30,2026-07-31,1,82.05461983763766,Regresión lineal
123954,2026-06-30,2026-07-31,1,99.91984854530428,Regresión lineal
123955,2026-06-30,2026-07-31,1,24.63320592184151,Regresión lineal
123967,2026-06-30,2026-07-31,1,140.7204228712821,Regresión lineal
123968,2026-06-30,2026-07-31,1,61.313316791044684,Regresión lineal
123985,2026-06-30,2026-07-31,1,26.732621746856665,Regresión lineal
123986,2026-06-30,2026-07-31,1,34.95469076085155,Regresión lineal
123991,2026-06-30,2026-07-31,1,149.2756833934696,Regresión lineal
123996,2026-06-30,2026-07-31,1,69.94200330907363,Regresión lineal
123997,2026-06-30,2026-07-31,1,55.270815440775735,Regresión lineal
123999,2026-06-30,2026-07-31,1,133.10045858523696,Regresión lineal
124006,2026-06-30,2026-07-31,1,142.0000711705909,Regresión lineal
124009,2026-06-30,2026-07-31,1,167.9930794265234,Regresión lineal
124018,2026-06-30,2026-07-31,1,172.23389001754032,Regresión lineal
124031,2026-06-30,2026-07-31,1,49.504297966534445,Regresión lineal
124058,2026-06-30,2026-07-31,1,134.8700423786055,Regresión lineal
124060,2026-06-30,2026-07-31,1,93.13927347995465,Regresión lineal
124067,2026-06-30,2026-07-31,1,57.90387172934911,Regresión lineal
124071,2026-06-30,2026-07-31,1,164.5003320565997,Regresión lineal
124072,2026-06-30,2026-07-31,1,41.77994105597688,Regresión lineal
124074,2026-06-30,2026-07-31,1,114.44306401137304,Regresión lineal
124090,2026-06-30,2026-07-31,1,56.38159451023352,Regresión lineal
124091,2026-06-30,2026-07-31,1,25.036832150055986,Regresión lineal
124094,2026-06-30,2026-07-31,1,47.27975639100753,Regresión lineal
124106,2026-06-30,2026-07-31,1,199.90885685450147,Regresión lineal
124107,2026-06-30,2026-07-31,1,86.57870623908502,Regresión lineal
124115,2026-06-30,2026-07-31,1,47.217161968791636,Regresión lineal
124116,2026-06-30,2026-07-31,1,32.00128933812691,Regresión lineal
124130,2026-06-30,2026-07-31,1,79.05812339796574,Regresión lineal
124131,2026-06-30,2026-07-31,1,43.25847779357465,Regresión lineal
124162,2026-06-30,2026-07-31,1,101.46590640192979,Regresión lineal
124207,2026-06-30,2026-07-31,1,38.468260313147994,Regresión lineal
124211,2026-06-30,2026-07-31,1,23.21391360406504,Regresión lineal
124212,2026-06-30,2026-07-31,1,75.40716596326007,Regresión lineal
124230,2026-06-30,2026-07-31,1,73.62098458284984,Regresión lineal
124236,2026-06-30,2026-07-31,1,232.73040222791656,Regresión lineal
124237,2026-06-30,2026-07-31,1,84.96827292314701,Regresión lineal
124238,2026-06-30,2026-07-31,1,10.310552980083273,Regresión lineal
124240,2026-06-30,2026-07-31,1,80.76983046042199,Regresión lineal
124286,2026-06-30,2026-07-31,1,44.7851018592372,Regresión lineal
124300,2026-06-30,2026-07-31,1,86.06462783905523,Regresión lineal
124303,2026-06-30,2026-07-31,1,69.79824268059023,Regresión lineal
124330,2026-06-30,2026-07-31,1,34.28647338379086,Regresión lineal
124338,2026-06-30,2026-07-31,1,58.663447549174904,Regresión lineal
124339,2026-06-30,2026-07-31,1,5.929036369956606,Regresión lineal
124346,2026-06-30,2026-07-31,1,29.076628081383433,Regresión lineal
124347,2026-06-30,2026-07-31,1,44.96247871671028,Regresión lineal
124353,2026-06-30,2026-07-31,1,5.529963368650471,Regresión lineal
124354,2026-06-30,2026-07-31,1,54.25388123513268,Regresión lineal
124367,2026-06-30,2026-07-31,1,80.3094264259655,Regresión lineal
124371,2026-06-30,2026-07-31,1,64.70112859041402,Regresión lineal
124380,2026-06-30,2026-07-31,1,180.88563964718884,Regresión lineal
124402,2026-06-30,2026-07-31,1,73.63793255214439,Regresión lineal
124420,2026-06-30,2026-07-31,1,130.1942284139005,Regresión lineal
124424,2026-06-30,2026-07-31,1,75.60919866674212,Regresión lineal
124459,2026-06-30,2026-07-31,1,44.60682994181172,Regresión lineal
124473,2026-06-30,2026-07-31,1,82.77652999562324,Regresión lineal
124474,2026-06-30,2026-07-31,1,152.9482631015988,Regresión lineal
124480,2026-06-30,2026-07-31,1,40.99869344124019,Regresión lineal
124499,2026-06-30,2026-07-31,1,16.772810871597656,Regresión lineal
124500,2026-06-30,2026-07-31,1,26.806409339179098,Regresión lineal
124524,2026-06-30,2026-07-31,1,168.86303143528795,Regresión lineal
124537,2026-06-30,2026-07-31,1,119.10945542829111,Regresión lineal
124545,2026-06-30,2026-07-31,1,64.6309250990935,Regresión lineal
124551,2026-06-30,2026-07-31,1,124.98605975768395,Regresión lineal
124553,2026-06-30,2026-07-31,1,114.98465572561761,Regresión lineal
124556,2026-06-30,2026-07-31,1,49.166976144945,Regresión lineal
124573,2026-06-30,2026-07-31,1,109.5693470548678,Regresión lineal
124665,2026-06-30,2026-07-31,1,64.19781033948158,Regresión lineal
125168,2026-06-30,2026-07-31,1,22.523547034600597,Regresión lineal
125241,2026-06-30,2026-07-31,1,126.35656739975057,Regresión lineal
125252,2026-06-30,2026-07-31,1,153.18474947031825,Regresión lineal
125888,2026-06-30,2026-07-31,1,188.9918895818169,Regresión lineal
125889,2026-06-30,2026-07-31,1,76.71835170855844,Regresión lineal
126143,2026-06-30,2026-07-31,1,84.66960011391383,Regresión lineal
126170,2026-06-30,2026-07-31,1,87.26074789908495,Regresión lineal
126362,2026-06-30,2026-07-31,1,46.08029385484263,Regresión lineal
126500,2026-06-30,2026-07-31,1,189.91569931087946,Regresión lineal
128068,2026-06-30,2026-07-31,1,143.55453172004752,Regresión lineal
129877,2026-06-30,2026-07-31,1,115.92118849370203,Regresión lineal
130176,2026-06-30,2026-07-31,1,73.26478582398907,Regresión lineal
130875,2026-06-30,2026-07-31,1,202.5549574170326,Regresión lineal
131100,2026-06-30,2026-07-31,1,293.1997611080215,Regresión lineal
132723,2026-06-30,2026-07-31,1,55.3021674130418,Regresión lineal
132993,2026-06-30,2026-07-31,1,114.97714439323974,Regresión lineal
133378,2026-06-30,2026-07-31,1,67.5625728679635,Regresión lineal
133529,2026-06-30,2026-07-31,1,47.43738087355449,Regresión lineal
133930,2026-06-30,2026-07-31,1,30.993090802673933,Regresión lineal
134139,2026-06-30,2026-07-31,1,75.19972464632042,Regresión lineal
134291,2026-06-30,2026-07-31,1,178.47291930359847,Regresión lineal
134292,2026-06-30,2026-07-31,1,85.17520725854675,Regresión lineal
134390,2026-06-30,2026-07-31,1,164.26275594027064,Regresión lineal
134689,2026-06-30,2026-07-31,1,96.32191678663797,Regresión lineal
134690,2026-06-30,2026-07-31,1,200.1212420143758,Regresión lineal
134691,2026-06-30,2026-07-31,1,70.7516388387994,Regresión lineal
134694,2026-06-30,2026-07-31,1,25.368996106041948,Regresión lineal
134862,2026-06-30,2026-07-31,1,71.05043515936711,Regresión lineal
134863,2026-06-30,2026-07-31,1,39.3698883340683,Regresión lineal
134977,2026-06-30,2026-07-31,1,107.46285764314712,Regresión lineal
135237,2026-06-30,2026-07-31,1,176.07196513699188,Regresión lineal
135487,2026-06-30,2026-07-31,1,72.32532078717149,Regresión lineal
135797,2026-06-30,2026-07-31,1,44.34003306468934,Regresión lineal
136208,2026-06-30,2026-07-31,1,23.58017866879264,Regresión lineal
136209,2026-06-30,2026-07-31,1,10.447469750232258,Regresión lineal
136210,2026-06-30,2026-07-31,1,163.48595115113582,Regresión lineal
136384,2026-06-30,2026-07-31,1,145.38893854246885,Regresión lineal
136816,2026-06-30,2026-07-31,1,66.41322788366352,Regresión lineal
137230,2026-06-30,2026-07-31,1,68.21598248085607,Regresión lineal
137725,2026-06-30,2026-07-31,1,38.09831423024521,Regresión lineal
143863,2026-06-30,2026-07-31,1,124.40918265403492,Regresión lineal
144120,2026-06-30,2026-07-31,1,70.41810659191817,Regresión lineal
144121,2026-06-30,2026-07-31,1,44.53308651989845,Regresión lineal
144248,2026-06-30,2026-07-31,1,131.1887833628104,Regresión lineal
144251,2026-06-30,2026-07-31,1,32.67033367315784,Regresión lineal
144366,2026-06-30,2026-07-31,1,56.67477408013534,Regresión lineal
145246,2026-06-30,2026-07-31,1,33.129357499239916,Regresión lineal
145247,2026-06-30,2026-07-31,1,18.51605973187978,Regresión lineal
145371,2026-06-30,2026-07-31,1,239.0978307282134,Regresión lineal
145373,2026-06-30,2026-07-31,1,51.80832753268673,Regresión lineal
145528,2026-06-30,2026-07-31,1,35.94611059422263,Regresión lineal
145695,2026-06-30,2026-07-31,1,274.2151426520396,Regresión lineal
145699,2026-06-30,2026-07-31,1,74.20585450894124,Regresión lineal
145700,2026-06-30,2026-07-31,1,49.39901511810989,Regresión lineal
145847,2026-06-30,2026-07-31,1,77.37979606951417,Regresión lineal
146241,2026-06-30,2026-07-31,1,64.65630908209486,Regresión lineal
146362,2026-06-30,2026-07-31,1,27.43863402112281,Regresión lineal
146433,2026-06-30,2026-07-31,1,122.17194398305676,Regresión lineal
147132,2026-06-30,2026-07-31,1,101.751351269007,Regresión lineal
147265,2026-06-30,2026-07-31,1,88.27154896837256,Regresión lineal
147266,2026-06-30,2026-07-31,1,116.2840871453198,Regresión lineal
147268,2026-06-30,2026-07-31,1,145.16970897679863,Regresión lineal
147454,2026-06-30,2026-07-31,1,85.81542322306251,Regresión lineal
153297,2026-06-30,2026-07-31,1,66.03043993694028,Regresión lineal
153440,2026-06-30,2026-07-31,1,13.639307532947484,Regresión lineal
153576,2026-06-30,2026-07-31,1,122.28708564381333,Regresión lineal
153578,2026-06-30,2026-07-31,1,64.05277787370531,Regresión lineal
153727,2026-06-30,2026-07-31,1,156.57371992523733,Regresión lineal
153846,2026-06-30,2026-07-31,1,41.72345779558924,Regresión lineal
153955,2026-06-30,2026-07-31,1,16.636277179973135,Regresión lineal
154166,2026-06-30,2026-07-31,1,53.342479611523245,Regresión lineal
154167,2026-06-30,2026-07-31,1,14.280170150881744,Regresión lineal
154169,2026-06-30,2026-07-31,1,32.89477161789689,Regresión lineal
154530,2026-06-30,2026-07-31,1,20.174463808871764,Regresión lineal
154531,2026-06-30,2026-07-31,1,63.36841627427635,Regresión lineal
154888,2026-06-30,2026-07-31,1,50.69249099330608,Regresión lineal
154889,2026-06-30,2026-07-31,1,64.08255510294072,Regresión lineal
154890,2026-06-30,2026-07-31,1,150.53966776646104,Regresión lineal
155005,2026-06-30,2026-07-31,1,56.63064675394142,Regresión lineal
155006,2026-06-30,2026-07-31,1,63.68673796271682,Regresión lineal
155009,2026-06-30,2026-07-31,1,36.23105609422862,Regresión lineal
155188,2026-06-30,2026-07-31,1,13.008586488963061,Regresión lineal
155189,2026-06-30,2026-07-31,1,226.63974661715963,Regresión lineal
155190,2026-06-30,2026-07-31,1,93.88089667970902,Regresión lineal
155194,2026-06-30,2026-07-31,1,324.88771298234496,Regresión lineal
155504,2026-06-30,2026-07-31,1,16.74697861442982,Regresión lineal
155505,2026-06-30,2026-07-31,1,52.5980473345682,Regresión lineal
155604,2026-06-30,2026-07-31,1,69.92321043847305,Regresión lineal
155605,2026-06-30,2026-07-31,1,4.525803439536503,Regresión lineal
155790,2026-06-30,2026-07-31,1,64.63981938990223,Regresión lineal
156456,2026-06-30,2026-07-31,1,72.5757003681368,Regresión lineal
156526,2026-06-30,2026-07-31,1,297.2889769936951,Regresión lineal
156527,2026-06-30,2026-07-31,1,131.03252789821926,Regresión lineal
156680,2026-06-30,2026-07-31,1,28.938148515031614,Regresión lineal
156681,2026-06-30,2026-07-31,1,4.5214911216193485,Regresión lineal
156847,2026-06-30,2026-07-31,1,19.601919015881037,Regresión lineal
156850,2026-06-30,2026-07-31,1,154.60403045374068,Regresión lineal
156947,2026-06-30,2026-07-31,1,121.03141307775138,Regresión lineal
156952,2026-06-30,2026-07-31,1,46.7596266150675,Regresión lineal
157093,2026-06-30,2026-07-31,1,131.04904970224962,Regresión lineal
157095,2026-06-30,2026-07-31,1,202.21117664001156,Regresión lineal
157178,2026-06-30,2026-07-31,1,89.55502474081815,Regresión lineal
157293,2026-06-30,2026-07-31,1,37.37014075812499,Regresión lineal
157390,2026-06-30,2026-07-31,1,55.7162842494955,Regresión lineal
157391,2026-06-30,2026-07-31,1,41.580138047638535,Regresión lineal
157392,2026-06-30,2026-07-31,1,5.959154629909364,Regresión lineal
157489,2026-06-30,2026-07-31,1,65.92435844429565,Regresión lineal
157771,2026-06-30,2026-07-31,1,134.02168670679546,Regresión lineal
157772,2026-06-30,2026-07-31,1,97.50283212151737,Regresión lineal
157778,2026-06-30,2026-07-31,1,65.56439846727996,Regresión lineal
157831,2026-06-30,2026-07-31,1,125.2106926966006,Regresión lineal
157832,2026-06-30,2026-07-31,1,58.17080647462423,Regresión lineal
157950,2026-06-30,2026-07-31,1,119.47539881865278,Regresión lineal
158026,2026-06-30,2026-07-31,1,42.98823131407065,Regresión lineal
158027,2026-06-30,2026-07-31,1,29.189992157706698,Regresión lineal
158123,2026-06-30,2026-07-31,1,117.23523777886004,Regresión lineal
158124,2026-06-30,2026-07-31,1,24.41581409980101,Regresión lineal
158346,2026-06-30,2026-07-31,1,29.572383190391747,Regresión lineal
158399,2026-06-30,2026-07-31,1,31.648036016394343,Regresión lineal
158400,2026-06-30,2026-07-31,1,102.68139328275268,Regresión lineal
158872,2026-06-30,2026-07-31,1,376.76258171314265,Regresión lineal
159118,2026-06-30,2026-07-31,1,238.28976390352733,Regresión lineal
159120,2026-06-30,2026-07-31,1,291.62558012508265,Regresión lineal
159121,2026-06-30,2026-07-31,1,21.21621446835148,Regresión lineal
159122,2026-06-30,2026-07-31,1,55.354923526153506,Regresión lineal
159209,2026-06-30,2026-07-31,1,168.22760283778035,Regresión lineal
159256,2026-06-30,2026-07-31,1,6.992528510617348,Regresión lineal
159268,2026-06-30,2026-07-31,1,72.66114717578999,Regresión lineal
159697,2026-06-30,2026-07-31,1,42.86537569496309,Regresión lineal
159698,2026-06-30,2026-07-31,1,545.6233927872888,Regresión lineal
159700,2026-06-30,2026-07-31,1,50.859761452134634,Regresión lineal
159701,2026-06-30,2026-07-31,1,33.62263118760285,Regresión lineal
159825,2026-06-30,2026-07-31,1,89.93813355019952,Regresión lineal
159827,2026-06-30,2026-07-31,1,35.123902504563276,Regresión lineal
159828,2026-06-30,2026-07-31,1,53.10565680324311,Regresión lineal
160013,2026-06-30,2026-07-31,1,241.65095640333618,Regresión lineal
160137,2026-06-30,2026-07-31,1,88.05653100814408,Regresión lineal
160138,2026-06-30,2026-07-31,1,228.34500506520942,Regresión lineal
160139,2026-06-30,2026-07-31,1,36.48506860309905,Regresión lineal
160140,2026-06-30,2026-07-31,1,77.11169521322654,Regresión lineal
160141,2026-06-30,2026-07-31,1,47.69042811006545,Regresión lineal
160142,2026-06-30,2026-07-31,1,12.256982820881333,Regresión lineal
160265,2026-06-30,2026-07-31,1,419.59490173510363,Regresión lineal
160419,2026-06-30,2026-07-31,1,37.89811549694194,Regresión lineal
160420,2026-06-30,2026-07-31,1,51.112645026993576,Regresión lineal
160503,2026-06-30,2026-07-31,1,61.103603440748394,Regresión lineal
160504,2026-06-30,2026-07-31,1,25.06212687518905,Regresión lineal
160685,2026-06-30,2026-07-31,1,77.79466476852218,Regresión lineal
160837,2026-06-30,2026-07-31,1,455.6987785491039,Regresión lineal
160838,2026-06-30,2026-07-31,1,43.73965953216161,Regresión lineal
160839,2026-06-30,2026-07-31,1,71.87222985021234,Regresión lineal
161246,2026-06-30,2026-07-31,1,119.88599333332485,Regresión lineal
161247,2026-06-30,2026-07-31,1,38.08737128895679,Regresión lineal
161248,2026-06-30,2026-07-31,1,12.155411786218806,Regresión lineal
161350,2026-06-30,2026-07-31,1,76.6276570918747,Regresión lineal
161505,2026-06-30,2026-07-31,1,6.005562947876356,Regresión lineal
161506,2026-06-30,2026-07-31,1,141.33023170167394,Regresión lineal
161593,2026-06-30,2026-07-31,1,110.84083402318431,Regresión lineal
162191,2026-06-30,2026-07-31,1,129.78548690533316,Regresión lineal
162192,2026-06-30,2026-07-31,1,20.68209062379681,Regresión lineal
8380,2026-06-30,2026-08-31,2,12.17256498523598,Regresión lineal
8385,2026-06-30,2026-08-31,2,194.38835335066648,Regresión lineal
8392,2026-06-30,2026-08-31,2,94.64891001147058,Regresión lineal
8415,2026-06-30,2026-08-31,2,2.252446850804418,Regresión lineal
39215,2026-06-30,2026-08-31,2,105.66076032148447,Regresión lineal
64744,2026-06-30,2026-08-31,2,18.36411519477562,Regresión lineal
64767,2026-06-30,2026-08-31,2,12.382293124493671,Regresión lineal
64792,2026-06-30,2026-08-31,2,20.65156380614019,Regresión lineal
65658,2026-06-30,2026-08-31,2,8.564491790392111,Regresión lineal
68153,2026-06-30,2026-08-31,2,82.86805839099904,Regresión lineal
68163,2026-06-30,2026-08-31,2,130.03326278093684,Regresión lineal
68165,2026-06-30,2026-08-31,2,106.73406047797592,Regresión lineal
68172,2026-06-30,2026-08-31,2,24.632402338396375,Regresión lineal
69830,2026-06-30,2026-08-31,2,145.4594837656839,Regresión lineal
69837,2026-06-30,2026-08-31,2,71.1646158720452,Regresión lineal
69839,2026-06-30,2026-08-31,2,92.81251016976394,Regresión lineal
69849,2026-06-30,2026-08-31,2,67.28118119763599,Regresión lineal
69853,2026-06-30,2026-08-31,2,85.23265262499592,Regresión lineal
69859,2026-06-30,2026-08-31,2,114.3675819049555,Regresión lineal
69861,2026-06-30,2026-08-31,2,93.5726665370747,Regresión lineal
69865,2026-06-30,2026-08-31,2,51.505601233684985,Regresión lineal
69866,2026-06-30,2026-08-31,2,203.24948011887258,Regresión lineal
69871,2026-06-30,2026-08-31,2,247.1599017409652,Regresión lineal
69877,2026-06-30,2026-08-31,2,179.45188928597258,Regresión lineal
69879,2026-06-30,2026-08-31,2,254.69762588074968,Regresión lineal
69881,2026-06-30,2026-08-31,2,256.44905569203036,Regresión lineal
69886,2026-06-30,2026-08-31,2,92.9157887232066,Regresión lineal
69896,2026-06-30,2026-08-31,2,56.14341610249782,Regresión lineal
69908,2026-06-30,2026-08-31,2,90.82694930421827,Regresión lineal
69912,2026-06-30,2026-08-31,2,96.67111216867805,Regresión lineal
69929,2026-06-30,2026-08-31,2,178.2473800328482,Regresión lineal
69931,2026-06-30,2026-08-31,2,49.971477424688175,Regresión lineal
69932,2026-06-30,2026-08-31,2,42.91358854096127,Regresión lineal
69949,2026-06-30,2026-08-31,2,47.750932264048906,Regresión lineal
69956,2026-06-30,2026-08-31,2,83.30427136378373,Regresión lineal
70125,2026-06-30,2026-08-31,2,322.6659808203608,Regresión lineal
70126,2026-06-30,2026-08-31,2,224.57130698014322,Regresión lineal
70127,2026-06-30,2026-08-31,2,163.03258577455915,Regresión lineal
75352,2026-06-30,2026-08-31,2,165.7193065895603,Regresión lineal
75354,2026-06-30,2026-08-31,2,105.06792925238543,Regresión lineal
75355,2026-06-30,2026-08-31,2,57.72625668620111,Regresión lineal
75358,2026-06-30,2026-08-31,2,162.07241157038607,Regresión lineal
75359,2026-06-30,2026-08-31,2,34.179420556348774,Regresión lineal
75362,2026-06-30,2026-08-31,2,142.94686245490783,Regresión lineal
75365,2026-06-30,2026-08-31,2,25.288092373349272,Regresión lineal
75367,2026-06-30,2026-08-31,2,442.62224112362503,Regresión lineal
75370,2026-06-30,2026-08-31,2,196.23224288789743,Regresión lineal
75371,2026-06-30,2026-08-31,2,91.76999307397983,Regresión lineal
75374,2026-06-30,2026-08-31,2,301.6385489764286,Regresión lineal
75380,2026-06-30,2026-08-31,2,330.27141248575265,Regresión lineal
75382,2026-06-30,2026-08-31,2,99.86398527505507,Regresión lineal
75392,2026-06-30,2026-08-31,2,109.93634229102324,Regresión lineal
75394,2026-06-30,2026-08-31,2,51.61626282385511,Regresión lineal
75396,2026-06-30,2026-08-31,2,38.28363638003366,Regresión lineal
75398,2026-06-30,2026-08-31,2,42.24167281220187,Regresión lineal
75403,2026-06-30,2026-08-31,2,12.253787512206415,Regresión lineal
75407,2026-06-30,2026-08-31,2,46.77728122551315,Regresión lineal
75409,2026-06-30,2026-08-31,2,29.041134374076208,Regresión lineal
75410,2026-06-30,2026-08-31,2,26.239406561366806,Regresión lineal
75414,2026-06-30,2026-08-31,2,23.487890149219126,Regresión lineal
75424,2026-06-30,2026-08-31,2,83.39763770473328,Regresión lineal
75616,2026-06-30,2026-08-31,2,166.0201192832659,Regresión lineal
75617,2026-06-30,2026-08-31,2,89.15406187485979,Regresión lineal
75619,2026-06-30,2026-08-31,2,54.45975646851291,Regresión lineal
119939,2026-06-30,2026-08-31,2,91.60174547685227,Regresión lineal
122237,2026-06-30,2026-08-31,2,69.33721226340819,Regresión lineal
122241,2026-06-30,2026-08-31,2,108.84112719158765,Regresión lineal
122247,2026-06-30,2026-08-31,2,10.858353131736862,Regresión lineal
122248,2026-06-30,2026-08-31,2,150.9240285752827,Regresión lineal
122251,2026-06-30,2026-08-31,2,90.26234464209479,Regresión lineal
122257,2026-06-30,2026-08-31,2,128.88543318650088,Regresión lineal
122262,2026-06-30,2026-08-31,2,122.16150384180423,Regresión lineal
122264,2026-06-30,2026-08-31,2,230.71006357958692,Regresión lineal
122271,2026-06-30,2026-08-31,2,126.87115659029742,Regresión lineal
122292,2026-06-30,2026-08-31,2,221.49950631965527,Regresión lineal
122293,2026-06-30,2026-08-31,2,89.3984924913115,Regresión lineal
122294,2026-06-30,2026-08-31,2,67.92081104910972,Regresión lineal
122295,2026-06-30,2026-08-31,2,67.92081104910979,Regresión lineal
122298,2026-06-30,2026-08-31,2,151.11753436701906,Regresión lineal
122302,2026-06-30,2026-08-31,2,148.56644364482028,Regresión lineal
122310,2026-06-30,2026-08-31,2,46.3822964962772,Regresión lineal
122315,2026-06-30,2026-08-31,2,60.13108076883668,Regresión lineal
122323,2026-06-30,2026-08-31,2,82.54558175950343,Regresión lineal
122347,2026-06-30,2026-08-31,2,82.31688479970612,Regresión lineal
122355,2026-06-30,2026-08-31,2,254.3250166813154,Regresión lineal
122360,2026-06-30,2026-08-31,2,129.24418158569824,Regresión lineal
122361,2026-06-30,2026-08-31,2,94.61414355546444,Regresión lineal
122366,2026-06-30,2026-08-31,2,148.13044501026235,Regresión lineal
122367,2026-06-30,2026-08-31,2,34.925190758823135,Regresión lineal
122368,2026-06-30,2026-08-31,2,123.41939087354585,Regresión lineal
122382,2026-06-30,2026-08-31,2,86.33349187328503,Regresión lineal
122398,2026-06-30,2026-08-31,2,26.68092308992766,Regresión lineal
122410,2026-06-30,2026-08-31,2,71.48751108489243,Regresión lineal
122423,2026-06-30,2026-08-31,2,151.04932733149397,Regresión lineal
122432,2026-06-30,2026-08-31,2,133.1263651963867,Regresión lineal
122433,2026-06-30,2026-08-31,2,64.65509159351924,Regresión lineal
122434,2026-06-30,2026-08-31,2,77.55005233329314,Regresión lineal
122435,2026-06-30,2026-08-31,2,39.06071567662687,Regresión lineal
122436,2026-06-30,2026-08-31,2,145.72194539647637,Regresión lineal
122440,2026-06-30,2026-08-31,2,135.9608996673637,Regresión lineal
122470,2026-06-30,2026-08-31,2,79.98473691497246,Regresión lineal
122489,2026-06-30,2026-08-31,2,54.86105473921996,Regresión lineal
122567,2026-06-30,2026-08-31,2,129.90907582879802,Regresión lineal
122593,2026-06-30,2026-08-31,2,181.73726356547286,Regresión lineal
122594,2026-06-30,2026-08-31,2,77.485016912467,Regresión lineal
122602,2026-06-30,2026-08-31,2,92.27916266868309,Regresión lineal
122603,2026-06-30,2026-08-31,2,142.70969026827183,Regresión lineal
122604,2026-06-30,2026-08-31,2,68.12972815573283,Regresión lineal
122621,2026-06-30,2026-08-31,2,47.50590282129127,Regresión lineal
122627,2026-06-30,2026-08-31,2,132.50111760384414,Regresión lineal
122628,2026-06-30,2026-08-31,2,22.865170613810363,Regresión lineal
122629,2026-06-30,2026-08-31,2,26.39008080420544,Regresión lineal
122630,2026-06-30,2026-08-31,2,76.80032744922518,Regresión lineal
122654,2026-06-30,2026-08-31,2,30.62442122997186,Regresión lineal
122655,2026-06-30,2026-08-31,2,28.118281584489594,Regresión lineal
122657,2026-06-30,2026-08-31,2,61.98504389658304,Regresión lineal
122660,2026-06-30,2026-08-31,2,53.62282455550422,Regresión lineal
122666,2026-06-30,2026-08-31,2,59.00291828279211,Regresión lineal
122676,2026-06-30,2026-08-31,2,88.19816387265794,Regresión lineal
122680,2026-06-30,2026-08-31,2,32.52263358222319,Regresión lineal
122684,2026-06-30,2026-08-31,2,60.154945262602475,Regresión lineal
122685,2026-06-30,2026-08-31,2,33.42254918408679,Regresión lineal
122700,2026-06-30,2026-08-31,2,36.47091557255322,Regresión lineal
122707,2026-06-30,2026-08-31,2,76.99221049986626,Regresión lineal
122717,2026-06-30,2026-08-31,2,94.97034610209391,Regresión lineal
122724,2026-06-30,2026-08-31,2,85.22845880923381,Regresión lineal
122726,2026-06-30,2026-08-31,2,39.893523468251054,Regresión lineal
122727,2026-06-30,2026-08-31,2,95.69012979568774,Regresión lineal
122732,2026-06-30,2026-08-31,2,40.54721709260331,Regresión lineal
122734,2026-06-30,2026-08-31,2,34.51366821997057,Regresión lineal
122736,2026-06-30,2026-08-31,2,53.58317579049853,Regresión lineal
122744,2026-06-30,2026-08-31,2,34.672648165721526,Regresión lineal
122746,2026-06-30,2026-08-31,2,93.52207396576806,Regresión lineal
122761,2026-06-30,2026-08-31,2,162.70245502928887,Regresión lineal
122764,2026-06-30,2026-08-31,2,75.74648788356849,Regresión lineal
122766,2026-06-30,2026-08-31,2,71.0530804375502,Regresión lineal
122771,2026-06-30,2026-08-31,2,185.22877259358376,Regresión lineal
122772,2026-06-30,2026-08-31,2,136.94343210076417,Regresión lineal
122773,2026-06-30,2026-08-31,2,129.5422726992388,Regresión lineal
122776,2026-06-30,2026-08-31,2,103.68882592589284,Regresión lineal
122777,2026-06-30,2026-08-31,2,192.93498083787642,Regresión lineal
122778,2026-06-30,2026-08-31,2,100.03623040365177,Regresión lineal
122781,2026-06-30,2026-08-31,2,72.73286749240984,Regresión lineal
122782,2026-06-30,2026-08-31,2,154.622503714732,Regresión lineal
122783,2026-06-30,2026-08-31,2,106.9330255805827,Regresión lineal
122784,2026-06-30,2026-08-31,2,97.66621491170591,Regresión lineal
122788,2026-06-30,2026-08-31,2,138.37012029134542,Regresión lineal
122792,2026-06-30,2026-08-31,2,129.40091307574028,Regresión lineal
122799,2026-06-30,2026-08-31,2,20.30778003097437,Regresión lineal
122802,2026-06-30,2026-08-31,2,67.89558638808384,Regresión lineal
122806,2026-06-30,2026-08-31,2,86.67086655301651,Regresión lineal
122808,2026-06-30,2026-08-31,2,140.1076769602209,Regresión lineal
122815,2026-06-30,2026-08-31,2,61.57005407445319,Regresión lineal
122818,2026-06-30,2026-08-31,2,50.00130029345746,Regresión lineal
122822,2026-06-30,2026-08-31,2,90.80661864899366,Regresión lineal
122825,2026-06-30,2026-08-31,2,87.6510910791285,Regresión lineal
122826,2026-06-30,2026-08-31,2,18.049912651450256,Regresión lineal
122830,2026-06-30,2026-08-31,2,84.18598235266867,Regresión lineal
122837,2026-06-30,2026-08-31,2,40.29843782361052,Regresión lineal
122848,2026-06-30,2026-08-31,2,27.775660841826863,Regresión lineal
122854,2026-06-30,2026-08-31,2,42.559341036842305,Regresión lineal
122869,2026-06-30,2026-08-31,2,44.37197899300288,Regresión lineal
122891,2026-06-30,2026-08-31,2,18.773437828431142,Regresión lineal
122904,2026-06-30,2026-08-31,2,42.902394119244484,Regresión lineal
122905,2026-06-30,2026-08-31,2,49.531173478013876,Regresión lineal
122908,2026-06-30,2026-08-31,2,62.34591390107897,Regresión lineal
122918,2026-06-30,2026-08-31,2,116.07359408378736,Regresión lineal
122922,2026-06-30,2026-08-31,2,123.63894229176594,Regresión lineal
122923,2026-06-30,2026-08-31,2,5.9107004051807195,Regresión lineal
122931,2026-06-30,2026-08-31,2,42.829915235721415,Regresión lineal
122937,2026-06-30,2026-08-31,2,81.39601724849213,Regresión lineal
122940,2026-06-30,2026-08-31,2,68.57042535473511,Regresión lineal
122941,2026-06-30,2026-08-31,2,13.037848782880104,Regresión lineal
122942,2026-06-30,2026-08-31,2,52.83108005731911,Regresión lineal
122943,2026-06-30,2026-08-31,2,24.516060979538352,Regresión lineal
122988,2026-06-30,2026-08-31,2,37.5130563559315,Regresión lineal
122990,2026-06-30,2026-08-31,2,111.10393143761819,Regresión lineal
123008,2026-06-30,2026-08-31,2,205.0369030303337,Regresión lineal
123019,2026-06-30,2026-08-31,2,60.696400036037474,Regresión lineal
123034,2026-06-30,2026-08-31,2,181.06461356489314,Regresión lineal
123036,2026-06-30,2026-08-31,2,55.34264798963319,Regresión lineal
123044,2026-06-30,2026-08-31,2,110.40565199023962,Regresión lineal
123049,2026-06-30,2026-08-31,2,83.8896718266263,Regresión lineal
123056,2026-06-30,2026-08-31,2,75.7069799046046,Regresión lineal
123061,2026-06-30,2026-08-31,2,201.10651031098337,Regresión lineal
123080,2026-06-30,2026-08-31,2,62.299108704480716,Regresión lineal
123100,2026-06-30,2026-08-31,2,89.04025208439178,Regresión lineal
123101,2026-06-30,2026-08-31,2,128.19607818452886,Regresión lineal
123105,2026-06-30,2026-08-31,2,191.19197470493407,Regresión lineal
123106,2026-06-30,2026-08-31,2,129.62355132672886,Regresión lineal
123107,2026-06-30,2026-08-31,2,127.17250160467681,Regresión lineal
123111,2026-06-30,2026-08-31,2,182.62971150427114,Regresión lineal
123113,2026-06-30,2026-08-31,2,113.1251587467329,Regresión lineal
123114,2026-06-30,2026-08-31,2,184.44911718113096,Regresión lineal
123115,2026-06-30,2026-08-31,2,116.56451379178486,Regresión lineal
123117,2026-06-30,2026-08-31,2,490.68874142848586,Regresión lineal
123122,2026-06-30,2026-08-31,2,66.48424110173414,Regresión lineal
123131,2026-06-30,2026-08-31,2,47.4174071638898,Regresión lineal
123132,2026-06-30,2026-08-31,2,9.76906474052862,Regresión lineal
123196,2026-06-30,2026-08-31,2,103.68979722227577,Regresión lineal
123218,2026-06-30,2026-08-31,2,51.202166340345904,Regresión lineal
123220,2026-06-30,2026-08-31,2,33.54523424531108,Regresión lineal
123225,2026-06-30,2026-08-31,2,48.91267136351563,Regresión lineal
123226,2026-06-30,2026-08-31,2,47.261148669723674,Regresión lineal
123231,2026-06-30,2026-08-31,2,71.11850560357627,Regresión lineal
123285,2026-06-30,2026-08-31,2,51.05757855313476,Regresión lineal
123293,2026-06-30,2026-08-31,2,36.29137041192517,Regresión lineal
123295,2026-06-30,2026-08-31,2,105.70204184233435,Regresión lineal
123309,2026-06-30,2026-08-31,2,30.55509451153354,Regresión lineal
123310,2026-06-30,2026-08-31,2,55.607219012643846,Regresión lineal
123315,2026-06-30,2026-08-31,2,57.01857506433763,Regresión lineal
123317,2026-06-30,2026-08-31,2,34.385403784120655,Regresión lineal
123320,2026-06-30,2026-08-31,2,159.13741865066658,Regresión lineal
123321,2026-06-30,2026-08-31,2,108.98535333581685,Regresión lineal
123324,2026-06-30,2026-08-31,2,78.02049951953649,Regresión lineal
123325,2026-06-30,2026-08-31,2,86.31933820421207,Regresión lineal
123333,2026-06-30,2026-08-31,2,100.84521788604438,Regresión lineal
123337,2026-06-30,2026-08-31,2,81.54413108534442,Regresión lineal
123339,2026-06-30,2026-08-31,2,143.5062591762643,Regresión lineal
123340,2026-06-30,2026-08-31,2,63.46324965001428,Regresión lineal
123341,2026-06-30,2026-08-31,2,144.7165160603683,Regresión lineal
123342,2026-06-30,2026-08-31,2,79.25205293334568,Regresión lineal
123343,2026-06-30,2026-08-31,2,54.079377965706875,Regresión lineal
123344,2026-06-30,2026-08-31,2,37.095910111970895,Regresión lineal
123346,2026-06-30,2026-08-31,2,90.86086940040853,Regresión lineal
123347,2026-06-30,2026-08-31,2,152.22358312359398,Regresión lineal
123373,2026-06-30,2026-08-31,2,38.21563320273612,Regresión lineal
123374,2026-06-30,2026-08-31,2,26.41806611629964,Regresión lineal
123377,2026-06-30,2026-08-31,2,64.25623043242568,Regresión lineal
123378,2026-06-30,2026-08-31,2,43.87778445402147,Regresión lineal
123384,2026-06-30,2026-08-31,2,118.05358680273635,Regresión lineal
123405,2026-06-30,2026-08-31,2,80.08488259404136,Regresión lineal
123411,2026-06-30,2026-08-31,2,93.19302280112434,Regresión lineal
123421,2026-06-30,2026-08-31,2,126.76698696052716,Regresión lineal
123425,2026-06-30,2026-08-31,2,69.27624042310799,Regresión lineal
123426,2026-06-30,2026-08-31,2,146.414692955188,Regresión lineal
123427,2026-06-30,2026-08-31,2,39.26566432464537,Regresión lineal
123428,2026-06-30,2026-08-31,2,141.35522527658011,Regresión lineal
123433,2026-06-30,2026-08-31,2,76.49004598227555,Regresión lineal
123440,2026-06-30,2026-08-31,2,175.70122691654643,Regresión lineal
123458,2026-06-30,2026-08-31,2,54.79725138542102,Regresión lineal
123463,2026-06-30,2026-08-31,2,109.26619786269329,Regresión lineal
123467,2026-06-30,2026-08-31,2,94.75379868237381,Regresión lineal
123470,2026-06-30,2026-08-31,2,59.11468639131249,Regresión lineal
123471,2026-06-30,2026-08-31,2,75.40849427369037,Regresión lineal
123477,2026-06-30,2026-08-31,2,92.26741516817384,Regresión lineal
123478,2026-06-30,2026-08-31,2,79.9970813167984,Regresión lineal
123479,2026-06-30,2026-08-31,2,54.23889974800933,Regresión lineal
123480,2026-06-30,2026-08-31,2,81.85005845170856,Regresión lineal
123483,2026-06-30,2026-08-31,2,46.81383348366121,Regresión lineal
123484,2026-06-30,2026-08-31,2,133.9593118767959,Regresión lineal
123495,2026-06-30,2026-08-31,2,196.01432927104662,Regresión lineal
123498,2026-06-30,2026-08-31,2,46.54131546256869,Regresión lineal
123504,2026-06-30,2026-08-31,2,91.37677656024196,Regresión lineal
123505,2026-06-30,2026-08-31,2,154.14379355837167,Regresión lineal
123511,2026-06-30,2026-08-31,2,159.53422691000816,Regresión lineal
123512,2026-06-30,2026-08-31,2,319.7635615377363,Regresión lineal
123519,2026-06-30,2026-08-31,2,202.24981812882137,Regresión lineal
123528,2026-06-30,2026-08-31,2,73.49716402404742,Regresión lineal
123538,2026-06-30,2026-08-31,2,253.98747617935652,Regresión lineal
123563,2026-06-30,2026-08-31,2,74.43486467786077,Regresión lineal
123574,2026-06-30,2026-08-31,2,341.9505275011829,Regresión lineal
123587,2026-06-30,2026-08-31,2,211.59940366738277,Regresión lineal
123612,2026-06-30,2026-08-31,2,310.3963560448215,Regresión lineal
123621,2026-06-30,2026-08-31,2,117.02637324666694,Regresión lineal
123714,2026-06-30,2026-08-31,2,86.26365233002944,Regresión lineal
123741,2026-06-30,2026-08-31,2,118.10649293996931,Regresión lineal
123776,2026-06-30,2026-08-31,2,136.41936198012627,Regresión lineal
123778,2026-06-30,2026-08-31,2,156.10314088499905,Regresión lineal
123805,2026-06-30,2026-08-31,2,168.60745562512426,Regresión lineal
123841,2026-06-30,2026-08-31,2,54.87830737137546,Regresión lineal
123842,2026-06-30,2026-08-31,2,29.646122265025312,Regresión lineal
123847,2026-06-30,2026-08-31,2,44.49407154052935,Regresión lineal
123848,2026-06-30,2026-08-31,2,36.90566219518033,Regresión lineal
123854,2026-06-30,2026-08-31,2,220.6032876211227,Regresión lineal
123872,2026-06-30,2026-08-31,2,12.92555910635734,Regresión lineal
123873,2026-06-30,2026-08-31,2,93.88460903693499,Regresión lineal
123875,2026-06-30,2026-08-31,2,21.98402332689308,Regresión lineal
123876,2026-06-30,2026-08-31,2,15.583424296139128,Regresión lineal
123877,2026-06-30,2026-08-31,2,116.64735628838085,Regresión lineal
123878,2026-06-30,2026-08-31,2,135.89985268837702,Regresión lineal
123879,2026-06-30,2026-08-31,2,44.96992920782384,Regresión lineal
123880,2026-06-30,2026-08-31,2,21.030310451529047,Regresión lineal
123881,2026-06-30,2026-08-31,2,30.071013886463135,Regresión lineal
123884,2026-06-30,2026-08-31,2,156.51478306373866,Regresión lineal
123895,2026-06-30,2026-08-31,2,65.61933436687659,Regresión lineal
123896,2026-06-30,2026-08-31,2,65.61933436687659,Regresión lineal
123902,2026-06-30,2026-08-31,2,139.4371550743132,Regresión lineal
123909,2026-06-30,2026-08-31,2,52.30409202159415,Regresión lineal
123917,2026-06-30,2026-08-31,2,115.90257936895804,Regresión lineal
123927,2026-06-30,2026-08-31,2,203.27154274432647,Regresión lineal
123935,2026-06-30,2026-08-31,2,50.309129673802474,Regresión lineal
123948,2026-06-30,2026-08-31,2,30.000841934433296,Regresión lineal
123953,2026-06-30,2026-08-31,2,82.683486781938,Regresión lineal
123954,2026-06-30,2026-08-31,2,100.36894783743973,Regresión lineal
123955,2026-06-30,2026-08-31,2,25.7824093375704,Regresión lineal
123967,2026-06-30,2026-08-31,2,135.41061181399976,Regresión lineal
123968,2026-06-30,2026-08-31,2,61.72504040386936,Regresión lineal
123985,2026-06-30,2026-08-31,2,26.8389581821409,Regresión lineal
123986,2026-06-30,2026-08-31,2,34.67366858656548,Regresión lineal
123991,2026-06-30,2026-08-31,2,147.9285958364909,Regresión lineal
123996,2026-06-30,2026-08-31,2,69.91590342762476,Regresión lineal
123997,2026-06-30,2026-08-31,2,55.52799636193071,Regresión lineal
123999,2026-06-30,2026-08-31,2,132.45786117780915,Regresión lineal
124006,2026-06-30,2026-08-31,2,141.13087028563905,Regresión lineal
124009,2026-06-30,2026-08-31,2,164.8907704676608,Regresión lineal
124018,2026-06-30,2026-08-31,2,169.5637552495823,Regresión lineal
124031,2026-06-30,2026-08-31,2,50.662196498252136,Regresión lineal
124058,2026-06-30,2026-08-31,2,127.52731291007971,Regresión lineal
124060,2026-06-30,2026-08-31,2,93.02239770472121,Regresión lineal
124067,2026-06-30,2026-08-31,2,55.23123380017657,Regresión lineal
124071,2026-06-30,2026-08-31,2,162.6007801875361,Regresión lineal
124072,2026-06-30,2026-08-31,2,41.97928393971541,Regresión lineal
124074,2026-06-30,2026-08-31,2,108.9576669728768,Regresión lineal
124090,2026-06-30,2026-08-31,2,57.23777405852042,Regresión lineal
124091,2026-06-30,2026-08-31,2,26.166806155512262,Regresión lineal
124094,2026-06-30,2026-08-31,2,47.87525577595999,Regresión lineal
124106,2026-06-30,2026-08-31,2,195.2058275121489,Regresión lineal
124107,2026-06-30,2026-08-31,2,85.34883986711931,Regresión lineal
124115,2026-06-30,2026-08-31,2,47.90077510079678,Regresión lineal
124116,2026-06-30,2026-08-31,2,32.912159041530785,Regresión lineal
124130,2026-06-30,2026-08-31,2,78.70899139214046,Regresión lineal
124131,2026-06-30,2026-08-31,2,43.67416354039356,Regresión lineal
124162,2026-06-30,2026-08-31,2,99.03033752443005,Regresión lineal
124207,2026-06-30,2026-08-31,2,39.77226997877661,Regresión lineal
124211,2026-06-30,2026-08-31,2,24.298433133482803,Regresión lineal
124212,2026-06-30,2026-08-31,2,76.28411338461156,Regresión lineal
124230,2026-06-30,2026-08-31,2,73.06385216358284,Regresión lineal
124236,2026-06-30,2026-08-31,2,227.82601325380529,Regresión lineal
124237,2026-06-30,2026-08-31,2,81.91819828265868,Regresión lineal
124238,2026-06-30,2026-08-31,2,11.0112102433976,Regresión lineal
124240,2026-06-30,2026-08-31,2,81.26688107329926,Regresión lineal
124286,2026-06-30,2026-08-31,2,48.278443868841656,Regresión lineal
124300,2026-06-30,2026-08-31,2,84.69701084726529,Regresión lineal
124303,2026-06-30,2026-08-31,2,76.65452862339583,Regresión lineal
124330,2026-06-30,2026-08-31,2,35.87502607255758,Regresión lineal
124338,2026-06-30,2026-08-31,2,59.339812175730614,Regresión lineal
124339,2026-06-30,2026-08-31,2,7.006146059965019,Regresión lineal
124346,2026-06-30,2026-08-31,2,28.859579368649193,Regresión lineal
124347,2026-06-30,2026-08-31,2,43.99072254722371,Regresión lineal
124353,2026-06-30,2026-08-31,2,6.657743739319599,Regresión lineal
124354,2026-06-30,2026-08-31,2,55.64773677497827,Regresión lineal
124367,2026-06-30,2026-08-31,2,79.13878334225339,Regresión lineal
124371,2026-06-30,2026-08-31,2,65.19576714808305,Regresión lineal
124380,2026-06-30,2026-08-31,2,179.39063409475054,Regresión lineal
124402,2026-06-30,2026-08-31,2,71.41609427862667,Regresión lineal
124420,2026-06-30,2026-08-31,2,128.67424860062007,Regresión lineal
124424,2026-06-30,2026-08-31,2,77.80874412303191,Regresión lineal
124459,2026-06-30,2026-08-31,2,43.899485965700045,Regresión lineal
124473,2026-06-30,2026-08-31,2,82.39183593592962,Regresión lineal
124474,2026-06-30,2026-08-31,2,151.27581207009462,Regresión lineal
124480,2026-06-30,2026-08-31,2,40.737701028407535,Regresión lineal
124499,2026-06-30,2026-08-31,2,17.627059031510925,Regresión lineal
124500,2026-06-30,2026-08-31,2,27.5052975574214,Regresión lineal
124524,2026-06-30,2026-08-31,2,167.46421899800208,Regresión lineal
124537,2026-06-30,2026-08-31,2,115.58856170632825,Regresión lineal
124545,2026-06-30,2026-08-31,2,63.33346677175984,Regresión lineal
124551,2026-06-30,2026-08-31,2,125.42804168450904,Regresión lineal
124553,2026-06-30,2026-08-31,2,115.18780975376407,Regresión lineal
124556,2026-06-30,2026-08-31,2,49.56051104042348,Regresión lineal
124573,2026-06-30,2026-08-31,2,110.40740011300717,Regresión lineal
124665,2026-06-30,2026-08-31,2,65.11666600730909,Regresión lineal
125168,2026-06-30,2026-08-31,2,22.319916111705922,Regresión lineal
125241,2026-06-30,2026-08-31,2,126.3772627891384,Regresión lineal
125252,2026-06-30,2026-08-31,2,154.3365101080046,Regresión lineal
125888,2026-06-30,2026-08-31,2,186.3201674649131,Regresión lineal
125889,2026-06-30,2026-08-31,2,82.47938368627294,Regresión lineal
126143,2026-06-30,2026-08-31,2,87.16003949295816,Regresión lineal
126170,2026-06-30,2026-08-31,2,82.66365444974161,Regresión lineal
126362,2026-06-30,2026-08-31,2,45.77464178813338,Regresión lineal
126500,2026-06-30,2026-08-31,2,185.39136473642657,Regresión lineal
128068,2026-06-30,2026-08-31,2,138.25410553794387,Regresión lineal
129877,2026-06-30,2026-08-31,2,116.36306273173517,Regresión lineal
130176,2026-06-30,2026-08-31,2,81.15954399249057,Regresión lineal
130875,2026-06-30,2026-08-31,2,196.29806614699925,Regresión lineal
131100,2026-06-30,2026-08-31,2,288.9222574647987,Regresión lineal
132723,2026-06-30,2026-08-31,2,56.09992444591762,Regresión lineal
132993,2026-06-30,2026-08-31,2,115.22380719461574,Regresión lineal
133378,2026-06-30,2026-08-31,2,68.41098020317796,Regresión lineal
133529,2026-06-30,2026-08-31,2,50.24981533843272,Regresión lineal
133930,2026-06-30,2026-08-31,2,31.36309293540728,Regresión lineal
134139,2026-06-30,2026-08-31,2,76.32340892876283,Regresión lineal
134291,2026-06-30,2026-08-31,2,176.35881799086212,Regresión lineal
134292,2026-06-30,2026-08-31,2,85.09115300520729,Regresión lineal
134390,2026-06-30,2026-08-31,2,162.93905505250336,Regresión lineal
134689,2026-06-30,2026-08-31,2,100.38213383485945,Regresión lineal
134690,2026-06-30,2026-08-31,2,197.66686353371935,Regresión lineal
134691,2026-06-30,2026-08-31,2,71.51654706850891,Regresión lineal
134694,2026-06-30,2026-08-31,2,25.38096098862765,Regresión lineal
134862,2026-06-30,2026-08-31,2,73.17459319890304,Regresión lineal
134863,2026-06-30,2026-08-31,2,39.62851387998504,Regresión lineal
134977,2026-06-30,2026-08-31,2,107.34677226147647,Regresión lineal
135237,2026-06-30,2026-08-31,2,175.6928896224636,Regresión lineal
135487,2026-06-30,2026-08-31,2,75.66232551995299,Regresión lineal
135797,2026-06-30,2026-08-31,2,46.449935532586814,Regresión lineal
136208,2026-06-30,2026-08-31,2,24.99091864576623,Regresión lineal
136209,2026-06-30,2026-08-31,2,12.109229287690923,Regresión lineal
136210,2026-06-30,2026-08-31,2,163.3078975947592,Regresión lineal
136384,2026-06-30,2026-08-31,2,144.2776172002003,Regresión lineal
136816,2026-06-30,2026-08-31,2,66.55127241844153,Regresión lineal
137230,2026-06-30,2026-08-31,2,68.09104873697838,Regresión lineal
137725,2026-06-30,2026-08-31,2,39.384410332757376,Regresión lineal
143863,2026-06-30,2026-08-31,2,123.16653002978448,Regresión lineal
144120,2026-06-30,2026-08-31,2,69.10651036958845,Regresión lineal
144121,2026-06-30,2026-08-31,2,44.926970645039646,Regresión lineal
144248,2026-06-30,2026-08-31,2,128.91300436942473,Regresión lineal
144251,2026-06-30,2026-08-31,2,33.18975313778081,Regresión lineal
144366,2026-06-30,2026-08-31,2,56.32563291991854,Regresión lineal
145246,2026-06-30,2026-08-31,2,34.578340309600804,Regresión lineal
145247,2026-06-30,2026-08-31,2,19.980785567916854,Regresión lineal
145371,2026-06-30,2026-08-31,2,240.88644931730926,Regresión lineal
145373,2026-06-30,2026-08-31,2,52.068323100235844,Regresión lineal
145528,2026-06-30,2026-08-31,2,39.08758593442445,Regresión lineal
145695,2026-06-30,2026-08-31,2,270.80209479588325,Regresión lineal
145699,2026-06-30,2026-08-31,2,73.98471637057605,Regresión lineal
145700,2026-06-30,2026-08-31,2,50.799194376281996,Regresión lineal
145847,2026-06-30,2026-08-31,2,82.14458892618592,Regresión lineal
146241,2026-06-30,2026-08-31,2,65.80532678941398,Regresión lineal
146362,2026-06-30,2026-08-31,2,26.964851188268952,Regresión lineal
146433,2026-06-30,2026-08-31,2,118.05358680273636,Regresión lineal
147132,2026-06-30,2026-08-31,2,100.96836699762294,Regresión lineal
147265,2026-06-30,2026-08-31,2,87.04196432058475,Regresión lineal
147266,2026-06-30,2026-08-31,2,115.62249029059366,Regresión lineal
147268,2026-06-30,2026-08-31,2,143.60291360752822,Regresión lineal
147454,2026-06-30,2026-08-31,2,88.30590419028431,Regresión lineal
153297,2026-06-30,2026-08-31,2,66.14430498360832,Regresión lineal
153440,2026-06-30,2026-08-31,2,15.237905604887231,Regresión lineal
153576,2026-06-30,2026-08-31,2,123.15088438861468,Regresión lineal
153578,2026-06-30,2026-08-31,2,64.5695516994476,Regresión lineal
153727,2026-06-30,2026-08-31,2,155.0719899513871,Regresión lineal
153846,2026-06-30,2026-08-31,2,46.669410267001226,Regresión lineal
153955,2026-06-30,2026-08-31,2,18.084968135409454,Regresión lineal
154166,2026-06-30,2026-08-31,2,53.20925471221542,Regresión lineal
154167,2026-06-30,2026-08-31,2,15.095151668773482,Regresión lineal
154169,2026-06-30,2026-08-31,2,34.38208867815332,Regresión lineal
154530,2026-06-30,2026-08-31,2,21.662780513349063,Regresión lineal
154531,2026-06-30,2026-08-31,2,63.59271661052655,Regresión lineal
154888,2026-06-30,2026-08-31,2,50.87507896057774,Regresión lineal
154889,2026-06-30,2026-08-31,2,63.98882489272748,Regresión lineal
154890,2026-06-30,2026-08-31,2,148.3806878145728,Regresión lineal
155005,2026-06-30,2026-08-31,2,73.80520051225233,Regresión lineal
155006,2026-06-30,2026-08-31,2,62.73569878139278,Regresión lineal
155009,2026-06-30,2026-08-31,2,35.856955078640304,Regresión lineal
155188,2026-06-30,2026-08-31,2,13.092313717025007,Regresión lineal
155189,2026-06-30,2026-08-31,2,228.3512012024297,Regresión lineal
155190,2026-06-30,2026-08-31,2,93.11964917878188,Regresión lineal
155194,2026-06-30,2026-08-31,2,314.4255812634639,Regresión lineal
155504,2026-06-30,2026-08-31,2,17.72409748033124,Regresión lineal
155505,2026-06-30,2026-08-31,2,52.82604503599752,Regresión lineal
155604,2026-06-30,2026-08-31,2,68.25678956122675,Regresión lineal
155605,2026-06-30,2026-08-31,2,5.303541651477971,Regresión lineal
155790,2026-06-30,2026-08-31,2,63.980915692357044,Regresión lineal
156456,2026-06-30,2026-08-31,2,70.6040954723488,Regresión lineal
156526,2026-06-30,2026-08-31,2,287.7513301194644,Regresión lineal
156527,2026-06-30,2026-08-31,2,129.2069817880042,Regresión lineal
156680,2026-06-30,2026-08-31,2,33.82246405975363,Regresión lineal
156681,2026-06-30,2026-08-31,2,6.211093493111889,Regresión lineal
156847,2026-06-30,2026-08-31,2,19.719195286671564,Regresión lineal
156850,2026-06-30,2026-08-31,2,153.42770609901072,Regresión lineal
156947,2026-06-30,2026-08-31,2,125.82301274007112,Regresión lineal
156952,2026-06-30,2026-08-31,2,46.98153437595528,Regresión lineal
157093,2026-06-30,2026-08-31,2,129.83041180718047,Regresión lineal
157095,2026-06-30,2026-08-31,2,199.3988522651056,Regresión lineal
157178,2026-06-30,2026-08-31,2,88.82261753128759,Regresión lineal
157293,2026-06-30,2026-08-31,2,39.95933104157114,Regresión lineal
157390,2026-06-30,2026-08-31,2,54.95402749114524,Regresión lineal
157391,2026-06-30,2026-08-31,2,41.80169207232791,Regresión lineal
157392,2026-06-30,2026-08-31,2,7.1555739207143745,Regresión lineal
157489,2026-06-30,2026-08-31,2,67.03813047061504,Regresión lineal
157771,2026-06-30,2026-08-31,2,139.15954934105065,Regresión lineal
157772,2026-06-30,2026-08-31,2,99.43883358855108,Regresión lineal
157778,2026-06-30,2026-08-31,2,64.6398298924947,Regresión lineal
157831,2026-06-30,2026-08-31,2,117.44111310189697,Regresión lineal
157832,2026-06-30,2026-08-31,2,58.32722210592805,Regresión lineal
157950,2026-06-30,2026-08-31,2,118.68154351514607,Regresión lineal
158026,2026-06-30,2026-08-31,2,43.12063680247898,Regresión lineal
158027,2026-06-30,2026-08-31,2,29.739373271914815,Regresión lineal
158123,2026-06-30,2026-08-31,2,117.48501615476286,Regresión lineal
158124,2026-06-30,2026-08-31,2,24.507194120097537,Regresión lineal
158346,2026-06-30,2026-08-31,2,31.01550847259938,Regresión lineal
158399,2026-06-30,2026-08-31,2,35.360965079155605,Regresión lineal
158400,2026-06-30,2026-08-31,2,100.73143262239435,Regresión lineal
158872,2026-06-30,2026-08-31,2,368.99356503889464,Regresión lineal
159118,2026-06-30,2026-08-31,2,232.859143789506,Regresión lineal
159120,2026-06-30,2026-08-31,2,296.00072031845946,Regresión lineal
159121,2026-06-30,2026-08-31,2,21.561909711455016,Regresión lineal
159122,2026-06-30,2026-08-31,2,59.73198644500293,Regresión lineal
159209,2026-06-30,2026-08-31,2,164.63753190031707,Regresión lineal
159256,2026-06-30,2026-08-31,2,8.235495497700484,Regresión lineal
159268,2026-06-30,2026-08-31,2,70.71022407658657,Regresión lineal
159697,2026-06-30,2026-08-31,2,42.43416396816242,Regresión lineal
159698,2026-06-30,2026-08-31,2,532.4931679225992,Regresión lineal
159700,2026-06-30,2026-08-31,2,50.57109091796688,Regresión lineal
159701,2026-06-30,2026-08-31,2,33.4215169684671,Regresión lineal
159825,2026-06-30,2026-08-31,2,88.56402786375133,Regresión lineal
159827,2026-06-30,2026-08-31,2,34.43755637337746,Regresión lineal
159828,2026-06-30,2026-08-31,2,52.084843641903646,Regresión lineal
160013,2026-06-30,2026-08-31,2,235.49206383067065,Regresión lineal
160137,2026-06-30,2026-08-31,2,86.82349776114975,Regresión lineal
160138,2026-06-30,2026-08-31,2,221.10452069178586,Regresión lineal
160139,2026-06-30,2026-08-31,2,35.30410885850294,Regresión lineal
160140,2026-06-30,2026-08-31,2,77.332257488715,Regresión lineal
160141,2026-06-30,2026-08-31,2,47.8869108933567,Regresión lineal
160142,2026-06-30,2026-08-31,2,12.983141482793172,Regresión lineal
160265,2026-06-30,2026-08-31,2,406.5372637496591,Regresión lineal
160419,2026-06-30,2026-08-31,2,38.39803652437219,Regresión lineal
160420,2026-06-30,2026-08-31,2,49.854244082781065,Regresión lineal
160503,2026-06-30,2026-08-31,2,60.37736087180448,Regresión lineal
160504,2026-06-30,2026-08-31,2,24.57827188745462,Regresión lineal
160685,2026-06-30,2026-08-31,2,76.59727451899006,Regresión lineal
160837,2026-06-30,2026-08-31,2,444.96551430180443,Regresión lineal
160838,2026-06-30,2026-08-31,2,42.223159352364924,Regresión lineal
160839,2026-06-30,2026-08-31,2,69.39121632343176,Regresión lineal
161246,2026-06-30,2026-08-31,2,115.22530336905322,Regresión lineal
161247,2026-06-30,2026-08-31,2,37.54375857170306,Regresión lineal
161248,2026-06-30,2026-08-31,2,11.97785682347633,Regresión lineal
161350,2026-06-30,2026-08-31,2,76.99392089917276,Regresión lineal
161505,2026-06-30,2026-08-31,2,6.674214124537642,Regresión lineal
161506,2026-06-30,2026-08-31,2,137.34107116732318,Regresión lineal
161593,2026-06-30,2026-08-31,2,108.90483448784641,Regresión lineal
162191,2026-06-30,2026-08-31,2,126.29798664699575,Regresión lineal
162192,2026-06-30,2026-08-31,2,20.307780030974257,Regresión lineal
8380,2026-06-30,2026-09-30,3,13.82255578237202,Regresión lineal
8385,2026-06-30,2026-09-30,3,195.36392963263808,Regresión lineal
8392,2026-06-30,2026-09-30,3,97.08125734317679,Regresión lineal
8415,2026-06-30,2026-09-30,3,2.3537396019015233,Regresión lineal
39215,2026-06-30,2026-09-30,3,103.89391960074923,Regresión lineal
64744,2026-06-30,2026-09-30,3,19.67133163588815,Regresión lineal
64767,2026-06-30,2026-09-30,3,13.797510966369671,Regresión lineal
64792,2026-06-30,2026-09-30,3,21.903709414774923,Regresión lineal
65658,2026-06-30,2026-09-30,3,9.17665113660263,Regresión lineal
68153,2026-06-30,2026-09-30,3,83.21984015720238,Regresión lineal
68163,2026-06-30,2026-09-30,3,129.34128074322618,Regresión lineal
68165,2026-06-30,2026-09-30,3,109.0470974504703,Regresión lineal
68172,2026-06-30,2026-09-30,3,24.957613348025646,Regresión lineal
69830,2026-06-30,2026-09-30,3,146.05641659133866,Regresión lineal
69837,2026-06-30,2026-09-30,3,71.98318220307539,Regresión lineal
69839,2026-06-30,2026-09-30,3,93.80134079516435,Regresión lineal
69849,2026-06-30,2026-09-30,3,68.10534147800772,Regresión lineal
69853,2026-06-30,2026-09-30,3,84.43143872424284,Regresión lineal
69859,2026-06-30,2026-09-30,3,115.22531289799076,Regresión lineal
69861,2026-06-30,2026-09-30,3,93.77045625035045,Regresión lineal
69865,2026-06-30,2026-09-30,3,57.85788390172617,Regresión lineal
69866,2026-06-30,2026-09-30,3,200.45124786762278,Regresión lineal
69871,2026-06-30,2026-09-30,3,238.44503744198897,Regresión lineal
69877,2026-06-30,2026-09-30,3,170.8913714449199,Regresión lineal
69879,2026-06-30,2026-09-30,3,253.9289766461178,Regresión lineal
69881,2026-06-30,2026-09-30,3,256.51818701438845,Regresión lineal
69886,2026-06-30,2026-09-30,3,90.24237528196475,Regresión lineal
69896,2026-06-30,2026-09-30,3,57.06977199523196,Regresión lineal
69908,2026-06-30,2026-09-30,3,90.82737811373742,Regresión lineal
69912,2026-06-30,2026-09-30,3,98.20028568983118,Regresión lineal
69929,2026-06-30,2026-09-30,3,179.82643949675034,Regresión lineal
69931,2026-06-30,2026-09-30,3,49.68385100857417,Regresión lineal
69932,2026-06-30,2026-09-30,3,47.34905943209976,Regresión lineal
69949,2026-06-30,2026-09-30,3,52.26546781013245,Regresión lineal
69956,2026-06-30,2026-09-30,3,82.3760765027252,Regresión lineal
70125,2026-06-30,2026-09-30,3,314.81049285396654,Regresión lineal
70126,2026-06-30,2026-09-30,3,223.7604151881548,Regresión lineal
70127,2026-06-30,2026-09-30,3,168.28460070307443,Regresión lineal
75352,2026-06-30,2026-09-30,3,163.5801185612637,Regresión lineal
75354,2026-06-30,2026-09-30,3,105.70848524332096,Regresión lineal
75355,2026-06-30,2026-09-30,3,59.04620571594576,Regresión lineal
75358,2026-06-30,2026-09-30,3,161.9968745386454,Regresión lineal
75359,2026-06-30,2026-09-30,3,35.86761080219079,Regresión lineal
75362,2026-06-30,2026-09-30,3,143.19152676229834,Regresión lineal
75365,2026-06-30,2026-09-30,3,27.182337376438,Regresión lineal
75367,2026-06-30,2026-09-30,3,435.79711871028553,Regresión lineal
75370,2026-06-30,2026-09-30,3,195.33239905316412,Regresión lineal
75371,2026-06-30,2026-09-30,3,92.70234331117763,Regresión lineal
75374,2026-06-30,2026-09-30,3,297.72198314698784,Regresión lineal
75380,2026-06-30,2026-09-30,3,326.2290851981368,Regresión lineal
75382,2026-06-30,2026-09-30,3,100.05133153321675,Regresión lineal
75392,2026-06-30,2026-09-30,3,109.53166542077372,Regresión lineal
75394,2026-06-30,2026-09-30,3,51.44595708868724,Regresión lineal
75396,2026-06-30,2026-09-30,3,37.68113752220967,Regresión lineal
75398,2026-06-30,2026-09-30,3,42.21658172237025,Regresión lineal
75403,2026-06-30,2026-09-30,3,12.700510804727216,Regresión lineal
75407,2026-06-30,2026-09-30,3,46.598925635035734,Regresión lineal
75409,2026-06-30,2026-09-30,3,29.95282329989034,Regresión lineal
75410,2026-06-30,2026-09-30,3,25.320461157309467,Regresión lineal
75414,2026-06-30,2026-09-30,3,23.748200562586916,Regresión lineal
75424,2026-06-30,2026-09-30,3,84.75546578669154,Regresión lineal
75616,2026-06-30,2026-09-30,3,163.22067500274815,Regresión lineal
75617,2026-06-30,2026-09-30,3,89.48624482273874,Regresión lineal
75619,2026-06-30,2026-09-30,3,55.38680498518291,Regresión lineal
119939,2026-06-30,2026-09-30,3,89.68837275819656,Regresión lineal
122237,2026-06-30,2026-09-30,3,68.3941872315515,Regresión lineal
122241,2026-06-30,2026-09-30,3,109.64657439643878,Regresión lineal
122247,2026-06-30,2026-09-30,3,11.8717792738709,Regresión lineal
122248,2026-06-30,2026-09-30,3,148.55114612981646,Regresión lineal
122251,2026-06-30,2026-09-30,3,90.68501557906515,Regresión lineal
122257,2026-06-30,2026-09-30,3,127.03331120285361,Regresión lineal
122262,2026-06-30,2026-09-30,3,123.5636084076654,Regresión lineal
122264,2026-06-30,2026-09-30,3,235.5078854664036,Regresión lineal
122271,2026-06-30,2026-09-30,3,122.58940533745901,Regresión lineal
122292,2026-06-30,2026-09-30,3,217.19348671450751,Regresión lineal
122293,2026-06-30,2026-09-30,3,90.13750399762613,Regresión lineal
122294,2026-06-30,2026-09-30,3,67.6898226368756,Regresión lineal
122295,2026-06-30,2026-09-30,3,67.68982263687568,Regresión lineal
122298,2026-06-30,2026-09-30,3,150.20690737938696,Regresión lineal
122302,2026-06-30,2026-09-30,3,147.69959948632464,Regresión lineal
122310,2026-06-30,2026-09-30,3,46.118077654450175,Regresión lineal
122315,2026-06-30,2026-09-30,3,60.39426615266972,Regresión lineal
122323,2026-06-30,2026-09-30,3,83.21595876815995,Regresión lineal
122347,2026-06-30,2026-09-30,3,81.87974057872168,Regresión lineal
122355,2026-06-30,2026-09-30,3,250.4402151949272,Regresión lineal
122360,2026-06-30,2026-09-30,3,128.46644753377169,Regresión lineal
122361,2026-06-30,2026-09-30,3,94.09124630569096,Regresión lineal
122366,2026-06-30,2026-09-30,3,145.40883982607946,Regresión lineal
122367,2026-06-30,2026-09-30,3,35.26815669602205,Regresión lineal
122368,2026-06-30,2026-09-30,3,121.65845808970347,Regresión lineal
122382,2026-06-30,2026-09-30,3,84.91578653693973,Regresión lineal
122398,2026-06-30,2026-09-30,3,27.156951374645715,Regresión lineal
122410,2026-06-30,2026-09-30,3,70.53854056563443,Regresión lineal
122423,2026-06-30,2026-09-30,3,149.85063834031428,Regresión lineal
122432,2026-06-30,2026-09-30,3,133.1638938834199,Regresión lineal
122433,2026-06-30,2026-09-30,3,65.43921684777914,Regresión lineal
122434,2026-06-30,2026-09-30,3,77.32530698870266,Regresión lineal
122435,2026-06-30,2026-09-30,3,40.10329703955779,Regresión lineal
122436,2026-06-30,2026-09-30,3,144.15287675067282,Regresión lineal
122440,2026-06-30,2026-09-30,3,135.9830325214119,Regresión lineal
122470,2026-06-30,2026-09-30,3,80.10954106495348,Regresión lineal
122489,2026-06-30,2026-09-30,3,54.36940706864672,Regresión lineal
122567,2026-06-30,2026-09-30,3,129.8756956632818,Regresión lineal
122593,2026-06-30,2026-09-30,3,174.13163719776202,Regresión lineal
122594,2026-06-30,2026-09-30,3,74.40369719052728,Regresión lineal
122602,2026-06-30,2026-09-30,3,91.98339203657558,Regresión lineal
122603,2026-06-30,2026-09-30,3,141.11301698977869,Regresión lineal
122604,2026-06-30,2026-09-30,3,67.87767488718573,Regresión lineal
122621,2026-06-30,2026-09-30,3,46.735483924226415,Regresión lineal
122627,2026-06-30,2026-09-30,3,131.2732583171277,Regresión lineal
122628,2026-06-30,2026-09-30,3,24.31326202378405,Regresión lineal
122629,2026-06-30,2026-09-30,3,27.150942295199016,Regresión lineal
122630,2026-06-30,2026-09-30,3,76.57042656538192,Regresión lineal
122654,2026-06-30,2026-09-30,3,31.183957782735703,Regresión lineal
122655,2026-06-30,2026-09-30,3,28.691641384672877,Regresión lineal
122657,2026-06-30,2026-09-30,3,62.11284108789097,Regresión lineal
122660,2026-06-30,2026-09-30,3,55.7516457235967,Regresión lineal
122666,2026-06-30,2026-09-30,3,59.700175579702346,Regresión lineal
122676,2026-06-30,2026-09-30,3,88.8182361947228,Regresión lineal
122680,2026-06-30,2026-09-30,3,33.086938949946486,Regresión lineal
122684,2026-06-30,2026-09-30,3,60.708940145801954,Regresión lineal
122685,2026-06-30,2026-09-30,3,34.23590654316776,Regresión lineal
122700,2026-06-30,2026-09-30,3,36.3831510739765,Regresión lineal
122707,2026-06-30,2026-09-30,3,74.59740712585166,Regresión lineal
122717,2026-06-30,2026-09-30,3,94.07256081074696,Regresión lineal
122724,2026-06-30,2026-09-30,3,85.02895070168809,Regresión lineal
122726,2026-06-30,2026-09-30,3,40.50970407695493,Regresión lineal
122727,2026-06-30,2026-09-30,3,95.41450307614728,Regresión lineal
122732,2026-06-30,2026-09-30,3,40.859764248898216,Regresión lineal
122734,2026-06-30,2026-09-30,3,35.214839743871906,Regresión lineal
122736,2026-06-30,2026-09-30,3,54.129433195302404,Regresión lineal
122744,2026-06-30,2026-09-30,3,35.31757393358035,Regresión lineal
122746,2026-06-30,2026-09-30,3,93.2904368430623,Regresión lineal
122761,2026-06-30,2026-09-30,3,161.29779000352008,Regresión lineal
122764,2026-06-30,2026-09-30,3,76.38515408861412,Regresión lineal
122766,2026-06-30,2026-09-30,3,70.89137055019827,Regresión lineal
122771,2026-06-30,2026-09-30,3,182.74809075994276,Regresión lineal
122772,2026-06-30,2026-09-30,3,136.35471247677424,Regresión lineal
122773,2026-06-30,2026-09-30,3,126.33033605004769,Regresión lineal
122776,2026-06-30,2026-09-30,3,102.85550014107984,Regresión lineal
122777,2026-06-30,2026-09-30,3,188.3880337456397,Regresión lineal
122778,2026-06-30,2026-09-30,3,99.65086505373138,Regresión lineal
122781,2026-06-30,2026-09-30,3,71.99204817521131,Regresión lineal
122782,2026-06-30,2026-09-30,3,152.96176658436218,Regresión lineal
122783,2026-06-30,2026-09-30,3,105.91877676080006,Regresión lineal
122784,2026-06-30,2026-09-30,3,95.74203501050746,Regresión lineal
122788,2026-06-30,2026-09-30,3,133.34677373126348,Regresión lineal
122792,2026-06-30,2026-09-30,3,126.77575161959395,Regresión lineal
122799,2026-06-30,2026-09-30,3,19.845237294118746,Regresión lineal
122802,2026-06-30,2026-09-30,3,67.98631302324813,Regresión lineal
122806,2026-06-30,2026-09-30,3,84.88047764590695,Regresión lineal
122808,2026-06-30,2026-09-30,3,135.8544373627389,Regresión lineal
122815,2026-06-30,2026-09-30,3,61.77382347112876,Regresión lineal
122818,2026-06-30,2026-09-30,3,50.766093285872294,Regresión lineal
122822,2026-06-30,2026-09-30,3,90.06327670942578,Regresión lineal
122825,2026-06-30,2026-09-30,3,86.61302573355512,Regresión lineal
122826,2026-06-30,2026-09-30,3,18.872973879027626,Regresión lineal
122830,2026-06-30,2026-09-30,3,83.2455705515462,Regresión lineal
122837,2026-06-30,2026-09-30,3,39.364135849912046,Regresión lineal
122848,2026-06-30,2026-09-30,3,27.8125142979341,Regresión lineal
122854,2026-06-30,2026-09-30,3,43.25276655469143,Regresión lineal
122869,2026-06-30,2026-09-30,3,44.10271056864774,Regresión lineal
122891,2026-06-30,2026-09-30,3,19.28519661847993,Regresión lineal
122904,2026-06-30,2026-09-30,3,42.89968902411803,Regresión lineal
122905,2026-06-30,2026-09-30,3,50.337198972962504,Regresión lineal
122908,2026-06-30,2026-09-30,3,61.67793549317274,Regresión lineal
122918,2026-06-30,2026-09-30,3,115.19502096439078,Regresión lineal
122922,2026-06-30,2026-09-30,3,116.22953813652427,Regresión lineal
122923,2026-06-30,2026-09-30,3,5.840836883726183,Regresión lineal
122931,2026-06-30,2026-09-30,3,42.10644718392709,Regresión lineal
122937,2026-06-30,2026-09-30,3,82.24818588212565,Regresión lineal
122940,2026-06-30,2026-09-30,3,66.61637896484328,Regresión lineal
122941,2026-06-30,2026-09-30,3,13.278487836412282,Regresión lineal
122942,2026-06-30,2026-09-30,3,52.35719690753198,Regresión lineal
122943,2026-06-30,2026-09-30,3,24.701205583211973,Regresión lineal
122988,2026-06-30,2026-09-30,3,39.719939742244875,Regresión lineal
122990,2026-06-30,2026-09-30,3,114.52766017405413,Regresión lineal
123008,2026-06-30,2026-09-30,3,203.0877908129068,Regresión lineal
123019,2026-06-30,2026-09-30,3,61.70878633834907,Regresión lineal
123034,2026-06-30,2026-09-30,3,177.29583919476784,Regresión lineal
123036,2026-06-30,2026-09-30,3,56.45369587843942,Regresión lineal
123044,2026-06-30,2026-09-30,3,110.58860324450842,Regresión lineal
123049,2026-06-30,2026-09-30,3,85.23364281522004,Regresión lineal
123056,2026-06-30,2026-09-30,3,74.34818306444558,Regresión lineal
123061,2026-06-30,2026-09-30,3,199.6178762904898,Regresión lineal
123080,2026-06-30,2026-09-30,3,63.74482859545803,Regresión lineal
123100,2026-06-30,2026-09-30,3,91.57485485993644,Regresión lineal
123101,2026-06-30,2026-09-30,3,127.60629230069293,Regresión lineal
123105,2026-06-30,2026-09-30,3,189.57128755909872,Regresión lineal
123106,2026-06-30,2026-09-30,3,126.68603882341569,Regresión lineal
123107,2026-06-30,2026-09-30,3,122.81187550058901,Regresión lineal
123111,2026-06-30,2026-09-30,3,181.18157211662952,Regresión lineal
123113,2026-06-30,2026-09-30,3,110.40998090532187,Regresión lineal
123114,2026-06-30,2026-09-30,3,187.77771910927441,Regresión lineal
123115,2026-06-30,2026-09-30,3,115.9990815022215,Regresión lineal
123117,2026-06-30,2026-09-30,3,481.867413834213,Regresión lineal
123122,2026-06-30,2026-09-30,3,67.86298701308772,Regresión lineal
123131,2026-06-30,2026-09-30,3,49.90026926066053,Regresión lineal
123132,2026-06-30,2026-09-30,3,12.04718441387756,Regresión lineal
123196,2026-06-30,2026-09-30,3,102.29347983409879,Regresión lineal
123218,2026-06-30,2026-09-30,3,50.70956355631097,Regresión lineal
123220,2026-06-30,2026-09-30,3,32.19368009527581,Regresión lineal
123225,2026-06-30,2026-09-30,3,48.39280361388616,Regresión lineal
123226,2026-06-30,2026-09-30,3,46.431674006315305,Regresión lineal
123231,2026-06-30,2026-09-30,3,70.14637277556969,Regresión lineal
123285,2026-06-30,2026-09-30,3,50.37182338063862,Regresión lineal
123293,2026-06-30,2026-09-30,3,35.755310697908705,Regresión lineal
123295,2026-06-30,2026-09-30,3,100.96536337640043,Regresión lineal
123309,2026-06-30,2026-09-30,3,31.260330104931725,Regresión lineal
123310,2026-06-30,2026-09-30,3,55.405149837595424,Regresión lineal
123315,2026-06-30,2026-09-30,3,55.993852530340966,Regresión lineal
123317,2026-06-30,2026-09-30,3,35.09099986987023,Regresión lineal
123320,2026-06-30,2026-09-30,3,155.56361035224586,Regresión lineal
123321,2026-06-30,2026-09-30,3,107.8339918524288,Regresión lineal
123324,2026-06-30,2026-09-30,3,77.32707023910994,Regresión lineal
123325,2026-06-30,2026-09-30,3,85.08878681600679,Regresión lineal
123333,2026-06-30,2026-09-30,3,97.96473622013171,Regresión lineal
123337,2026-06-30,2026-09-30,3,81.8073889868344,Regresión lineal
123339,2026-06-30,2026-09-30,3,142.5385855271856,Regresión lineal
123340,2026-06-30,2026-09-30,3,62.279063358301556,Regresión lineal
123341,2026-06-30,2026-09-30,3,141.78313393582587,Regresión lineal
123342,2026-06-30,2026-09-30,3,78.47436981326203,Regresión lineal
123343,2026-06-30,2026-09-30,3,54.36581232192841,Regresión lineal
123344,2026-06-30,2026-09-30,3,37.69330809042231,Regresión lineal
123346,2026-06-30,2026-09-30,3,90.1517117123033,Regresión lineal
123347,2026-06-30,2026-09-30,3,150.3932703852139,Regresión lineal
123373,2026-06-30,2026-09-30,3,40.8535765493521,Regresión lineal
123374,2026-06-30,2026-09-30,3,28.671326404635835,Regresión lineal
123377,2026-06-30,2026-09-30,3,64.63062307760295,Regresión lineal
123378,2026-06-30,2026-09-30,3,44.656654556491915,Regresión lineal
123384,2026-06-30,2026-09-30,3,116.09320408043126,Regresión lineal
123405,2026-06-30,2026-09-30,3,82.01672845828544,Regresión lineal
123411,2026-06-30,2026-09-30,3,94.75014624897624,Regresión lineal
123421,2026-06-30,2026-09-30,3,125.74941651244507,Regresión lineal
123425,2026-06-30,2026-09-30,3,68.58609244198425,Regresión lineal
123426,2026-06-30,2026-09-30,3,145.1637831243624,Regresión lineal
123427,2026-06-30,2026-09-30,3,40.00146668346804,Regresión lineal
123428,2026-06-30,2026-09-30,3,141.3381668838494,Regresión lineal
123433,2026-06-30,2026-09-30,3,76.35590027760068,Regresión lineal
123440,2026-06-30,2026-09-30,3,173.49056104791282,Regresión lineal
123458,2026-06-30,2026-09-30,3,55.1442894855698,Regresión lineal
123463,2026-06-30,2026-09-30,3,106.86774431534056,Regresión lineal
123467,2026-06-30,2026-09-30,3,92.16412920764984,Regresión lineal
123470,2026-06-30,2026-09-30,3,59.60883365620425,Regresión lineal
123471,2026-06-30,2026-09-30,3,78.88570485643348,Regresión lineal
123477,2026-06-30,2026-09-30,3,92.23406402988944,Regresión lineal
123478,2026-06-30,2026-09-30,3,80.21037384695583,Regresión lineal
123479,2026-06-30,2026-09-30,3,54.86389438204066,Regresión lineal
123480,2026-06-30,2026-09-30,3,81.5310015969839,Regresión lineal
123483,2026-06-30,2026-09-30,3,47.427393644636666,Regresión lineal
123484,2026-06-30,2026-09-30,3,131.91076811781653,Regresión lineal
123495,2026-06-30,2026-09-30,3,194.13280842767082,Regresión lineal
123498,2026-06-30,2026-09-30,3,47.20422226116537,Regresión lineal
123504,2026-06-30,2026-09-30,3,91.76392466967587,Regresión lineal
123505,2026-06-30,2026-09-30,3,153.2259547717395,Regresión lineal
123511,2026-06-30,2026-09-30,3,159.56627303949253,Regresión lineal
123512,2026-06-30,2026-09-30,3,310.25804294962563,Regresión lineal
123519,2026-06-30,2026-09-30,3,197.6516907478603,Regresión lineal
123528,2026-06-30,2026-09-30,3,76.00860603368291,Regresión lineal
123538,2026-06-30,2026-09-30,3,249.41721185185708,Regresión lineal
123563,2026-06-30,2026-09-30,3,75.45109979158,Regresión lineal
123574,2026-06-30,2026-09-30,3,326.6523232867263,Regresión lineal
123587,2026-06-30,2026-09-30,3,208.69132909792592,Regresión lineal
123612,2026-06-30,2026-09-30,3,305.1425640473427,Regresión lineal
123621,2026-06-30,2026-09-30,3,116.37315545407616,Regresión lineal
123714,2026-06-30,2026-09-30,3,85.9250019767354,Regresión lineal
123741,2026-06-30,2026-09-30,3,117.91149770218111,Regresión lineal
123776,2026-06-30,2026-09-30,3,134.45750642736644,Regresión lineal
123778,2026-06-30,2026-09-30,3,158.74069528118332,Regresión lineal
123805,2026-06-30,2026-09-30,3,166.71701893345187,Regresión lineal
123841,2026-06-30,2026-09-30,3,55.31012092659793,Regresión lineal
123842,2026-06-30,2026-09-30,3,30.34460242219734,Regresión lineal
123847,2026-06-30,2026-09-30,3,44.09900237030495,Regresión lineal
123848,2026-06-30,2026-09-30,3,36.755854066294056,Regresión lineal
123854,2026-06-30,2026-09-30,3,212.46461512072355,Regresión lineal
123872,2026-06-30,2026-09-30,3,13.625163919574405,Regresión lineal
123873,2026-06-30,2026-09-30,3,92.41384543943852,Regresión lineal
123875,2026-06-30,2026-09-30,3,23.02855772887962,Regresión lineal
123876,2026-06-30,2026-09-30,3,15.91052304825763,Regresión lineal
123877,2026-06-30,2026-09-30,3,111.41914823173857,Regresión lineal
123878,2026-06-30,2026-09-30,3,134.2008718395403,Regresión lineal
123879,2026-06-30,2026-09-30,3,45.14459882821091,Regresión lineal
123880,2026-06-30,2026-09-30,3,21.828049450758712,Regresión lineal
123881,2026-06-30,2026-09-30,3,30.757103533490977,Regresión lineal
123884,2026-06-30,2026-09-30,3,154.70121829169744,Regresión lineal
123895,2026-06-30,2026-09-30,3,63.59994516171155,Regresión lineal
123896,2026-06-30,2026-09-30,3,63.59994516171155,Regresión lineal
123902,2026-06-30,2026-09-30,3,138.18612683094364,Regresión lineal
123909,2026-06-30,2026-09-30,3,51.91196691075038,Regresión lineal
123917,2026-06-30,2026-09-30,3,111.25640928861664,Regresión lineal
123927,2026-06-30,2026-09-30,3,200.93462700899505,Regresión lineal
123935,2026-06-30,2026-09-30,3,50.147657821304726,Regresión lineal
123948,2026-06-30,2026-09-30,3,30.95325647928881,Regresión lineal
123953,2026-06-30,2026-09-30,3,82.32318396962383,Regresión lineal
123954,2026-06-30,2026-09-30,3,99.68987591901308,Regresión lineal
123955,2026-06-30,2026-09-30,3,26.418742798778197,Regresión lineal
123967,2026-06-30,2026-09-30,3,131.14078417133302,Regresión lineal
123968,2026-06-30,2026-09-30,3,62.122974653003006,Regresión lineal
123985,2026-06-30,2026-09-30,3,27.031647036677086,Regresión lineal
123986,2026-06-30,2026-09-30,3,34.61673873223674,Regresión lineal
123991,2026-06-30,2026-09-30,3,146.10366328105016,Regresión lineal
123996,2026-06-30,2026-09-30,3,69.49818394531763,Regresión lineal
123997,2026-06-30,2026-09-30,3,55.40542645395595,Regresión lineal
123999,2026-06-30,2026-09-30,3,129.68553669138998,Regresión lineal
124006,2026-06-30,2026-09-30,3,139.56903140440306,Regresión lineal
124009,2026-06-30,2026-09-30,3,161.131670482083,Regresión lineal
124018,2026-06-30,2026-09-30,3,169.10780452117444,Regresión lineal
124031,2026-06-30,2026-09-30,3,51.58826872707993,Regresión lineal
124058,2026-06-30,2026-09-30,3,123.07257961767021,Regresión lineal
124060,2026-06-30,2026-09-30,3,92.6059704634015,Regresión lineal
124067,2026-06-30,2026-09-30,3,54.477306485847,Regresión lineal
124071,2026-06-30,2026-09-30,3,160.3484162673157,Regresión lineal
124072,2026-06-30,2026-09-30,3,42.007229909256985,Regresión lineal
124074,2026-06-30,2026-09-30,3,106.27596509426039,Regresión lineal
124090,2026-06-30,2026-09-30,3,56.63776594012773,Regresión lineal
124091,2026-06-30,2026-09-30,3,26.476056181020454,Regresión lineal
124094,2026-06-30,2026-09-30,3,49.048441975641055,Regresión lineal
124106,2026-06-30,2026-09-30,3,188.86423702853506,Regresión lineal
124107,2026-06-30,2026-09-30,3,83.2158254051068,Regresión lineal
124115,2026-06-30,2026-09-30,3,48.45066885949963,Regresión lineal
124116,2026-06-30,2026-09-30,3,33.61735219959803,Regresión lineal
124130,2026-06-30,2026-09-30,3,78.17565707506124,Regresión lineal
124131,2026-06-30,2026-09-30,3,43.83420601144029,Regresión lineal
124162,2026-06-30,2026-09-30,3,95.80929086322539,Regresión lineal
124207,2026-06-30,2026-09-30,3,40.3012933006061,Regresión lineal
124211,2026-06-30,2026-09-30,3,25.06353570198779,Regresión lineal
124212,2026-06-30,2026-09-30,3,76.17336188429418,Regresión lineal
124230,2026-06-30,2026-09-30,3,72.92808170551352,Regresión lineal
124236,2026-06-30,2026-09-30,3,221.49468397476232,Regresión lineal
124237,2026-06-30,2026-09-30,3,80.16708408029949,Regresión lineal
124238,2026-06-30,2026-09-30,3,11.825894043561846,Regresión lineal
124240,2026-06-30,2026-09-30,3,80.69530336146829,Regresión lineal
124286,2026-06-30,2026-09-30,3,49.05455901959767,Regresión lineal
124300,2026-06-30,2026-09-30,3,81.64095968950154,Regresión lineal
124303,2026-06-30,2026-09-30,3,77.60263173106746,Regresión lineal
124330,2026-06-30,2026-09-30,3,36.728553240573376,Regresión lineal
124338,2026-06-30,2026-09-30,3,59.730052146873426,Regresión lineal
124339,2026-06-30,2026-09-30,3,8.036563122105264,Regresión lineal
124346,2026-06-30,2026-09-30,3,28.76286823096578,Regresión lineal
124347,2026-06-30,2026-09-30,3,43.221098147862676,Regresión lineal
124353,2026-06-30,2026-09-30,3,7.681844595959134,Regresión lineal
124354,2026-06-30,2026-09-30,3,56.0742817855971,Regresión lineal
124367,2026-06-30,2026-09-30,3,78.16965341600135,Regresión lineal
124371,2026-06-30,2026-09-30,3,65.64811192187192,Regresión lineal
124380,2026-06-30,2026-09-30,3,177.50937913864635,Regresión lineal
124402,2026-06-30,2026-09-30,3,69.35140811575098,Regresión lineal
124420,2026-06-30,2026-09-30,3,127.50903209436515,Regresión lineal
124424,2026-06-30,2026-09-30,3,78.33259091550934,Regresión lineal
124459,2026-06-30,2026-09-30,3,40.66555072610599,Regresión lineal
124473,2026-06-30,2026-09-30,3,82.02517703170427,Regresión lineal
124474,2026-06-30,2026-09-30,3,149.65780994133726,Regresión lineal
124480,2026-06-30,2026-09-30,3,41.154218459922774,Regresión lineal
124499,2026-06-30,2026-09-30,3,18.476568516530207,Regresión lineal
124500,2026-06-30,2026-09-30,3,28.2098373475567,Regresión lineal
124524,2026-06-30,2026-09-30,3,166.55033979917144,Regresión lineal
124537,2026-06-30,2026-09-30,3,112.7696798037871,Regresión lineal
124545,2026-06-30,2026-09-30,3,62.62199138483505,Regresión lineal
124551,2026-06-30,2026-09-30,3,125.25942464159999,Regresión lineal
124553,2026-06-30,2026-09-30,3,115.38964948937169,Regresión lineal
124556,2026-06-30,2026-09-30,3,50.21992136720959,Regresión lineal
124573,2026-06-30,2026-09-30,3,110.45591038753665,Regresión lineal
124665,2026-06-30,2026-09-30,3,67.78600831421889,Regresión lineal
125168,2026-06-30,2026-09-30,3,22.27369783398433,Regresión lineal
125241,2026-06-30,2026-09-30,3,126.21609660396767,Regresión lineal
125252,2026-06-30,2026-09-30,3,154.8841656000453,Regresión lineal
125888,2026-06-30,2026-09-30,3,183.91210966516104,Regresión lineal
125889,2026-06-30,2026-09-30,3,83.15574010753431,Regresión lineal
126143,2026-06-30,2026-09-30,3,87.5121642377937,Regresión lineal
126170,2026-06-30,2026-09-30,3,81.45421283084048,Regresión lineal
126362,2026-06-30,2026-09-30,3,45.55749463977765,Regresión lineal
126500,2026-06-30,2026-09-30,3,182.87489140450987,Regresión lineal
128068,2026-06-30,2026-09-30,3,141.59635226697316,Regresión lineal
129877,2026-06-30,2026-09-30,3,116.74808393740054,Regresión lineal
130176,2026-06-30,2026-09-30,3,82.36676082343233,Regresión lineal
130875,2026-06-30,2026-09-30,3,188.91233154446587,Regresión lineal
131100,2026-06-30,2026-09-30,3,285.5809813908393,Regresión lineal
132723,2026-06-30,2026-09-30,3,56.179308720673056,Regresión lineal
132993,2026-06-30,2026-09-30,3,115.06636223990454,Regresión lineal
133378,2026-06-30,2026-09-30,3,69.19761943856554,Regresión lineal
133529,2026-06-30,2026-09-30,3,50.0114272593582,Regresión lineal
133930,2026-06-30,2026-09-30,3,31.692271879512788,Regresión lineal
134139,2026-06-30,2026-09-30,3,76.35753384621857,Regresión lineal
134291,2026-06-30,2026-09-30,3,172.92499425026426,Regresión lineal
134292,2026-06-30,2026-09-30,3,84.48477153295575,Regresión lineal
134390,2026-06-30,2026-09-30,3,161.7905967958841,Regresión lineal
134689,2026-06-30,2026-09-30,3,101.08326197803027,Regresión lineal
134690,2026-06-30,2026-09-30,3,195.26516177817004,Regresión lineal
134691,2026-06-30,2026-09-30,3,72.12374850603963,Regresión lineal
134694,2026-06-30,2026-09-30,3,25.728142782255333,Regresión lineal
134862,2026-06-30,2026-09-30,3,74.83523679113333,Regresión lineal
134863,2026-06-30,2026-09-30,3,39.52077141063597,Regresión lineal
134977,2026-06-30,2026-09-30,3,107.4253529839723,Regresión lineal
135237,2026-06-30,2026-09-30,3,173.42626597213913,Regresión lineal
135487,2026-06-30,2026-09-30,3,76.24081854148022,Regresión lineal
135797,2026-06-30,2026-09-30,3,47.30506438495515,Regresión lineal
136208,2026-06-30,2026-09-30,3,26.08275838305373,Regresión lineal
136209,2026-06-30,2026-09-30,3,13.55393413790405,Regresión lineal
136210,2026-06-30,2026-09-30,3,162.48068566737362,Regresión lineal
136384,2026-06-30,2026-09-30,3,143.46482001184677,Regresión lineal
136816,2026-06-30,2026-09-30,3,68.15960915561799,Regresión lineal
137230,2026-06-30,2026-09-30,3,67.83019791688298,Regresión lineal
137725,2026-06-30,2026-09-30,3,40.57640546979419,Regresión lineal
143863,2026-06-30,2026-09-30,3,121.57291907638997,Regresión lineal
144120,2026-06-30,2026-09-30,3,69.46004240898992,Regresión lineal
144121,2026-06-30,2026-09-30,3,45.089189041202836,Regresión lineal
144248,2026-06-30,2026-09-30,3,126.68716082457917,Regresión lineal
144251,2026-06-30,2026-09-30,3,32.80357191377614,Regresión lineal
144366,2026-06-30,2026-09-30,3,55.93626468734384,Regresión lineal
145246,2026-06-30,2026-09-30,3,35.01776222243036,Regresión lineal
145247,2026-06-30,2026-09-30,3,20.751705603546426,Regresión lineal
145371,2026-06-30,2026-09-30,3,239.24772316848248,Regresión lineal
145373,2026-06-30,2026-09-30,3,52.147721291793836,Regresión lineal
145528,2026-06-30,2026-09-30,3,40.504261041489855,Regresión lineal
145695,2026-06-30,2026-09-30,3,267.3913114423109,Regresión lineal
145699,2026-06-30,2026-09-30,3,74.71187765484633,Regresión lineal
145700,2026-06-30,2026-09-30,3,51.25527696446928,Regresión lineal
145847,2026-06-30,2026-09-30,3,86.51654422971164,Regresión lineal
146241,2026-06-30,2026-09-30,3,62.94826243447186,Regresión lineal
146362,2026-06-30,2026-09-30,3,26.909247497620655,Regresión lineal
146433,2026-06-30,2026-09-30,3,116.09320408043128,Regresión lineal
147132,2026-06-30,2026-09-30,3,100.25616913186744,Regresión lineal
147265,2026-06-30,2026-09-30,3,85.96773405092401,Regresión lineal
147266,2026-06-30,2026-09-30,3,114.98256258918876,Regresión lineal
147268,2026-06-30,2026-09-30,3,142.18072675165803,Regresión lineal
147454,2026-06-30,2026-09-30,3,88.64232149574957,Regresión lineal
153297,2026-06-30,2026-09-30,3,66.14367767067384,Regresión lineal
153440,2026-06-30,2026-09-30,3,16.749025251901045,Regresión lineal
153576,2026-06-30,2026-09-30,3,122.55142382823675,Regresión lineal
153578,2026-06-30,2026-09-30,3,64.81430984631913,Regresión lineal
153727,2026-06-30,2026-09-30,3,153.10599220691262,Regresión lineal
153846,2026-06-30,2026-09-30,3,47.75955465264943,Regresión lineal
153955,2026-06-30,2026-09-30,3,19.5480541669817,Regresión lineal
154166,2026-06-30,2026-09-30,3,52.54275715838128,Regresión lineal
154167,2026-06-30,2026-09-30,3,15.54783481122115,Regresión lineal
154169,2026-06-30,2026-09-30,3,35.85207108591121,Regresión lineal
154530,2026-06-30,2026-09-30,3,23.097212218451148,Regresión lineal
154531,2026-06-30,2026-09-30,3,63.3088131572742,Regresión lineal
154888,2026-06-30,2026-09-30,3,51.017323456874095,Regresión lineal
154889,2026-06-30,2026-09-30,3,61.56665666639267,Regresión lineal
154890,2026-06-30,2026-09-30,3,147.51625980741085,Regresión lineal
155005,2026-06-30,2026-09-30,3,78.16568993927613,Regresión lineal
155006,2026-06-30,2026-09-30,3,61.97002729791927,Regresión lineal
155009,2026-06-30,2026-09-30,3,36.48207475032282,Regresión lineal
155188,2026-06-30,2026-09-30,3,13.134231311552156,Regresión lineal
155189,2026-06-30,2026-09-30,3,228.23485438334484,Regresión lineal
155190,2026-06-30,2026-09-30,3,93.12358195739536,Regresión lineal
155194,2026-06-30,2026-09-30,3,298.5208147810913,Regresión lineal
155504,2026-06-30,2026-09-30,3,18.148461778821215,Regresión lineal
155505,2026-06-30,2026-09-30,3,51.99390698707913,Regresión lineal
155604,2026-06-30,2026-09-30,3,67.26320913577398,Regresión lineal
155605,2026-06-30,2026-09-30,3,6.009012395421067,Regresión lineal
155790,2026-06-30,2026-09-30,3,63.35965171875774,Regresión lineal
156456,2026-06-30,2026-09-30,3,70.8258710554264,Regresión lineal
156526,2026-06-30,2026-09-30,3,279.7135028239018,Regresión lineal
156527,2026-06-30,2026-09-30,3,128.48159572929396,Regresión lineal
156680,2026-06-30,2026-09-30,3,34.993064484470594,Regresión lineal
156681,2026-06-30,2026-09-30,3,7.189859668282168,Regresión lineal
156847,2026-06-30,2026-09-30,3,20.075221346648746,Regresión lineal
156850,2026-06-30,2026-09-30,3,152.64185625131162,Regresión lineal
156947,2026-06-30,2026-09-30,3,124.70826025258205,Regresión lineal
156952,2026-06-30,2026-09-30,3,47.40712981748344,Regresión lineal
157093,2026-06-30,2026-09-30,3,128.72982522541804,Regresión lineal
157095,2026-06-30,2026-09-30,3,197.04568029951025,Regresión lineal
157178,2026-06-30,2026-09-30,3,88.18555982067174,Regresión lineal
157293,2026-06-30,2026-09-30,3,43.19185800578736,Regresión lineal
157390,2026-06-30,2026-09-30,3,54.81515539381083,Regresión lineal
157391,2026-06-30,2026-09-30,3,41.74701180593758,Regresión lineal
157392,2026-06-30,2026-09-30,3,8.018407376799004,Regresión lineal
157489,2026-06-30,2026-09-30,3,67.41336637029276,Regresión lineal
157771,2026-06-30,2026-09-30,3,140.5083550661716,Regresión lineal
157772,2026-06-30,2026-09-30,3,99.2239060068295,Regresión lineal
157778,2026-06-30,2026-09-30,3,63.955511231108815,Regresión lineal
157831,2026-06-30,2026-09-30,3,113.27618506949432,Regresión lineal
157832,2026-06-30,2026-09-30,3,58.211969703961714,Regresión lineal
157950,2026-06-30,2026-09-30,3,118.09630166059529,Regresión lineal
158026,2026-06-30,2026-09-30,3,42.24161056033725,Regresión lineal
158027,2026-06-30,2026-09-30,3,29.496833708477553,Regresión lineal
158123,2026-06-30,2026-09-30,3,114.61168353407555,Regresión lineal
158124,2026-06-30,2026-09-30,3,25.262694711088827,Regresión lineal
158346,2026-06-30,2026-09-30,3,31.34587690034118,Regresión lineal
158399,2026-06-30,2026-09-30,3,36.366549577584664,Regresión lineal
158400,2026-06-30,2026-09-30,3,98.7284941950346,Regresión lineal
158872,2026-06-30,2026-09-30,3,351.21205760541744,Regresión lineal
159118,2026-06-30,2026-09-30,3,228.78193394332067,Regresión lineal
159120,2026-06-30,2026-09-30,3,298.914920473131,Regresión lineal
159121,2026-06-30,2026-09-30,3,22.046476597265254,Regresión lineal
159122,2026-06-30,2026-09-30,3,61.410362296209115,Regresión lineal
159209,2026-06-30,2026-09-30,3,161.79370766970493,Regresión lineal
159256,2026-06-30,2026-09-30,3,9.133469204213597,Regresión lineal
159268,2026-06-30,2026-09-30,3,68.05556643398307,Regresión lineal
159697,2026-06-30,2026-09-30,3,42.38137590178941,Regresión lineal
159698,2026-06-30,2026-09-30,3,520.8795649783987,Regresión lineal
159700,2026-06-30,2026-09-30,3,48.99236595461293,Regresión lineal
159701,2026-06-30,2026-09-30,3,32.45282004770894,Regresión lineal
159825,2026-06-30,2026-09-30,3,87.41720354629157,Regresión lineal
159827,2026-06-30,2026-09-30,3,33.849735450655814,Regresión lineal
159828,2026-06-30,2026-09-30,3,51.0739657791657,Regresión lineal
160013,2026-06-30,2026-09-30,3,227.75526870110622,Regresión lineal
160137,2026-06-30,2026-09-30,3,85.43830710350602,Regresión lineal
160138,2026-06-30,2026-09-30,3,212.0894904954048,Regresión lineal
160139,2026-06-30,2026-09-30,3,34.06283659650191,Regresión lineal
160140,2026-06-30,2026-09-30,3,80.32092343391389,Regresión lineal
160141,2026-06-30,2026-09-30,3,47.67376420977289,Regresión lineal
160142,2026-06-30,2026-09-30,3,13.497366791358786,Regresión lineal
160265,2026-06-30,2026-09-30,3,398.93389048924905,Regresión lineal
160419,2026-06-30,2026-09-30,3,38.52384815545303,Regresión lineal
160420,2026-06-30,2026-09-30,3,48.74580797636406,Regresión lineal
160503,2026-06-30,2026-09-30,3,59.47934603204129,Regresión lineal
160504,2026-06-30,2026-09-30,3,24.284853703079264,Regresión lineal
160685,2026-06-30,2026-09-30,3,75.64861657197102,Regresión lineal
160837,2026-06-30,2026-09-30,3,435.2765860867138,Regresión lineal
160838,2026-06-30,2026-09-30,3,40.30186655912659,Regresión lineal
160839,2026-06-30,2026-09-30,3,66.07880873273137,Regresión lineal
161246,2026-06-30,2026-09-30,3,111.57037687545937,Regresión lineal
161247,2026-06-30,2026-09-30,3,37.49016689902101,Regresión lineal
161248,2026-06-30,2026-09-30,3,12.144601046149248,Regresión lineal
161350,2026-06-30,2026-09-30,3,78.29017914090491,Regresión lineal
161505,2026-06-30,2026-09-30,3,7.360268290220219,Regresión lineal
161506,2026-06-30,2026-09-30,3,131.53639732384642,Regresión lineal
161593,2026-06-30,2026-09-30,3,107.02237847927145,Regresión lineal
162191,2026-06-30,2026-09-30,3,121.35108475248849,Regresión lineal
162192,2026-06-30,2026-09-30,3,19.845237294118633,Regresión lineal
8380,2026-06-30,2026-10-31,4,15.189771015566691,Regresión lineal
8385,2026-06-30,2026-10-31,4,190.63278514292674,Regresión lineal
8392,2026-06-30,2026-10-31,4,95.8913219776538,Regresión lineal
8415,2026-06-30,2026-10-31,4,2.7056450885067704,Regresión lineal
39215,2026-06-30,2026-10-31,4,102.84675055144453,Regresión lineal
64744,2026-06-30,2026-10-31,4,20.685593954266096,Regresión lineal
64767,2026-06-30,2026-10-31,4,14.936332982195438,Regresión lineal
64792,2026-06-30,2026-10-31,4,22.801020556770993,Regresión lineal
65658,2026-06-30,2026-10-31,4,9.856602505360144,Regresión lineal
68153,2026-06-30,2026-10-31,4,85.0927886884246,Regresión lineal
68163,2026-06-30,2026-10-31,4,130.5457545032412,Regresión lineal
68165,2026-06-30,2026-10-31,4,109.78019991857272,Regresión lineal
68172,2026-06-30,2026-10-31,4,25.806556483809914,Regresión lineal
69830,2026-06-30,2026-10-31,4,145.95400426615566,Regresión lineal
69837,2026-06-30,2026-10-31,4,72.41856872786043,Regresión lineal
69839,2026-06-30,2026-10-31,4,94.56920850232837,Regresión lineal
69849,2026-06-30,2026-10-31,4,69.36879271800098,Regresión lineal
69853,2026-06-30,2026-10-31,4,86.76994959486083,Regresión lineal
69859,2026-06-30,2026-10-31,4,115.80617550511619,Regresión lineal
69861,2026-06-30,2026-10-31,4,98.10126765383377,Regresión lineal
69865,2026-06-30,2026-10-31,4,58.83586653539484,Regresión lineal
69866,2026-06-30,2026-10-31,4,198.48059150450402,Regresión lineal
69871,2026-06-30,2026-10-31,4,241.97809588267864,Regresión lineal
69877,2026-06-30,2026-10-31,4,173.56795056661394,Regresión lineal
69879,2026-06-30,2026-10-31,4,249.81264203754608,Regresión lineal
69881,2026-06-30,2026-10-31,4,245.18681972418085,Regresión lineal
69886,2026-06-30,2026-10-31,4,88.42590859714619,Regresión lineal
69896,2026-06-30,2026-10-31,4,58.83164864636977,Regresión lineal
69908,2026-06-30,2026-10-31,4,91.14507688567511,Regresión lineal
69912,2026-06-30,2026-10-31,4,99.29670235452362,Regresión lineal
69929,2026-06-30,2026-10-31,4,182.19081530657147,Regresión lineal
69931,2026-06-30,2026-10-31,4,52.69116751293429,Regresión lineal
69932,2026-06-30,2026-10-31,4,48.449598147156046,Regresión lineal
69949,2026-06-30,2026-10-31,4,51.25292117888781,Regresión lineal
69956,2026-06-30,2026-10-31,4,82.09541641426361,Regresión lineal
70125,2026-06-30,2026-10-31,4,310.70144914481205,Regresión lineal
70126,2026-06-30,2026-10-31,4,222.8961669903905,Regresión lineal
70127,2026-06-30,2026-10-31,4,160.89196236935015,Regresión lineal
75352,2026-06-30,2026-10-31,4,164.98389546921032,Regresión lineal
75354,2026-06-30,2026-10-31,4,106.44067021008692,Regresión lineal
75355,2026-06-30,2026-10-31,4,60.83982167078378,Regresión lineal
75358,2026-06-30,2026-10-31,4,161.65258266702745,Regresión lineal
75359,2026-06-30,2026-10-31,4,37.48770081002306,Regresión lineal
75362,2026-06-30,2026-10-31,4,141.29222062145453,Regresión lineal
75365,2026-06-30,2026-10-31,4,28.582369093541928,Regresión lineal
75367,2026-06-30,2026-10-31,4,431.78978645141,Regresión lineal
75370,2026-06-30,2026-10-31,4,195.7707835192847,Regresión lineal
75371,2026-06-30,2026-10-31,4,95.1024186670944,Regresión lineal
75374,2026-06-30,2026-10-31,4,294.25897584106315,Regresión lineal
75380,2026-06-30,2026-10-31,4,325.2985069269792,Regresión lineal
75382,2026-06-30,2026-10-31,4,100.02883895795986,Regresión lineal
75392,2026-06-30,2026-10-31,4,109.64506071702041,Regresión lineal
75394,2026-06-30,2026-10-31,4,51.21791968314654,Regresión lineal
75396,2026-06-30,2026-10-31,4,37.051343456577534,Regresión lineal
75398,2026-06-30,2026-10-31,4,42.50983877932954,Regresión lineal
75403,2026-06-30,2026-10-31,4,13.208777392116474,Regresión lineal
75407,2026-06-30,2026-10-31,4,46.7851924735977,Regresión lineal
75409,2026-06-30,2026-10-31,4,30.838812464416762,Regresión lineal
75410,2026-06-30,2026-10-31,4,25.00337189920421,Regresión lineal
75414,2026-06-30,2026-10-31,4,24.518288665718288,Regresión lineal
75424,2026-06-30,2026-10-31,4,86.54710659999766,Regresión lineal
75616,2026-06-30,2026-10-31,4,163.07615355170532,Regresión lineal
75617,2026-06-30,2026-10-31,4,89.9389965572983,Regresión lineal
75619,2026-06-30,2026-10-31,4,56.243399336786496,Regresión lineal
119939,2026-06-30,2026-10-31,4,88.94791848470724,Regresión lineal
122237,2026-06-30,2026-10-31,4,68.47040637293638,Regresión lineal
122241,2026-06-30,2026-10-31,4,109.56916167756484,Regresión lineal
122247,2026-06-30,2026-10-31,4,12.821368429570782,Regresión lineal
122248,2026-06-30,2026-10-31,4,148.78606647974885,Regresión lineal
122251,2026-06-30,2026-10-31,4,89.88305617662745,Regresión lineal
122257,2026-06-30,2026-10-31,4,124.51113900949613,Regresión lineal
122262,2026-06-30,2026-10-31,4,127.40864364826388,Regresión lineal
122264,2026-06-30,2026-10-31,4,222.6646487391412,Regresión lineal
122271,2026-06-30,2026-10-31,4,127.18083988379166,Regresión lineal
122292,2026-06-30,2026-10-31,4,216.67630695535453,Regresión lineal
122293,2026-06-30,2026-10-31,4,91.33408250604923,Regresión lineal
122294,2026-06-30,2026-10-31,4,67.65853577556979,Regresión lineal
122295,2026-06-30,2026-10-31,4,67.65853577556983,Regresión lineal
122298,2026-06-30,2026-10-31,4,150.65544463734233,Regresión lineal
122302,2026-06-30,2026-10-31,4,149.81565050807114,Regresión lineal
122310,2026-06-30,2026-10-31,4,46.17835169795072,Regresión lineal
122315,2026-06-30,2026-10-31,4,61.034562983708554,Regresión lineal
122323,2026-06-30,2026-10-31,4,83.81455291633829,Regresión lineal
122347,2026-06-30,2026-10-31,4,81.67808143180049,Regresión lineal
122355,2026-06-30,2026-10-31,4,248.04540568101757,Regresión lineal
122360,2026-06-30,2026-10-31,4,126.22950739900037,Regresión lineal
122361,2026-06-30,2026-10-31,4,93.90734625813006,Regresión lineal
122366,2026-06-30,2026-10-31,4,145.61593089049282,Regresión lineal
122367,2026-06-30,2026-10-31,4,36.087716627238045,Regresión lineal
122368,2026-06-30,2026-10-31,4,120.37874088094705,Regresión lineal
122382,2026-06-30,2026-10-31,4,83.29019644620575,Regresión lineal
122398,2026-06-30,2026-10-31,4,27.141748960923096,Regresión lineal
122410,2026-06-30,2026-10-31,4,70.17458077714323,Regresión lineal
122423,2026-06-30,2026-10-31,4,150.5729896967126,Regresión lineal
122432,2026-06-30,2026-10-31,4,133.64694144495218,Regresión lineal
122433,2026-06-30,2026-10-31,4,66.25787130758371,Regresión lineal
122434,2026-06-30,2026-10-31,4,78.27133406922157,Regresión lineal
122435,2026-06-30,2026-10-31,4,41.320808938703095,Regresión lineal
122436,2026-06-30,2026-10-31,4,142.91629523598343,Regresión lineal
122440,2026-06-30,2026-10-31,4,135.11307498108323,Regresión lineal
122470,2026-06-30,2026-10-31,4,81.63103921218146,Regresión lineal
122489,2026-06-30,2026-10-31,4,54.521838526430145,Regresión lineal
122567,2026-06-30,2026-10-31,4,130.87852590323897,Regresión lineal
122593,2026-06-30,2026-10-31,4,171.32868212936464,Regresión lineal
122594,2026-06-30,2026-10-31,4,73.34956611146215,Regresión lineal
122602,2026-06-30,2026-10-31,4,90.89993161041045,Regresión lineal
122603,2026-06-30,2026-10-31,4,139.90518522131038,Regresión lineal
122604,2026-06-30,2026-10-31,4,68.27083728898313,Regresión lineal
122621,2026-06-30,2026-10-31,4,47.74149541930649,Regresión lineal
122627,2026-06-30,2026-10-31,4,130.2635486978169,Regresión lineal
122628,2026-06-30,2026-10-31,4,25.4092289053919,Regresión lineal
122629,2026-06-30,2026-10-31,4,27.710339097742633,Regresión lineal
122630,2026-06-30,2026-10-31,4,76.17136542084592,Regresión lineal
122654,2026-06-30,2026-10-31,4,32.1130122725306,Regresión lineal
122655,2026-06-30,2026-10-31,4,29.25871473449496,Regresión lineal
122657,2026-06-30,2026-10-31,4,62.471991949836,Regresión lineal
122660,2026-06-30,2026-10-31,4,57.76173727510132,Regresión lineal
122666,2026-06-30,2026-10-31,4,60.44524572288203,Regresión lineal
122676,2026-06-30,2026-10-31,4,89.45073715163487,Regresión lineal
122680,2026-06-30,2026-10-31,4,33.455518527569154,Regresión lineal
122684,2026-06-30,2026-10-31,4,60.96375733556687,Regresión lineal
122685,2026-06-30,2026-10-31,4,35.042306068635526,Regresión lineal
122700,2026-06-30,2026-10-31,4,36.70227891863337,Regresión lineal
122707,2026-06-30,2026-10-31,4,76.68156573425219,Regresión lineal
122717,2026-06-30,2026-10-31,4,93.49153931419545,Regresión lineal
122724,2026-06-30,2026-10-31,4,85.61522047060079,Regresión lineal
122726,2026-06-30,2026-10-31,4,41.21021031508059,Regresión lineal
122727,2026-06-30,2026-10-31,4,93.13454096031668,Regresión lineal
122732,2026-06-30,2026-10-31,4,41.459716207152944,Regresión lineal
122734,2026-06-30,2026-10-31,4,36.060796600843496,Regresión lineal
122736,2026-06-30,2026-10-31,4,54.66995346950773,Regresión lineal
122744,2026-06-30,2026-10-31,4,35.63274124429178,Regresión lineal
122746,2026-06-30,2026-10-31,4,93.00213824755674,Regresión lineal
122761,2026-06-30,2026-10-31,4,160.78724615308028,Regresión lineal
122764,2026-06-30,2026-10-31,4,77.02326410500298,Regresión lineal
122766,2026-06-30,2026-10-31,4,68.47165226984248,Regresión lineal
122771,2026-06-30,2026-10-31,4,180.7140637556578,Regresión lineal
122772,2026-06-30,2026-10-31,4,136.17243143364863,Regresión lineal
122773,2026-06-30,2026-10-31,4,125.37041538562735,Regresión lineal
122776,2026-06-30,2026-10-31,4,102.76578556012467,Regresión lineal
122777,2026-06-30,2026-10-31,4,184.91704034754102,Regresión lineal
122778,2026-06-30,2026-10-31,4,99.48845525978106,Regresión lineal
122781,2026-06-30,2026-10-31,4,71.72076228796165,Regresión lineal
122782,2026-06-30,2026-10-31,4,150.98571207153248,Regresión lineal
122783,2026-06-30,2026-10-31,4,105.2886114448248,Regresión lineal
122784,2026-06-30,2026-10-31,4,95.99856547633499,Regresión lineal
122788,2026-06-30,2026-10-31,4,131.03663125534428,Regresión lineal
122792,2026-06-30,2026-10-31,4,125.3981662740383,Regresión lineal
122799,2026-06-30,2026-10-31,4,19.94684066044438,Regresión lineal
122802,2026-06-30,2026-10-31,4,68.74158990273052,Regresión lineal
122806,2026-06-30,2026-10-31,4,83.79177652229508,Regresión lineal
122808,2026-06-30,2026-10-31,4,134.15458909078438,Regresión lineal
122815,2026-06-30,2026-10-31,4,61.966829308327476,Regresión lineal
122818,2026-06-30,2026-10-31,4,51.12110650485581,Regresión lineal
122822,2026-06-30,2026-10-31,4,89.51083533575513,Regresión lineal
122825,2026-06-30,2026-10-31,4,85.70872448629291,Regresión lineal
122826,2026-06-30,2026-10-31,4,19.54061778112009,Regresión lineal
122830,2026-06-30,2026-10-31,4,82.95647657112815,Regresión lineal
122837,2026-06-30,2026-10-31,4,38.73530794410703,Regresión lineal
122848,2026-06-30,2026-10-31,4,28.178616113611454,Regresión lineal
122854,2026-06-30,2026-10-31,4,43.92431735355698,Regresión lineal
122869,2026-06-30,2026-10-31,4,44.16172950641597,Regresión lineal
122891,2026-06-30,2026-10-31,4,19.996051217294607,Regresión lineal
122904,2026-06-30,2026-10-31,4,42.901057791189814,Regresión lineal
122905,2026-06-30,2026-10-31,4,51.12978738250881,Regresión lineal
122908,2026-06-30,2026-10-31,4,60.446954330606204,Regresión lineal
122918,2026-06-30,2026-10-31,4,114.16807981898876,Regresión lineal
122922,2026-06-30,2026-10-31,4,115.80413956985977,Regresión lineal
122923,2026-06-30,2026-10-31,4,6.080894405406951,Regresión lineal
122931,2026-06-30,2026-10-31,4,41.73957717773339,Regresión lineal
122937,2026-06-30,2026-10-31,4,81.90757613316777,Regresión lineal
122940,2026-06-30,2026-10-31,4,67.09022826981604,Regresión lineal
122941,2026-06-30,2026-10-31,4,13.49447111958645,Regresión lineal
122942,2026-06-30,2026-10-31,4,52.07406264719623,Regresión lineal
122943,2026-06-30,2026-10-31,4,24.643675333787485,Regresión lineal
122988,2026-06-30,2026-10-31,4,42.23290770439813,Regresión lineal
122990,2026-06-30,2026-10-31,4,121.12385263495538,Regresión lineal
123008,2026-06-30,2026-10-31,4,202.77034043526322,Regresión lineal
123019,2026-06-30,2026-10-31,4,62.998400555588326,Regresión lineal
123034,2026-06-30,2026-10-31,4,173.77890435657352,Regresión lineal
123036,2026-06-30,2026-10-31,4,57.967394756764705,Regresión lineal
123044,2026-06-30,2026-10-31,4,112.038065050856,Regresión lineal
123049,2026-06-30,2026-10-31,4,85.67691575442727,Regresión lineal
123056,2026-06-30,2026-10-31,4,74.10981539873214,Regresión lineal
123061,2026-06-30,2026-10-31,4,199.53486132076443,Regresión lineal
123080,2026-06-30,2026-10-31,4,65.42090371288498,Regresión lineal
123100,2026-06-30,2026-10-31,4,96.93501655329952,Regresión lineal
123101,2026-06-30,2026-10-31,4,128.23432470396287,Regresión lineal
123105,2026-06-30,2026-10-31,4,188.599472779019,Regresión lineal
123106,2026-06-30,2026-10-31,4,127.53152715082254,Regresión lineal
123107,2026-06-30,2026-10-31,4,119.04844270607309,Regresión lineal
123111,2026-06-30,2026-10-31,4,181.5082009806028,Regresión lineal
123113,2026-06-30,2026-10-31,4,111.21277663705368,Regresión lineal
123114,2026-06-30,2026-10-31,4,188.27069031407487,Regresión lineal
123115,2026-06-30,2026-10-31,4,116.55915506764242,Regresión lineal
123117,2026-06-30,2026-10-31,4,476.4384221634329,Regresión lineal
123122,2026-06-30,2026-10-31,4,69.80680532610523,Regresión lineal
123131,2026-06-30,2026-10-31,4,51.95460303303909,Regresión lineal
123132,2026-06-30,2026-10-31,4,14.146254468027806,Regresión lineal
123196,2026-06-30,2026-10-31,4,101.62515128174553,Regresión lineal
123218,2026-06-30,2026-10-31,4,50.71343333370223,Regresión lineal
123220,2026-06-30,2026-10-31,4,32.41385103414633,Regresión lineal
123225,2026-06-30,2026-10-31,4,48.358694438869776,Regresión lineal
123226,2026-06-30,2026-10-31,4,46.31354589464317,Regresión lineal
123231,2026-06-30,2026-10-31,4,69.87004834392488,Regresión lineal
123285,2026-06-30,2026-10-31,4,50.33886447375339,Regresión lineal
123293,2026-06-30,2026-10-31,4,35.809807836893356,Regresión lineal
123295,2026-06-30,2026-10-31,4,99.65404968253327,Regresión lineal
123309,2026-06-30,2026-10-31,4,31.756988801024704,Regresión lineal
123310,2026-06-30,2026-10-31,4,56.254493093403234,Regresión lineal
123315,2026-06-30,2026-10-31,4,55.030890531583836,Regresión lineal
123317,2026-06-30,2026-10-31,4,35.64837398971927,Regresión lineal
123320,2026-06-30,2026-10-31,4,154.1094247386029,Regresión lineal
123321,2026-06-30,2026-10-31,4,107.34627719719593,Regresión lineal
123324,2026-06-30,2026-10-31,4,77.21817148253061,Regresión lineal
123325,2026-06-30,2026-10-31,4,83.94052585233611,Regresión lineal
123333,2026-06-30,2026-10-31,4,96.70178883903603,Regresión lineal
123337,2026-06-30,2026-10-31,4,81.93806454440451,Regresión lineal
123339,2026-06-30,2026-10-31,4,142.22099491665784,Regresión lineal
123340,2026-06-30,2026-10-31,4,61.318890095234465,Regresión lineal
123341,2026-06-30,2026-10-31,4,146.1181040223531,Regresión lineal
123342,2026-06-30,2026-10-31,4,78.03718869030588,Regresión lineal
123343,2026-06-30,2026-10-31,4,54.938517540891446,Regresión lineal
123344,2026-06-30,2026-10-31,4,38.40940321544765,Regresión lineal
123346,2026-06-30,2026-10-31,4,89.81162069061023,Regresión lineal
123347,2026-06-30,2026-10-31,4,149.44010324013337,Regresión lineal
123373,2026-06-30,2026-10-31,4,42.304533841147105,Regresión lineal
123374,2026-06-30,2026-10-31,4,30.093608784755503,Regresión lineal
123377,2026-06-30,2026-10-31,4,65.4754182206999,Regresión lineal
123378,2026-06-30,2026-10-31,4,45.7007491917503,Regresión lineal
123384,2026-06-30,2026-10-31,4,113.83018220920708,Regresión lineal
123405,2026-06-30,2026-10-31,4,80.73660807419832,Regresión lineal
123411,2026-06-30,2026-10-31,4,93.16396632003186,Regresión lineal
123421,2026-06-30,2026-10-31,4,125.74735745639614,Regresión lineal
123425,2026-06-30,2026-10-31,4,68.30790328275522,Regresión lineal
123426,2026-06-30,2026-10-31,4,144.91456696955322,Regresión lineal
123427,2026-06-30,2026-10-31,4,40.9735175051524,Regresión lineal
123428,2026-06-30,2026-10-31,4,142.6516365721252,Regresión lineal
123433,2026-06-30,2026-10-31,4,76.6526667040867,Regresión lineal
123440,2026-06-30,2026-10-31,4,172.21791168284335,Regresión lineal
123458,2026-06-30,2026-10-31,4,56.43987954608692,Regresión lineal
123463,2026-06-30,2026-10-31,4,106.04581684869426,Regresión lineal
123467,2026-06-30,2026-10-31,4,88.97520662819645,Regresión lineal
123470,2026-06-30,2026-10-31,4,60.40420286388821,Regresión lineal
123471,2026-06-30,2026-10-31,4,77.8176210756716,Regresión lineal
123477,2026-06-30,2026-10-31,4,92.85585711942905,Regresión lineal
123478,2026-06-30,2026-10-31,4,81.21067997046852,Regresión lineal
123479,2026-06-30,2026-10-31,4,55.97682915087495,Regresión lineal
123480,2026-06-30,2026-10-31,4,81.87557525594167,Regresión lineal
123483,2026-06-30,2026-10-31,4,48.16965278993339,Regresión lineal
123484,2026-06-30,2026-10-31,4,132.86317811815658,Regresión lineal
123495,2026-06-30,2026-10-31,4,194.07686915492593,Regresión lineal
123498,2026-06-30,2026-10-31,4,50.222431029662914,Regresión lineal
123504,2026-06-30,2026-10-31,4,92.90239219570061,Regresión lineal
123505,2026-06-30,2026-10-31,4,154.23358966014845,Regresión lineal
123511,2026-06-30,2026-10-31,4,159.56680709727806,Regresión lineal
123512,2026-06-30,2026-10-31,4,305.5705947039526,Regresión lineal
123519,2026-06-30,2026-10-31,4,197.28540433325233,Regresión lineal
123528,2026-06-30,2026-10-31,4,79.50141743768748,Regresión lineal
123538,2026-06-30,2026-10-31,4,247.76945709064302,Regresión lineal
123563,2026-06-30,2026-10-31,4,76.800586070585,Regresión lineal
123574,2026-06-30,2026-10-31,4,327.8707724406728,Regresión lineal
123587,2026-06-30,2026-10-31,4,208.3781919315365,Regresión lineal
123612,2026-06-30,2026-10-31,4,303.96550298503024,Regresión lineal
123621,2026-06-30,2026-10-31,4,117.23428396589922,Regresión lineal
123714,2026-06-30,2026-10-31,4,86.10069973184554,Regresión lineal
123741,2026-06-30,2026-10-31,4,117.6453386437739,Regresión lineal
123776,2026-06-30,2026-10-31,4,134.01762450713375,Regresión lineal
123778,2026-06-30,2026-10-31,4,161.19724595920533,Regresión lineal
123805,2026-06-30,2026-10-31,4,166.8602002360543,Regresión lineal
123841,2026-06-30,2026-10-31,4,55.4333858400615,Regresión lineal
123842,2026-06-30,2026-10-31,4,30.867213137454314,Regresión lineal
123847,2026-06-30,2026-10-31,4,44.761838954129615,Regresión lineal
123848,2026-06-30,2026-10-31,4,37.46653249863519,Regresión lineal
123854,2026-06-30,2026-10-31,4,202.97533049500709,Regresión lineal
123872,2026-06-30,2026-10-31,4,14.4938473083524,Regresión lineal
123873,2026-06-30,2026-10-31,4,92.72129132060438,Regresión lineal
123875,2026-06-30,2026-10-31,4,24.150261797671448,Regresión lineal
123876,2026-06-30,2026-10-31,4,17.094223225872057,Regresión lineal
123877,2026-06-30,2026-10-31,4,114.25938940950566,Regresión lineal
123878,2026-06-30,2026-10-31,4,134.89989866099518,Regresión lineal
123879,2026-06-30,2026-10-31,4,46.04277074227439,Regresión lineal
123880,2026-06-30,2026-10-31,4,23.00252484880484,Regresión lineal
123881,2026-06-30,2026-10-31,4,32.03068783264686,Regresión lineal
123884,2026-06-30,2026-10-31,4,154.7550213140937,Regresión lineal
123895,2026-06-30,2026-10-31,4,63.09169731793885,Regresión lineal
123896,2026-06-30,2026-10-31,4,63.091697317938845,Regresión lineal
123902,2026-06-30,2026-10-31,4,138.65268250857332,Regresión lineal
123909,2026-06-30,2026-10-31,4,51.90095459162471,Regresión lineal
123917,2026-06-30,2026-10-31,4,115.79164032548044,Regresión lineal
123927,2026-06-30,2026-10-31,4,200.40000195297517,Regresión lineal
123935,2026-06-30,2026-10-31,4,50.362171788907965,Regresión lineal
123948,2026-06-30,2026-10-31,4,31.94526640914846,Regresión lineal
123953,2026-06-30,2026-10-31,4,82.88536939895339,Regresión lineal
123954,2026-06-30,2026-10-31,4,100.15117116556259,Regresión lineal
123955,2026-06-30,2026-10-31,4,27.284943458925966,Regresión lineal
123967,2026-06-30,2026-10-31,4,126.83023216905082,Regresión lineal
123968,2026-06-30,2026-10-31,4,62.55239861872477,Regresión lineal
123985,2026-06-30,2026-10-31,4,27.272601724509798,Regresión lineal
123986,2026-06-30,2026-10-31,4,34.63323022531421,Regresión lineal
123991,2026-06-30,2026-10-31,4,145.87073660173263,Regresión lineal
123996,2026-06-30,2026-10-31,4,69.8404837866322,Regresión lineal
123997,2026-06-30,2026-10-31,4,55.87371806264773,Regresión lineal
123999,2026-06-30,2026-10-31,4,130.6790813224805,Regresión lineal
124006,2026-06-30,2026-10-31,4,139.43698019487525,Regresión lineal
124009,2026-06-30,2026-10-31,4,159.95189607365467,Regresión lineal
124018,2026-06-30,2026-10-31,4,165.14534160132882,Regresión lineal
124031,2026-06-30,2026-10-31,4,52.36135942851575,Regresión lineal
124058,2026-06-30,2026-10-31,4,118.5851823325635,Regresión lineal
124060,2026-06-30,2026-10-31,4,92.28596017311665,Regresión lineal
124067,2026-06-30,2026-10-31,4,51.39156686688674,Regresión lineal
124071,2026-06-30,2026-10-31,4,159.6592312501497,Regresión lineal
124072,2026-06-30,2026-10-31,4,42.303253824111884,Regresión lineal
124074,2026-06-30,2026-10-31,4,102.4619990825804,Regresión lineal
124090,2026-06-30,2026-10-31,4,57.05698836816804,Regresión lineal
124091,2026-06-30,2026-10-31,4,27.200933975818998,Regresión lineal
124094,2026-06-30,2026-10-31,4,48.97534679746143,Regresión lineal
124106,2026-06-30,2026-10-31,4,186.16593484036795,Regresión lineal
124107,2026-06-30,2026-10-31,4,82.61832674184677,Regresión lineal
124115,2026-06-30,2026-10-31,4,48.8556342754471,Regresión lineal
124116,2026-06-30,2026-10-31,4,34.21139294781108,Regresión lineal
124130,2026-06-30,2026-10-31,4,78.28348246460514,Regresión lineal
124131,2026-06-30,2026-10-31,4,44.32497798877451,Regresión lineal
124162,2026-06-30,2026-10-31,4,94.67288985276286,Regresión lineal
124207,2026-06-30,2026-10-31,4,40.985083705883625,Regresión lineal
124211,2026-06-30,2026-10-31,4,25.901927794157118,Regresión lineal
124212,2026-06-30,2026-10-31,4,76.65097324519948,Regresión lineal
124230,2026-06-30,2026-10-31,4,72.85959443288557,Regresión lineal
124236,2026-06-30,2026-10-31,4,220.2123604168234,Regresión lineal
124237,2026-06-30,2026-10-31,4,78.71111912606622,Regresión lineal
124238,2026-06-30,2026-10-31,4,12.544054032507646,Regresión lineal
124240,2026-06-30,2026-10-31,4,81.12306630742401,Regresión lineal
124286,2026-06-30,2026-10-31,4,50.37478491233131,Regresión lineal
124300,2026-06-30,2026-10-31,4,81.61931475487664,Regresión lineal
124303,2026-06-30,2026-10-31,4,79.58759149135665,Regresión lineal
124330,2026-06-30,2026-10-31,4,37.915827290734576,Regresión lineal
124338,2026-06-30,2026-10-31,4,60.22892425535787,Regresión lineal
124339,2026-06-30,2026-10-31,4,8.953799781525504,Regresión lineal
124346,2026-06-30,2026-10-31,4,28.922045714062506,Regresión lineal
124347,2026-06-30,2026-10-31,4,42.92828964973103,Regresión lineal
124353,2026-06-30,2026-10-31,4,8.630146760757185,Regresión lineal
124354,2026-06-30,2026-10-31,4,57.012640683216446,Regresión lineal
124367,2026-06-30,2026-10-31,4,77.40126677306941,Regresión lineal
124371,2026-06-30,2026-10-31,4,66.93094445519938,Regresión lineal
124380,2026-06-30,2026-10-31,4,177.96349809766963,Regresión lineal
124402,2026-06-30,2026-10-31,4,67.2986531307888,Regresión lineal
124420,2026-06-30,2026-10-31,4,127.27203865733404,Regresión lineal
124424,2026-06-30,2026-10-31,4,79.17484290494141,Regresión lineal
124459,2026-06-30,2026-10-31,4,41.922721172531446,Regresión lineal
124473,2026-06-30,2026-10-31,4,82.0636933378415,Regresión lineal
124474,2026-06-30,2026-10-31,4,148.90768422648563,Regresión lineal
124480,2026-06-30,2026-10-31,4,40.99469078212226,Regresión lineal
124499,2026-06-30,2026-10-31,4,19.169007532774742,Regresión lineal
124500,2026-06-30,2026-10-31,4,28.740901719911847,Regresión lineal
124524,2026-06-30,2026-10-31,4,166.20295460261843,Regresión lineal
124537,2026-06-30,2026-10-31,4,110.29770059200965,Regresión lineal
124545,2026-06-30,2026-10-31,4,62.300319600900075,Regresión lineal
124551,2026-06-30,2026-10-31,4,126.24301953714493,Regresión lineal
124553,2026-06-30,2026-10-31,4,116.39655740695422,Regresión lineal
124556,2026-06-30,2026-10-31,4,51.142568662970675,Regresión lineal
124573,2026-06-30,2026-10-31,4,110.87040254655986,Regresión lineal
124665,2026-06-30,2026-10-31,4,67.12714496648366,Regresión lineal
125168,2026-06-30,2026-10-31,4,22.511794967610484,Regresión lineal
125241,2026-06-30,2026-10-31,4,127.30207801714373,Regresión lineal
125252,2026-06-30,2026-10-31,4,157.09318433959209,Regresión lineal
125888,2026-06-30,2026-10-31,4,183.45254195809494,Regresión lineal
125889,2026-06-30,2026-10-31,4,84.90448145708996,Regresión lineal
126143,2026-06-30,2026-10-31,4,87.56781143424118,Regresión lineal
126170,2026-06-30,2026-10-31,4,78.63097447302418,Regresión lineal
126362,2026-06-30,2026-10-31,4,46.187972799672934,Regresión lineal
126500,2026-06-30,2026-10-31,4,180.23924429684024,Regresión lineal
128068,2026-06-30,2026-10-31,4,133.7211790816614,Regresión lineal
129877,2026-06-30,2026-10-31,4,116.75081292111595,Regresión lineal
130176,2026-06-30,2026-10-31,4,85.36893247877123,Regresión lineal
130875,2026-06-30,2026-10-31,4,186.78452025458898,Regresión lineal
131100,2026-06-30,2026-10-31,4,282.59767465356936,Regresión lineal
132723,2026-06-30,2026-10-31,4,56.865685946576086,Regresión lineal
132993,2026-06-30,2026-10-31,4,115.92909573699812,Regresión lineal
133378,2026-06-30,2026-10-31,4,70.48789661672332,Regresión lineal
133529,2026-06-30,2026-10-31,4,50.86779044933199,Regresión lineal
133930,2026-06-30,2026-10-31,4,32.20359319660463,Regresión lineal
134139,2026-06-30,2026-10-31,4,77.46043002529744,Regresión lineal
134291,2026-06-30,2026-10-31,4,172.89009149034592,Regresión lineal
134292,2026-06-30,2026-10-31,4,84.97997227226661,Regresión lineal
134390,2026-06-30,2026-10-31,4,162.03485131107567,Regresión lineal
134689,2026-06-30,2026-10-31,4,103.03529046666621,Regresión lineal
134690,2026-06-30,2026-10-31,4,194.9495389426574,Regresión lineal
134691,2026-06-30,2026-10-31,4,73.5093452989878,Regresión lineal
134694,2026-06-30,2026-10-31,4,25.50677790658429,Regresión lineal
134862,2026-06-30,2026-10-31,4,76.10278992940601,Regresión lineal
134863,2026-06-30,2026-10-31,4,39.60291733420532,Regresión lineal
134977,2026-06-30,2026-10-31,4,108.19777916713511,Regresión lineal
135237,2026-06-30,2026-10-31,4,171.77707967786193,Regresión lineal
135487,2026-06-30,2026-10-31,4,77.1810665697135,Regresión lineal
135797,2026-06-30,2026-10-31,4,47.78275920331305,Regresión lineal
136208,2026-06-30,2026-10-31,4,27.350457427489587,Regresión lineal
136209,2026-06-30,2026-10-31,4,15.038991321806492,Regresión lineal
136210,2026-06-30,2026-10-31,4,163.16920376810802,Regresión lineal
136384,2026-06-30,2026-10-31,4,143.5000980364576,Regresión lineal
136816,2026-06-30,2026-10-31,4,67.35942181443684,Regresión lineal
137230,2026-06-30,2026-10-31,4,67.96754263129463,Regresión lineal
137725,2026-06-30,2026-10-31,4,42.11467039369322,Regresión lineal
143863,2026-06-30,2026-10-31,4,120.57562795111633,Regresión lineal
144120,2026-06-30,2026-10-31,4,66.5733853117373,Regresión lineal
144121,2026-06-30,2026-10-31,4,45.51956380113734,Regresión lineal
144248,2026-06-30,2026-10-31,4,125.02407117534219,Regresión lineal
144251,2026-06-30,2026-10-31,4,33.62957632930855,Regresión lineal
144366,2026-06-30,2026-10-31,4,56.01677009914402,Regresión lineal
145246,2026-06-30,2026-10-31,4,36.29540166743357,Regresión lineal
145247,2026-06-30,2026-10-31,4,21.881066466257124,Regresión lineal
145371,2026-06-30,2026-10-31,4,241.8380864269205,Regresión lineal
145373,2026-06-30,2026-10-31,4,52.48020949150913,Regresión lineal
145528,2026-06-30,2026-10-31,4,43.923310893201524,Regresión lineal
145695,2026-06-30,2026-10-31,4,266.65456305773967,Regresión lineal
145699,2026-06-30,2026-10-31,4,74.34231016148385,Regresión lineal
145700,2026-06-30,2026-10-31,4,51.603416567369266,Regresión lineal
145847,2026-06-30,2026-10-31,4,89.55533791127687,Regresión lineal
146241,2026-06-30,2026-10-31,4,65.7748585835039,Regresión lineal
146362,2026-06-30,2026-10-31,4,26.678684236504807,Regresión lineal
146433,2026-06-30,2026-10-31,4,113.8301822092071,Regresión lineal
147132,2026-06-30,2026-10-31,4,99.79360638893108,Regresión lineal
147265,2026-06-30,2026-10-31,4,85.17651274579394,Regresión lineal
147266,2026-06-30,2026-10-31,4,114.60201220735604,Regresión lineal
147268,2026-06-30,2026-10-31,4,141.07488984986225,Regresión lineal
147454,2026-06-30,2026-10-31,4,88.98838799579447,Regresión lineal
153297,2026-06-30,2026-10-31,4,66.17418455225985,Regresión lineal
153440,2026-06-30,2026-10-31,4,18.244504801164055,Regresión lineal
153576,2026-06-30,2026-10-31,4,123.91845618151135,Regresión lineal
153578,2026-06-30,2026-10-31,4,64.85175430473814,Regresión lineal
153727,2026-06-30,2026-10-31,4,152.24200117979836,Regresión lineal
153846,2026-06-30,2026-10-31,4,51.81693875996557,Regresión lineal
153955,2026-06-30,2026-10-31,4,20.282211328174824,Regresión lineal
154166,2026-06-30,2026-10-31,4,52.76177968541856,Regresión lineal
154167,2026-06-30,2026-10-31,4,16.22526443101674,Regresión lineal
154169,2026-06-30,2026-10-31,4,36.632515230835246,Regresión lineal
154530,2026-06-30,2026-10-31,4,24.5299052027664,Regresión lineal
154531,2026-06-30,2026-10-31,4,63.84670987184716,Regresión lineal
154888,2026-06-30,2026-10-31,4,51.29399573262449,Regresión lineal
154889,2026-06-30,2026-10-31,4,63.72318079227206,Regresión lineal
154890,2026-06-30,2026-10-31,4,146.25377638504648,Regresión lineal
155005,2026-06-30,2026-10-31,4,86.03486848512826,Regresión lineal
155006,2026-06-30,2026-10-31,4,61.83022098510182,Regresión lineal
155009,2026-06-30,2026-10-31,4,36.3063858395294,Regresión lineal
155188,2026-06-30,2026-10-31,4,13.320727330468955,Regresión lineal
155189,2026-06-30,2026-10-31,4,229.65885809948918,Regresión lineal
155190,2026-06-30,2026-10-31,4,93.12218973492719,Regresión lineal
155194,2026-06-30,2026-10-31,4,293.9873992614836,Regresión lineal
155504,2026-06-30,2026-10-31,4,18.91247019417112,Regresión lineal
155505,2026-06-30,2026-10-31,4,52.36736863960258,Regresión lineal
155604,2026-06-30,2026-10-31,4,66.53238554073623,Regresión lineal
155605,2026-06-30,2026-10-31,4,6.570461621847741,Regresión lineal
155790,2026-06-30,2026-10-31,4,63.415903537193586,Regresión lineal
156456,2026-06-30,2026-10-31,4,68.06202454397302,Regresión lineal
156526,2026-06-30,2026-10-31,4,272.6149516707762,Regresión lineal
156527,2026-06-30,2026-10-31,4,127.48680642121303,Regresión lineal
156680,2026-06-30,2026-10-31,4,36.686300579799585,Regresión lineal
156681,2026-06-30,2026-10-31,4,8.201849447305676,Regresión lineal
156847,2026-06-30,2026-10-31,4,20.401194369737937,Regresión lineal
156850,2026-06-30,2026-10-31,4,151.3225430491829,Regresión lineal
156947,2026-06-30,2026-10-31,4,126.78827260553447,Regresión lineal
156952,2026-06-30,2026-10-31,4,47.832212544114014,Regresión lineal
157093,2026-06-30,2026-10-31,4,128.66214817711395,Regresión lineal
157095,2026-06-30,2026-10-31,4,195.08607726485536,Regresión lineal
157178,2026-06-30,2026-10-31,4,87.96174400566943,Regresión lineal
157293,2026-06-30,2026-10-31,4,43.89512655777959,Regresión lineal
157390,2026-06-30,2026-10-31,4,54.53135004898112,Regresión lineal
157391,2026-06-30,2026-10-31,4,42.004229563421546,Regresión lineal
157392,2026-06-30,2026-10-31,4,8.885890842447537,Regresión lineal
157489,2026-06-30,2026-10-31,4,67.77224944737137,Regresión lineal
157771,2026-06-30,2026-10-31,4,143.73763229208788,Regresión lineal
157772,2026-06-30,2026-10-31,4,101.30506610699489,Regresión lineal
157778,2026-06-30,2026-10-31,4,63.816377188147506,Regresión lineal
157831,2026-06-30,2026-10-31,4,108.00326623649416,Regresión lineal
157832,2026-06-30,2026-10-31,4,58.38020075016795,Regresión lineal
157950,2026-06-30,2026-10-31,4,118.5148262966788,Regresión lineal
158026,2026-06-30,2026-10-31,4,42.08950856760809,Regresión lineal
158027,2026-06-30,2026-10-31,4,29.72318357275158,Regresión lineal
158123,2026-06-30,2026-10-31,4,110.86336435055145,Regresión lineal
158124,2026-06-30,2026-10-31,4,25.445780351555072,Regresión lineal
158346,2026-06-30,2026-10-31,4,32.01556106574148,Regresión lineal
158399,2026-06-30,2026-10-31,4,37.44286837429409,Regresión lineal
158400,2026-06-30,2026-10-31,4,98.23219761984087,Regresión lineal
158872,2026-06-30,2026-10-31,4,351.49395090564224,Regresión lineal
159118,2026-06-30,2026-10-31,4,226.14681817525985,Regresión lineal
159120,2026-06-30,2026-10-31,4,301.23040545444826,Regresión lineal
159121,2026-06-30,2026-10-31,4,22.441648459636212,Regresión lineal
159122,2026-06-30,2026-10-31,4,61.08789616162945,Regresión lineal
159209,2026-06-30,2026-10-31,4,160.09209738272273,Regresión lineal
159256,2026-06-30,2026-10-31,4,10.031474208128742,Regresión lineal
159268,2026-06-30,2026-10-31,4,67.34806655637738,Regresión lineal
159697,2026-06-30,2026-10-31,4,42.37087200439036,Regresión lineal
159698,2026-06-30,2026-10-31,4,514.3272926719621,Regresión lineal
159700,2026-06-30,2026-10-31,4,50.194855238090156,Regresión lineal
159701,2026-06-30,2026-10-31,4,33.32527985780537,Regresión lineal
159825,2026-06-30,2026-10-31,4,87.01484812320558,Regresión lineal
159827,2026-06-30,2026-10-31,4,33.59048794311096,Regresión lineal
159828,2026-06-30,2026-10-31,4,50.576238988272806,Regresión lineal
160013,2026-06-30,2026-10-31,4,227.45761977251232,Regresión lineal
160137,2026-06-30,2026-10-31,4,85.2937967671016,Regresión lineal
160138,2026-06-30,2026-10-31,4,208.76051347131272,Regresión lineal
160139,2026-06-30,2026-10-31,4,33.71051491659625,Regresión lineal
160140,2026-06-30,2026-10-31,4,76.68140073975451,Regresión lineal
160141,2026-06-30,2026-10-31,4,48.141270616798614,Regresión lineal
160142,2026-06-30,2026-10-31,4,14.261712404546174,Regresión lineal
160265,2026-06-30,2026-10-31,4,391.0881899037256,Regresión lineal
160419,2026-06-30,2026-10-31,4,38.845404809877955,Regresión lineal
160420,2026-06-30,2026-10-31,4,48.36033362847775,Regresión lineal
160503,2026-06-30,2026-10-31,4,59.682612765436424,Regresión lineal
160504,2026-06-30,2026-10-31,4,24.334090311902656,Regresión lineal
160685,2026-06-30,2026-10-31,4,75.40123302167493,Regresión lineal
160837,2026-06-30,2026-10-31,4,430.10738091486485,Regresión lineal
160838,2026-06-30,2026-10-31,4,39.807312666627624,Regresión lineal
160839,2026-06-30,2026-10-31,4,65.1237873743914,Regresión lineal
161246,2026-06-30,2026-10-31,4,106.08526529135258,Regresión lineal
161247,2026-06-30,2026-10-31,4,37.3789106207048,Regresión lineal
161248,2026-06-30,2026-10-31,4,12.26180661149138,Regresión lineal
161350,2026-06-30,2026-10-31,4,78.22219789420771,Regresión lineal
161505,2026-06-30,2026-10-31,4,8.020163303142482,Regresión lineal
161506,2026-06-30,2026-10-31,4,125.21728244976384,Regresión lineal
161593,2026-06-30,2026-10-31,4,106.4164147322825,Regresión lineal
162191,2026-06-30,2026-10-31,4,119.9042620226551,Regresión lineal
162192,2026-06-30,2026-10-31,4,19.94684066044428,Regresión lineal
8380,2026-06-30,2026-11-30,5,16.831083613219832,Regresión lineal
8385,2026-06-30,2026-11-30,5,192.6387710373637,Regresión lineal
8392,2026-06-30,2026-11-30,5,99.45680922760286,Regresión lineal
8415,2026-06-30,2026-11-30,5,2.6802737228234292,Regresión lineal
39215,2026-06-30,2026-11-30,5,100.73989868559424,Regresión lineal
64744,2026-06-30,2026-11-30,5,21.45963126286749,Regresión lineal
64767,2026-06-30,2026-11-30,5,15.923334583360898,Regresión lineal
64792,2026-06-30,2026-11-30,5,23.541951659958485,Regresión lineal
65658,2026-06-30,2026-11-30,5,10.35099025066161,Regresión lineal
68153,2026-06-30,2026-11-30,5,84.84111101496836,Regresión lineal
68163,2026-06-30,2026-11-30,5,129.27541110298495,Regresión lineal
68165,2026-06-30,2026-11-30,5,110.1787703911916,Regresión lineal
68172,2026-06-30,2026-11-30,5,25.908840172529054,Regresión lineal
69830,2026-06-30,2026-11-30,5,144.75593977194296,Regresión lineal
69837,2026-06-30,2026-11-30,5,73.3551679075963,Regresión lineal
69839,2026-06-30,2026-11-30,5,94.90409930717331,Regresión lineal
69849,2026-06-30,2026-11-30,5,68.75060650440629,Regresión lineal
69853,2026-06-30,2026-11-30,5,85.69216614585255,Regresión lineal
69859,2026-06-30,2026-11-30,5,115.36334316449177,Regresión lineal
69861,2026-06-30,2026-11-30,5,95.66007505807957,Regresión lineal
69865,2026-06-30,2026-11-30,5,65.10004043540798,Regresión lineal
69866,2026-06-30,2026-11-30,5,195.8209542300815,Regresión lineal
69871,2026-06-30,2026-11-30,5,235.09923450623728,Regresión lineal
69877,2026-06-30,2026-11-30,5,168.34453925354376,Regresión lineal
69879,2026-06-30,2026-11-30,5,253.01597295400404,Regresión lineal
69881,2026-06-30,2026-11-30,5,257.1318088347974,Regresión lineal
69886,2026-06-30,2026-11-30,5,86.71579802915419,Regresión lineal
69896,2026-06-30,2026-11-30,5,59.076416578895724,Regresión lineal
69908,2026-06-30,2026-11-30,5,88.88809855399872,Regresión lineal
69912,2026-06-30,2026-11-30,5,99.9201867799427,Regresión lineal
69929,2026-06-30,2026-11-30,5,181.22280684938633,Regresión lineal
69931,2026-06-30,2026-11-30,5,51.39867101949743,Regresión lineal
69932,2026-06-30,2026-11-30,5,51.40113814742499,Regresión lineal
69949,2026-06-30,2026-11-30,5,55.48588376864908,Regresión lineal
69956,2026-06-30,2026-11-30,5,80.87866969206657,Regresión lineal
70125,2026-06-30,2026-11-30,5,303.09922785198705,Regresión lineal
70126,2026-06-30,2026-11-30,5,220.32027815718754,Regresión lineal
70127,2026-06-30,2026-11-30,5,169.62378263861936,Regresión lineal
75352,2026-06-30,2026-11-30,5,161.98169575887536,Regresión lineal
75354,2026-06-30,2026-11-30,5,106.113083105215,Regresión lineal
75355,2026-06-30,2026-11-30,5,61.3802573680003,Regresión lineal
75358,2026-06-30,2026-11-30,5,161.12301254100174,Regresión lineal
75359,2026-06-30,2026-11-30,5,38.42893081585231,Regresión lineal
75362,2026-06-30,2026-11-30,5,140.8361200574184,Regresión lineal
75365,2026-06-30,2026-11-30,5,29.796807490485406,Regresión lineal
75367,2026-06-30,2026-11-30,5,425.4278148382498,Regresión lineal
75370,2026-06-30,2026-11-30,5,195.06853759425002,Regresión lineal
75371,2026-06-30,2026-11-30,5,94.80228611109153,Regresión lineal
75374,2026-06-30,2026-11-30,5,291.23708483522825,Regresión lineal
75380,2026-06-30,2026-11-30,5,319.9885936818866,Regresión lineal
75382,2026-06-30,2026-11-30,5,100.18625799995111,Regresión lineal
75392,2026-06-30,2026-11-30,5,108.03770458461881,Regresión lineal
75394,2026-06-30,2026-11-30,5,51.045131863599195,Regresión lineal
75396,2026-06-30,2026-11-30,5,36.92551869236988,Regresión lineal
75398,2026-06-30,2026-11-30,5,42.15822917081286,Regresión lineal
75403,2026-06-30,2026-11-30,5,13.38324384836244,Regresión lineal
75407,2026-06-30,2026-11-30,5,46.33441778574033,Regresión lineal
75409,2026-06-30,2026-11-30,5,31.319246308741995,Regresión lineal
75410,2026-06-30,2026-11-30,5,24.045743758305548,Regresión lineal
75414,2026-06-30,2026-11-30,5,24.161289975525975,Regresión lineal
75424,2026-06-30,2026-11-30,5,87.02358702896574,Regresión lineal
75616,2026-06-30,2026-11-30,5,159.83349760779407,Regresión lineal
75617,2026-06-30,2026-11-30,5,89.51510376789317,Regresión lineal
75619,2026-06-30,2026-11-30,5,56.74800680923712,Regresión lineal
119939,2026-06-30,2026-11-30,5,87.75235831769405,Regresión lineal
122237,2026-06-30,2026-11-30,5,67.36115036801645,Regresión lineal
122241,2026-06-30,2026-11-30,5,111.29251570343794,Regresión lineal
122247,2026-06-30,2026-11-30,5,13.403367391454623,Regresión lineal
122248,2026-06-30,2026-11-30,5,145.13220632323086,Regresión lineal
122251,2026-06-30,2026-11-30,5,89.44457783728758,Regresión lineal
122257,2026-06-30,2026-11-30,5,124.20952930410895,Regresión lineal
122262,2026-06-30,2026-11-30,5,124.94860347834076,Regresión lineal
122264,2026-06-30,2026-11-30,5,224.0153385452234,Regresión lineal
122271,2026-06-30,2026-11-30,5,121.4216212472137,Regresión lineal
122292,2026-06-30,2026-11-30,5,215.62072983164643,Regresión lineal
122293,2026-06-30,2026-11-30,5,91.28781712375215,Regresión lineal
122294,2026-06-30,2026-11-30,5,67.18280463663794,Regresión lineal
122295,2026-06-30,2026-11-30,5,67.182804636638,Regresión lineal
122298,2026-06-30,2026-11-30,5,149.28804919951014,Regresión lineal
122302,2026-06-30,2026-11-30,5,148.12659194712046,Regresión lineal
122310,2026-06-30,2026-11-30,5,45.866853623802115,Regresión lineal
122315,2026-06-30,2026-11-30,5,61.07933737813699,Regresión lineal
122323,2026-06-30,2026-11-30,5,83.08203494317586,Regresión lineal
122347,2026-06-30,2026-11-30,5,80.83985440425778,Regresión lineal
122355,2026-06-30,2026-11-30,5,243.99798518399257,Regresión lineal
122360,2026-06-30,2026-11-30,5,125.3235022765417,Regresión lineal
122361,2026-06-30,2026-11-30,5,93.22993715293755,Regresión lineal
122366,2026-06-30,2026-11-30,5,143.71596138894122,Regresión lineal
122367,2026-06-30,2026-11-30,5,36.31061322408186,Regresión lineal
122368,2026-06-30,2026-11-30,5,118.66529849786242,Regresión lineal
122382,2026-06-30,2026-11-30,5,82.17851617455794,Regresión lineal
122398,2026-06-30,2026-11-30,5,27.428443252856923,Regresión lineal
122410,2026-06-30,2026-11-30,5,69.4756045531089,Regresión lineal
122423,2026-06-30,2026-11-30,5,149.1810208001317,Regresión lineal
122432,2026-06-30,2026-11-30,5,132.98962266047857,Regresión lineal
122433,2026-06-30,2026-11-30,5,67.18541696831352,Regresión lineal
122434,2026-06-30,2026-11-30,5,78.03357859098791,Regresión lineal
122435,2026-06-30,2026-11-30,5,42.3029879001951,Regresión lineal
122436,2026-06-30,2026-11-30,5,142.32825443157623,Regresión lineal
122440,2026-06-30,2026-11-30,5,134.48940831130744,Regresión lineal
122470,2026-06-30,2026-11-30,5,81.459959625111,Regresión lineal
122489,2026-06-30,2026-11-30,5,53.96925172715105,Regresión lineal
122567,2026-06-30,2026-11-30,5,132.06964746374462,Regresión lineal
122593,2026-06-30,2026-11-30,5,166.72058425202465,Regresión lineal
122594,2026-06-30,2026-11-30,5,71.40968893742495,Regresión lineal
122602,2026-06-30,2026-11-30,5,90.76860354019682,Regresión lineal
122603,2026-06-30,2026-11-30,5,138.09722109932238,Regresión lineal
122604,2026-06-30,2026-11-30,5,67.53146745376038,Regresión lineal
122621,2026-06-30,2026-11-30,5,47.473533993674735,Regresión lineal
122627,2026-06-30,2026-11-30,5,128.0694570738009,Regresión lineal
122628,2026-06-30,2026-11-30,5,26.098788388160784,Regresión lineal
122629,2026-06-30,2026-11-30,5,28.13833314797573,Regresión lineal
122630,2026-06-30,2026-11-30,5,75.72726535446353,Regresión lineal
122654,2026-06-30,2026-11-30,5,32.231378812414306,Regresión lineal
122655,2026-06-30,2026-11-30,5,29.63875433948155,Regresión lineal
122657,2026-06-30,2026-11-30,5,61.97174133618486,Regresión lineal
122660,2026-06-30,2026-11-30,5,58.17513997725357,Regresión lineal
122666,2026-06-30,2026-11-30,5,60.345945545778974,Regresión lineal
122676,2026-06-30,2026-11-30,5,88.92032443463928,Regresión lineal
122680,2026-06-30,2026-11-30,5,34.05909481205009,Regresión lineal
122684,2026-06-30,2026-11-30,5,60.96665871615661,Regresión lineal
122685,2026-06-30,2026-11-30,5,35.41047840017528,Regresión lineal
122700,2026-06-30,2026-11-30,5,36.470328202435915,Regresión lineal
122707,2026-06-30,2026-11-30,5,73.94554202963444,Regresión lineal
122717,2026-06-30,2026-11-30,5,92.48082410443922,Regresión lineal
122724,2026-06-30,2026-11-30,5,84.92863123236344,Regresión lineal
122726,2026-06-30,2026-11-30,5,41.40126842727253,Regresión lineal
122727,2026-06-30,2026-11-30,5,92.59663042588762,Regresión lineal
122732,2026-06-30,2026-11-30,5,41.31428744497197,Regresión lineal
122734,2026-06-30,2026-11-30,5,36.36559496511821,Regresión lineal
122736,2026-06-30,2026-11-30,5,54.78604016053902,Regresión lineal
122744,2026-06-30,2026-11-30,5,35.967983427381526,Regresión lineal
122746,2026-06-30,2026-11-30,5,92.33355757999107,Regresión lineal
122761,2026-06-30,2026-11-30,5,158.6826308461539,Regresión lineal
122764,2026-06-30,2026-11-30,5,76.64192698429017,Regresión lineal
122766,2026-06-30,2026-11-30,5,70.41357468619854,Regresión lineal
122771,2026-06-30,2026-11-30,5,178.0769569432881,Regresión lineal
122772,2026-06-30,2026-11-30,5,134.6840036673235,Regresión lineal
122773,2026-06-30,2026-11-30,5,122.96507237289774,Regresión lineal
122776,2026-06-30,2026-11-30,5,101.45995389106427,Regresión lineal
122777,2026-06-30,2026-11-30,5,181.2685258765717,Regresión lineal
122778,2026-06-30,2026-11-30,5,98.47050101376189,Regresión lineal
122781,2026-06-30,2026-11-30,5,70.82859281910885,Regresión lineal
122782,2026-06-30,2026-11-30,5,149.3786113368999,Regresión lineal
122783,2026-06-30,2026-11-30,5,104.10888008248405,Regresión lineal
122784,2026-06-30,2026-11-30,5,94.49841387452585,Regresión lineal
122788,2026-06-30,2026-11-30,5,128.56272805385143,Regresión lineal
122792,2026-06-30,2026-11-30,5,122.5807063621431,Regresión lineal
122799,2026-06-30,2026-11-30,5,19.379984908260184,Regresión lineal
122802,2026-06-30,2026-11-30,5,68.55368475271068,Regresión lineal
122806,2026-06-30,2026-11-30,5,82.61043433465609,Regresión lineal
122808,2026-06-30,2026-11-30,5,131.49720860772894,Regresión lineal
122815,2026-06-30,2026-11-30,5,61.701967890041175,Regresión lineal
122818,2026-06-30,2026-11-30,5,51.54624154860511,Regresión lineal
122822,2026-06-30,2026-11-30,5,88.71051324383652,Regresión lineal
122825,2026-06-30,2026-11-30,5,84.89082546357218,Regresión lineal
122826,2026-06-30,2026-11-30,5,20.082717816541972,Regresión lineal
122830,2026-06-30,2026-11-30,5,82.01999844866847,Regresión lineal
122837,2026-06-30,2026-11-30,5,38.11812943958833,Regresión lineal
122848,2026-06-30,2026-11-30,5,27.852326321295223,Regresión lineal
122854,2026-06-30,2026-11-30,5,43.4951323759727,Regresión lineal
122869,2026-06-30,2026-11-30,5,43.51986668731945,Regresión lineal
122891,2026-06-30,2026-11-30,5,19.83337154723712,Regresión lineal
122904,2026-06-30,2026-11-30,5,42.35381828071847,Regresión lineal
122905,2026-06-30,2026-11-30,5,51.313617544483094,Regresión lineal
122908,2026-06-30,2026-11-30,5,59.76049295922804,Regresión lineal
122918,2026-06-30,2026-11-30,5,112.6123564213876,Regresión lineal
122922,2026-06-30,2026-11-30,5,109.83428144864288,Regresión lineal
122923,2026-06-30,2026-11-30,5,5.8443450289600065,Regresión lineal
122931,2026-06-30,2026-11-30,5,40.97421195720466,Regresión lineal
122937,2026-06-30,2026-11-30,5,81.46736042116294,Regresión lineal
122940,2026-06-30,2026-11-30,5,65.72553714806209,Regresión lineal
122941,2026-06-30,2026-11-30,5,13.457719760149203,Regresión lineal
122942,2026-06-30,2026-11-30,5,51.344025664932985,Regresión lineal
122943,2026-06-30,2026-11-30,5,24.326627021726694,Regresión lineal
122988,2026-06-30,2026-11-30,5,43.18412398389324,Regresión lineal
122990,2026-06-30,2026-11-30,5,120.4201830026263,Regresión lineal
123008,2026-06-30,2026-11-30,5,200.41416007917442,Regresión lineal
123019,2026-06-30,2026-11-30,5,63.41099723214241,Regresión lineal
123034,2026-06-30,2026-11-30,5,172.43692890988518,Regresión lineal
123036,2026-06-30,2026-11-30,5,58.4667608418423,Regresión lineal
123044,2026-06-30,2026-11-30,5,111.49002614001189,Regresión lineal
123049,2026-06-30,2026-11-30,5,87.98495232076152,Regresión lineal
123056,2026-06-30,2026-11-30,5,74.30997846464851,Regresión lineal
123061,2026-06-30,2026-11-30,5,197.64815702425196,Regresión lineal
123080,2026-06-30,2026-11-30,5,66.25523671850688,Regresión lineal
123100,2026-06-30,2026-11-30,5,98.94623279971981,Regresión lineal
123101,2026-06-30,2026-11-30,5,127.19666062965325,Regresión lineal
123105,2026-06-30,2026-11-30,5,187.60155933787408,Regresión lineal
123106,2026-06-30,2026-11-30,5,125.26822522768728,Regresión lineal
123107,2026-06-30,2026-11-30,5,118.00154250632363,Regresión lineal
123111,2026-06-30,2026-11-30,5,179.50060795555805,Regresión lineal
123113,2026-06-30,2026-11-30,5,109.4440931823178,Regresión lineal
123114,2026-06-30,2026-11-30,5,189.53718451751206,Regresión lineal
123115,2026-06-30,2026-11-30,5,115.80879104601523,Regresión lineal
123117,2026-06-30,2026-11-30,5,468.69603034657234,Regresión lineal
123122,2026-06-30,2026-11-30,5,70.20753522393896,Regresión lineal
123131,2026-06-30,2026-11-30,5,52.55651987401019,Regresión lineal
123132,2026-06-30,2026-11-30,5,15.580288466092625,Regresión lineal
123196,2026-06-30,2026-11-30,5,99.99361106620042,Regresión lineal
123218,2026-06-30,2026-11-30,5,49.80508902455919,Regresión lineal
123220,2026-06-30,2026-11-30,5,31.28368049034873,Regresión lineal
123225,2026-06-30,2026-11-30,5,47.47547838450568,Regresión lineal
123226,2026-06-30,2026-11-30,5,45.988426506881055,Regresión lineal
123231,2026-06-30,2026-11-30,5,68.55560388596261,Regresión lineal
123285,2026-06-30,2026-11-30,5,49.341637560558745,Regresión lineal
123293,2026-06-30,2026-11-30,5,35.053392199733736,Regresión lineal
123295,2026-06-30,2026-11-30,5,96.64063983041534,Regresión lineal
123309,2026-06-30,2026-11-30,5,32.15883913614951,Regresión lineal
123310,2026-06-30,2026-11-30,5,56.864801224290744,Regresión lineal
123315,2026-06-30,2026-11-30,5,55.11945870610985,Regresión lineal
123317,2026-06-30,2026-11-30,5,36.11059009760208,Regresión lineal
123320,2026-06-30,2026-11-30,5,151.27089466924127,Regresión lineal
123321,2026-06-30,2026-11-30,5,105.9323347013771,Regresión lineal
123324,2026-06-30,2026-11-30,5,76.28790641139909,Regresión lineal
123325,2026-06-30,2026-11-30,5,83.09637614589289,Regresión lineal
123333,2026-06-30,2026-11-30,5,94.76335508359071,Regresión lineal
123337,2026-06-30,2026-11-30,5,81.73529254853361,Regresión lineal
123339,2026-06-30,2026-11-30,5,140.4839233767372,Regresión lineal
123340,2026-06-30,2026-11-30,5,61.10461851871106,Regresión lineal
123341,2026-06-30,2026-11-30,5,142.78128952856736,Regresión lineal
123342,2026-06-30,2026-11-30,5,77.35437519962468,Regresión lineal
123343,2026-06-30,2026-11-30,5,54.58322968710969,Regresión lineal
123344,2026-06-30,2026-11-30,5,38.44970531364524,Regresión lineal
123346,2026-06-30,2026-11-30,5,88.7194162182953,Regresión lineal
123347,2026-06-30,2026-11-30,5,147.14484729445675,Regresión lineal
123373,2026-06-30,2026-11-30,5,45.373855514546115,Regresión lineal
123374,2026-06-30,2026-11-30,5,32.51897520917444,Regresión lineal
123377,2026-06-30,2026-11-30,5,65.52796609544268,Regresión lineal
123378,2026-06-30,2026-11-30,5,46.14260830190979,Regresión lineal
123384,2026-06-30,2026-11-30,5,113.51940659128631,Regresión lineal
123405,2026-06-30,2026-11-30,5,84.03117267006697,Regresión lineal
123411,2026-06-30,2026-11-30,5,97.38080874686679,Regresión lineal
123421,2026-06-30,2026-11-30,5,124.56636238047011,Regresión lineal
123425,2026-06-30,2026-11-30,5,67.90046836929653,Regresión lineal
123426,2026-06-30,2026-11-30,5,143.40483916956126,Regresión lineal
123427,2026-06-30,2026-11-30,5,41.41245480056869,Regresión lineal
123428,2026-06-30,2026-11-30,5,142.54213907618904,Regresión lineal
123433,2026-06-30,2026-11-30,5,76.43611645945039,Regresión lineal
123440,2026-06-30,2026-11-30,5,170.23911121536293,Regresión lineal
123458,2026-06-30,2026-11-30,5,56.32381862187139,Regresión lineal
123463,2026-06-30,2026-11-30,5,104.10116189293664,Regresión lineal
123467,2026-06-30,2026-11-30,5,91.44484472668258,Regresión lineal
123470,2026-06-30,2026-11-30,5,60.537652683499374,Regresión lineal
123471,2026-06-30,2026-11-30,5,78.94079739121688,Regresión lineal
123477,2026-06-30,2026-11-30,5,92.28440316158263,Regresión lineal
123478,2026-06-30,2026-11-30,5,81.32569692058402,Regresión lineal
123479,2026-06-30,2026-11-30,5,56.42325794046373,Regresión lineal
123480,2026-06-30,2026-11-30,5,81.38795766338231,Regresión lineal
123483,2026-06-30,2026-11-30,5,48.734508711892964,Regresión lineal
123484,2026-06-30,2026-11-30,5,130.98374853879102,Regresión lineal
123495,2026-06-30,2026-11-30,5,191.86174354496768,Regresión lineal
123498,2026-06-30,2026-11-30,5,49.1617519885081,Regresión lineal
123504,2026-06-30,2026-11-30,5,92.83213371834836,Regresión lineal
123505,2026-06-30,2026-11-30,5,153.7673615422355,Regresión lineal
123511,2026-06-30,2026-11-30,5,158.28829472685015,Regresión lineal
123512,2026-06-30,2026-11-30,5,294.8182938988429,Regresión lineal
123519,2026-06-30,2026-11-30,5,192.24522352441602,Regresión lineal
123528,2026-06-30,2026-11-30,5,80.12134550966171,Regresión lineal
123538,2026-06-30,2026-11-30,5,244.45094816499665,Regresión lineal
123563,2026-06-30,2026-11-30,5,77.48618005682059,Regresión lineal
123574,2026-06-30,2026-11-30,5,314.7875402394853,Regresión lineal
123587,2026-06-30,2026-11-30,5,205.50437396932887,Regresión lineal
123612,2026-06-30,2026-11-30,5,299.52549170175763,Regresión lineal
123621,2026-06-30,2026-11-30,5,116.33920762193354,Regresión lineal
123714,2026-06-30,2026-11-30,5,86.47692084840497,Regresión lineal
123741,2026-06-30,2026-11-30,5,117.78790292381709,Regresión lineal
123776,2026-06-30,2026-11-30,5,133.05021688473437,Regresión lineal
123778,2026-06-30,2026-11-30,5,160.22128130672775,Regresión lineal
123805,2026-06-30,2026-11-30,5,164.90315726653932,Regresión lineal
123841,2026-06-30,2026-11-30,5,55.625042023519335,Regresión lineal
123842,2026-06-30,2026-11-30,5,31.306304058569836,Regresión lineal
123847,2026-06-30,2026-11-30,5,44.40398575704268,Regresión lineal
123848,2026-06-30,2026-11-30,5,37.29730515014577,Regresión lineal
123854,2026-06-30,2026-11-30,5,201.4006127716723,Regresión lineal
123872,2026-06-30,2026-11-30,5,14.954886360601236,Regresión lineal
123873,2026-06-30,2026-11-30,5,91.32452361786265,Regresión lineal
123875,2026-06-30,2026-11-30,5,24.635287804404697,Regresión lineal
123876,2026-06-30,2026-11-30,5,17.113353147454816,Regresión lineal
123877,2026-06-30,2026-11-30,5,108.5622358719831,Regresión lineal
123878,2026-06-30,2026-11-30,5,132.92026716311304,Regresión lineal
123879,2026-06-30,2026-11-30,5,45.92938791135095,Regresión lineal
123880,2026-06-30,2026-11-30,5,23.32705870825555,Regresión lineal
123881,2026-06-30,2026-11-30,5,32.150875578883685,Regresión lineal
123884,2026-06-30,2026-11-30,5,152.49146258749803,Regresión lineal
123895,2026-06-30,2026-11-30,5,62.17714079081575,Regresión lineal
123896,2026-06-30,2026-11-30,5,62.17714079081575,Regresión lineal
123902,2026-06-30,2026-11-30,5,136.9055229381501,Regresión lineal
123909,2026-06-30,2026-11-30,5,51.44631201415979,Regresión lineal
123917,2026-06-30,2026-11-30,5,109.43900608877101,Regresión lineal
123927,2026-06-30,2026-11-30,5,197.3501478175919,Regresión lineal
123935,2026-06-30,2026-11-30,5,50.1278175005962,Regresión lineal
123948,2026-06-30,2026-11-30,5,32.13528896367366,Regresión lineal
123953,2026-06-30,2026-11-30,5,82.14427834279356,Regresión lineal
123954,2026-06-30,2026-11-30,5,99.07306401632154,Regresión lineal
123955,2026-06-30,2026-11-30,5,27.613498699395862,Regresión lineal
123967,2026-06-30,2026-11-30,5,123.3846195736549,Regresión lineal
123968,2026-06-30,2026-11-30,5,62.49824535754038,Regresión lineal
123985,2026-06-30,2026-11-30,5,27.618243169145387,Regresión lineal
123986,2026-06-30,2026-11-30,5,34.8686975690224,Regresión lineal
123991,2026-06-30,2026-11-30,5,143.93028926044502,Regresión lineal
123996,2026-06-30,2026-11-30,5,69.29386254399168,Regresión lineal
123997,2026-06-30,2026-11-30,5,55.59087808660843,Regresión lineal
123999,2026-06-30,2026-11-30,5,128.981132392749,Regresión lineal
124006,2026-06-30,2026-11-30,5,137.6657532570654,Regresión lineal
124009,2026-06-30,2026-11-30,5,156.3457622413362,Regresión lineal
124018,2026-06-30,2026-11-30,5,169.2674926464242,Regresión lineal
124031,2026-06-30,2026-11-30,5,52.4237834110618,Regresión lineal
124058,2026-06-30,2026-11-30,5,117.55809175157468,Regresión lineal
124060,2026-06-30,2026-11-30,5,91.42464447170268,Regresión lineal
124067,2026-06-30,2026-11-30,5,51.74164277472507,Regresión lineal
124071,2026-06-30,2026-11-30,5,157.22667858483481,Regresión lineal
124072,2026-06-30,2026-11-30,5,42.11132380257561,Regresión lineal
124074,2026-06-30,2026-11-30,5,101.91029236839553,Regresión lineal
124090,2026-06-30,2026-11-30,5,56.47376948526958,Regresión lineal
124091,2026-06-30,2026-11-30,5,27.356387526027575,Regresión lineal
124094,2026-06-30,2026-11-30,5,49.14843699978773,Regresión lineal
124106,2026-06-30,2026-11-30,5,182.30172435759079,Regresión lineal
124107,2026-06-30,2026-11-30,5,81.38231832916519,Regresión lineal
124115,2026-06-30,2026-11-30,5,48.82025229280759,Regresión lineal
124116,2026-06-30,2026-11-30,5,34.430881707639955,Regresión lineal
124130,2026-06-30,2026-11-30,5,77.52654846515351,Regresión lineal
124131,2026-06-30,2026-11-30,5,44.23666036912649,Regresión lineal
124162,2026-06-30,2026-11-30,5,92.09596425465512,Regresión lineal
124207,2026-06-30,2026-11-30,5,40.88581713057403,Regresión lineal
124211,2026-06-30,2026-11-30,5,26.44305840623882,Regresión lineal
124212,2026-06-30,2026-11-30,5,76.74922092796486,Regresión lineal
124230,2026-06-30,2026-11-30,5,72.33274640272086,Regresión lineal
124236,2026-06-30,2026-11-30,5,216.18322945651744,Regresión lineal
124237,2026-06-30,2026-11-30,5,78.23865210973841,Regresión lineal
124238,2026-06-30,2026-11-30,5,13.13829007941331,Regresión lineal
124240,2026-06-30,2026-11-30,5,80.36721307277098,Regresión lineal
124286,2026-06-30,2026-11-30,5,50.281943095270584,Regresión lineal
124300,2026-06-30,2026-11-30,5,79.2631755404775,Regresión lineal
124303,2026-06-30,2026-11-30,5,79.08792107087797,Regresión lineal
124330,2026-06-30,2026-11-30,5,38.13148684174661,Regresión lineal
124338,2026-06-30,2026-11-30,5,59.953629897179106,Regresión lineal
124339,2026-06-30,2026-11-30,5,9.562111245780471,Regresión lineal
124346,2026-06-30,2026-11-30,5,28.78002442542018,Regresión lineal
124347,2026-06-30,2026-11-30,5,42.31331082146613,Regresión lineal
124353,2026-06-30,2026-11-30,5,9.234628113438035,Regresión lineal
124354,2026-06-30,2026-11-30,5,56.77977126864355,Regresión lineal
124367,2026-06-30,2026-11-30,5,77.62683659500364,Regresión lineal
124371,2026-06-30,2026-11-30,5,67.20539680948886,Regresión lineal
124380,2026-06-30,2026-11-30,5,176.27758403671376,Regresión lineal
124402,2026-06-30,2026-11-30,5,65.59939941812276,Regresión lineal
124420,2026-06-30,2026-11-30,5,125.52927032608653,Regresión lineal
124424,2026-06-30,2026-11-30,5,79.19764752125766,Regresión lineal
124459,2026-06-30,2026-11-30,5,39.944176542111464,Regresión lineal
124473,2026-06-30,2026-11-30,5,81.8725455041953,Regresión lineal
124474,2026-06-30,2026-11-30,5,147.95793040821403,Regresión lineal
124480,2026-06-30,2026-11-30,5,41.12629748780795,Regresión lineal
124499,2026-06-30,2026-11-30,5,19.65017678123398,Regresión lineal
124500,2026-06-30,2026-11-30,5,29.094846102212514,Regresión lineal
124524,2026-06-30,2026-11-30,5,164.4642687036694,Regresión lineal
124537,2026-06-30,2026-11-30,5,108.11874339513997,Regresión lineal
124545,2026-06-30,2026-11-30,5,61.82499512106617,Regresión lineal
124551,2026-06-30,2026-11-30,5,125.4795027341201,Regresión lineal
124553,2026-06-30,2026-11-30,5,115.83804146704357,Regresión lineal
124556,2026-06-30,2026-11-30,5,51.66366951657156,Regresión lineal
124573,2026-06-30,2026-11-30,5,110.83864302572114,Regresión lineal
124665,2026-06-30,2026-11-30,5,67.5672678364038,Regresión lineal
125168,2026-06-30,2026-11-30,5,22.164382922532553,Regresión lineal
125241,2026-06-30,2026-11-30,5,126.29009166442054,Regresión lineal
125252,2026-06-30,2026-11-30,5,155.63442907575205,Regresión lineal
125888,2026-06-30,2026-11-30,5,181.43268748949203,Regresión lineal
125889,2026-06-30,2026-11-30,5,84.61641981376347,Regresión lineal
126143,2026-06-30,2026-11-30,5,87.84078438493039,Regresión lineal
126170,2026-06-30,2026-11-30,5,80.12099722731054,Regresión lineal
126362,2026-06-30,2026-11-30,5,46.28539758250351,Regresión lineal
126500,2026-06-30,2026-11-30,5,177.33051816262525,Regresión lineal
128068,2026-06-30,2026-11-30,5,134.87043333396994,Regresión lineal
129877,2026-06-30,2026-11-30,5,116.4396425379975,Regresión lineal
130176,2026-06-30,2026-11-30,5,83.7094969756419,Regresión lineal
130875,2026-06-30,2026-11-30,5,182.00547161026572,Regresión lineal
131100,2026-06-30,2026-11-30,5,280.1918589854524,Regresión lineal
132723,2026-06-30,2026-11-30,5,56.61953842895287,Regresión lineal
132993,2026-06-30,2026-11-30,5,115.18779493536961,Regresión lineal
133378,2026-06-30,2026-11-30,5,70.67683294588346,Regresión lineal
133529,2026-06-30,2026-11-30,5,51.87200113772839,Regresión lineal
133930,2026-06-30,2026-11-30,5,32.3775564676762,Regresión lineal
134139,2026-06-30,2026-11-30,5,77.49340795912396,Regresión lineal
134291,2026-06-30,2026-11-30,5,170.12991068881678,Regresión lineal
134292,2026-06-30,2026-11-30,5,83.93428260682597,Regresión lineal
134390,2026-06-30,2026-11-30,5,160.40404013675234,Regresión lineal
134689,2026-06-30,2026-11-30,5,102.64759160863103,Regresión lineal
134690,2026-06-30,2026-11-30,5,192.39210771907682,Regresión lineal
134691,2026-06-30,2026-11-30,5,73.54666461082448,Regresión lineal
134694,2026-06-30,2026-11-30,5,25.74539389849609,Regresión lineal
134862,2026-06-30,2026-11-30,5,76.74563003543645,Regresión lineal
134863,2026-06-30,2026-11-30,5,39.84745841321515,Regresión lineal
134977,2026-06-30,2026-11-30,5,107.72375113655013,Regresión lineal
135237,2026-06-30,2026-11-30,5,168.8484526503354,Regresión lineal
135487,2026-06-30,2026-11-30,5,78.29060819614567,Regresión lineal
135797,2026-06-30,2026-11-30,5,47.90788217342436,Regresión lineal
136208,2026-06-30,2026-11-30,5,28.249357675476404,Regresión lineal
136209,2026-06-30,2026-11-30,5,16.184172847866236,Regresión lineal
136210,2026-06-30,2026-11-30,5,161.74647370814318,Regresión lineal
136384,2026-06-30,2026-11-30,5,142.02850345869325,Regresión lineal
136816,2026-06-30,2026-11-30,5,69.0638471039022,Regresión lineal
137230,2026-06-30,2026-11-30,5,67.34384617774504,Regresión lineal
137725,2026-06-30,2026-11-30,5,42.773739188969174,Regresión lineal
143863,2026-06-30,2026-11-30,5,118.91537412693336,Regresión lineal
144120,2026-06-30,2026-11-30,5,70.52889120302154,Regresión lineal
144121,2026-06-30,2026-11-30,5,45.30876674677496,Regresión lineal
144248,2026-06-30,2026-11-30,5,122.62254561288968,Regresión lineal
144251,2026-06-30,2026-11-30,5,32.982977066527,Regresión lineal
144366,2026-06-30,2026-11-30,5,55.6942629211743,Regresión lineal
145246,2026-06-30,2026-11-30,5,36.35600905920053,Regresión lineal
145247,2026-06-30,2026-11-30,5,22.27480719980926,Regresión lineal
145371,2026-06-30,2026-11-30,5,239.96258767486938,Regresión lineal
145373,2026-06-30,2026-11-30,5,52.1953442640387,Regresión lineal
145528,2026-06-30,2026-11-30,5,44.30115069373589,Regresión lineal
145695,2026-06-30,2026-11-30,5,262.9008823056646,Regresión lineal
145699,2026-06-30,2026-11-30,5,74.48559509671196,Regresión lineal
145700,2026-06-30,2026-11-30,5,51.97776523205522,Regresión lineal
145847,2026-06-30,2026-11-30,5,89.8267769965916,Regresión lineal
146241,2026-06-30,2026-11-30,5,62.54901506626098,Regresión lineal
146362,2026-06-30,2026-11-30,5,27.108558616483762,Regresión lineal
146433,2026-06-30,2026-11-30,5,113.51940659128631,Regresión lineal
147132,2026-06-30,2026-11-30,5,98.73395254230365,Regresión lineal
147265,2026-06-30,2026-11-30,5,83.9601900240016,Regresión lineal
147266,2026-06-30,2026-11-30,5,113.01638366364412,Regresión lineal
147268,2026-06-30,2026-11-30,5,139.38186633695318,Regresión lineal
147454,2026-06-30,2026-11-30,5,88.6324398985834,Regresión lineal
153297,2026-06-30,2026-11-30,5,65.84501077246881,Regresión lineal
153440,2026-06-30,2026-11-30,5,19.390753262228387,Regresión lineal
153576,2026-06-30,2026-11-30,5,122.89413899577755,Regresión lineal
153578,2026-06-30,2026-11-30,5,64.3862320878142,Regresión lineal
153727,2026-06-30,2026-11-30,5,149.7764864274737,Regresión lineal
153846,2026-06-30,2026-11-30,5,51.541394693410496,Regresión lineal
153955,2026-06-30,2026-11-30,5,21.189614149576343,Regresión lineal
154166,2026-06-30,2026-11-30,5,52.22403105783015,Regresión lineal
154167,2026-06-30,2026-11-30,5,16.523980090415378,Regresión lineal
154169,2026-06-30,2026-11-30,5,37.07325108107112,Regresión lineal
154530,2026-06-30,2026-11-30,5,25.598325294994268,Regresión lineal
154531,2026-06-30,2026-11-30,5,63.27799839483102,Regresión lineal
154888,2026-06-30,2026-11-30,5,50.99546620275518,Regresión lineal
154889,2026-06-30,2026-11-30,5,61.61532343390953,Regresión lineal
154890,2026-06-30,2026-11-30,5,144.94760453651793,Regresión lineal
155005,2026-06-30,2026-11-30,5,91.9576849783131,Regresión lineal
155006,2026-06-30,2026-11-30,5,60.90286547474163,Regresión lineal
155009,2026-06-30,2026-11-30,5,37.00679543361689,Regresión lineal
155188,2026-06-30,2026-11-30,5,13.281860432659087,Regresión lineal
155189,2026-06-30,2026-11-30,5,229.2263283636641,Regresión lineal
155190,2026-06-30,2026-11-30,5,92.9368655391424,Regresión lineal
155194,2026-06-30,2026-11-30,5,284.4676785278548,Regresión lineal
155504,2026-06-30,2026-11-30,5,19.18778937014318,Regresión lineal
155505,2026-06-30,2026-11-30,5,51.68265074927412,Regresión lineal
155604,2026-06-30,2026-11-30,5,66.01430416700038,Regresión lineal
155605,2026-06-30,2026-11-30,5,7.077831494316911,Regresión lineal
155790,2026-06-30,2026-11-30,5,63.57204821545437,Regresión lineal
156456,2026-06-30,2026-11-30,5,70.92165628548125,Regresión lineal
156526,2026-06-30,2026-11-30,5,266.5584845103788,Regresión lineal
156527,2026-06-30,2026-11-30,5,125.63755594543764,Regresión lineal
156680,2026-06-30,2026-11-30,5,36.78661634778096,Regresión lineal
156681,2026-06-30,2026-11-30,5,8.817838930673972,Regresión lineal
156847,2026-06-30,2026-11-30,5,20.047692021130786,Regresión lineal
156850,2026-06-30,2026-11-30,5,150.26579431095234,Regresión lineal
156947,2026-06-30,2026-11-30,5,128.13892057532223,Regresión lineal
156952,2026-06-30,2026-11-30,5,46.93437419174931,Regresión lineal
157093,2026-06-30,2026-11-30,5,127.35487915169233,Regresión lineal
157095,2026-06-30,2026-11-30,5,192.29541167186022,Regresión lineal
157178,2026-06-30,2026-11-30,5,86.93942496076805,Regresión lineal
157293,2026-06-30,2026-11-30,5,46.92028835186696,Regresión lineal
157390,2026-06-30,2026-11-30,5,53.768847706707135,Regresión lineal
157391,2026-06-30,2026-11-30,5,41.72356037276126,Regresión lineal
157392,2026-06-30,2026-11-30,5,9.475657740575045,Regresión lineal
157489,2026-06-30,2026-11-30,5,67.4757590279599,Regresión lineal
157771,2026-06-30,2026-11-30,5,144.94658843581135,Regresión lineal
157772,2026-06-30,2026-11-30,5,99.94396124063064,Regresión lineal
157778,2026-06-30,2026-11-30,5,62.962396430403984,Regresión lineal
157831,2026-06-30,2026-11-30,5,109.39959329834464,Regresión lineal
157832,2026-06-30,2026-11-30,5,57.850633141077225,Regresión lineal
157950,2026-06-30,2026-11-30,5,117.60907891956099,Regresión lineal
158026,2026-06-30,2026-11-30,5,41.6444894536568,Regresión lineal
158027,2026-06-30,2026-11-30,5,29.67344580009467,Regresión lineal
158123,2026-06-30,2026-11-30,5,109.9862549686162,Regresión lineal
158124,2026-06-30,2026-11-30,5,26.12359794180415,Regresión lineal
158346,2026-06-30,2026-11-30,5,31.767301545014305,Regresión lineal
158399,2026-06-30,2026-11-30,5,36.974137887800474,Regresión lineal
158400,2026-06-30,2026-11-30,5,95.84394814536634,Regresión lineal
158872,2026-06-30,2026-11-30,5,340.0225733217653,Regresión lineal
159118,2026-06-30,2026-11-30,5,222.00673280847147,Regresión lineal
159120,2026-06-30,2026-11-30,5,296.2248497718895,Regresión lineal
159121,2026-06-30,2026-11-30,5,22.10298635301382,Regresión lineal
159122,2026-06-30,2026-11-30,5,63.10046750730319,Regresión lineal
159209,2026-06-30,2026-11-30,5,157.25933813392734,Regresión lineal
159256,2026-06-30,2026-11-30,5,10.663858581623344,Regresión lineal
159268,2026-06-30,2026-11-30,5,65.45478261596475,Regresión lineal
159697,2026-06-30,2026-11-30,5,41.98856732439024,Regresión lineal
159698,2026-06-30,2026-11-30,5,504.4119020929968,Regresión lineal
159700,2026-06-30,2026-11-30,5,48.122367475677734,Regresión lineal
159701,2026-06-30,2026-11-30,5,31.94794348153522,Regresión lineal
159825,2026-06-30,2026-11-30,5,85.76826640753472,Regresión lineal
159827,2026-06-30,2026-11-30,5,32.9813279562422,Regresión lineal
159828,2026-06-30,2026-11-30,5,49.65325815847145,Regresión lineal
160013,2026-06-30,2026-11-30,5,220.7691490757848,Regresión lineal
160137,2026-06-30,2026-11-30,5,83.68609697077787,Regresión lineal
160138,2026-06-30,2026-11-30,5,203.127837772483,Regresión lineal
160139,2026-06-30,2026-11-30,5,32.817064436867966,Regresión lineal
160140,2026-06-30,2026-11-30,5,76.39508116594712,Regresión lineal
160141,2026-06-30,2026-11-30,5,47.733744045073806,Regresión lineal
160142,2026-06-30,2026-11-30,5,14.555028599534452,Regresión lineal
160265,2026-06-30,2026-11-30,5,388.8746774624798,Regresión lineal
160419,2026-06-30,2026-11-30,5,38.51694170929086,Regresión lineal
160420,2026-06-30,2026-11-30,5,47.312576731949015,Regresión lineal
160503,2026-06-30,2026-11-30,5,58.49490783765682,Regresión lineal
160504,2026-06-30,2026-11-30,5,23.761741227348637,Regresión lineal
160685,2026-06-30,2026-11-30,5,74.32047309158591,Regresión lineal
160837,2026-06-30,2026-11-30,5,421.8141596161844,Regresión lineal
160838,2026-06-30,2026-11-30,5,38.59780926328685,Regresión lineal
160839,2026-06-30,2026-11-30,5,63.127113889096236,Regresión lineal
161246,2026-06-30,2026-11-30,5,104.41763600818223,Regresión lineal
161247,2026-06-30,2026-11-30,5,36.85751718619137,Regresión lineal
161248,2026-06-30,2026-11-30,5,12.110228468170348,Regresión lineal
161350,2026-06-30,2026-11-30,5,77.64327497000431,Regresión lineal
161505,2026-06-30,2026-11-30,5,8.266242132771481,Regresión lineal
161506,2026-06-30,2026-11-30,5,118.33085801812324,Regresión lineal
161593,2026-06-30,2026-11-30,5,104.75521176312894,Regresión lineal
162191,2026-06-30,2026-11-30,5,116.5028482347146,Regresión lineal
162192,2026-06-30,2026-11-30,5,19.37998490826007,Regresión lineal
8380,2026-06-30,2026-12-31,6,18.277984794709894,Regresión lineal
8385,2026-06-30,2026-12-31,6,191.46490165410617,Regresión lineal
8392,2026-06-30,2026-12-31,6,99.176996961532,Regresión lineal
8415,2026-06-30,2026-12-31,6,2.8445210206518823,Regresión lineal
39215,2026-06-30,2026-12-31,6,100.74808608634176,Regresión lineal
64744,2026-06-30,2026-12-31,6,22.91189345492738,Regresión lineal
64767,2026-06-30,2026-12-31,6,17.100287231854878,Regresión lineal
64792,2026-06-30,2026-12-31,6,24.85075413596273,Regresión lineal
65658,2026-06-30,2026-12-31,6,10.754991256043837,Regresión lineal
68153,2026-06-30,2026-12-31,6,87.04667219123043,Regresión lineal
68163,2026-06-30,2026-12-31,6,131.03833456251778,Regresión lineal
68165,2026-06-30,2026-12-31,6,110.49767368301278,Regresión lineal
68172,2026-06-30,2026-12-31,6,26.589249401074596,Regresión lineal
69830,2026-06-30,2026-12-31,6,143.28240928183544,Regresión lineal
69837,2026-06-30,2026-12-31,6,74.56514513269384,Regresión lineal
69839,2026-06-30,2026-12-31,6,97.32978312547726,Regresión lineal
69849,2026-06-30,2026-12-31,6,72.78770061986619,Regresión lineal
69853,2026-06-30,2026-12-31,6,89.78986185019336,Regresión lineal
69859,2026-06-30,2026-12-31,6,115.92198724542118,Regresión lineal
69861,2026-06-30,2026-12-31,6,98.7640536066339,Regresión lineal
69865,2026-06-30,2026-12-31,6,66.33823163857878,Regresión lineal
69866,2026-06-30,2026-12-31,6,188.19138110000213,Regresión lineal
69871,2026-06-30,2026-12-31,6,242.02326906860006,Regresión lineal
69877,2026-06-30,2026-12-31,6,172.45815441781227,Regresión lineal
69879,2026-06-30,2026-12-31,6,245.75509126522016,Regresión lineal
69881,2026-06-30,2026-12-31,6,238.22608353858143,Regresión lineal
69886,2026-06-30,2026-12-31,6,86.86914855327306,Regresión lineal
69896,2026-06-30,2026-12-31,6,60.71696986468872,Regresión lineal
69908,2026-06-30,2026-12-31,6,90.12173924161418,Regresión lineal
69912,2026-06-30,2026-12-31,6,101.23836861852953,Regresión lineal
69929,2026-06-30,2026-12-31,6,181.80485368833536,Regresión lineal
69931,2026-06-30,2026-12-31,6,54.34253803895347,Regresión lineal
69932,2026-06-30,2026-12-31,6,51.770697590837614,Regresión lineal
69949,2026-06-30,2026-12-31,6,57.324878851736315,Regresión lineal
69956,2026-06-30,2026-12-31,6,83.5471922232811,Regresión lineal
70125,2026-06-30,2026-12-31,6,302.57325580124007,Regresión lineal
70126,2026-06-30,2026-12-31,6,220.574322144269,Regresión lineal
70127,2026-06-30,2026-12-31,6,161.6467703040704,Regresión lineal
75352,2026-06-30,2026-12-31,6,162.41689086638783,Regresión lineal
75354,2026-06-30,2026-12-31,6,107.89650472189246,Regresión lineal
75355,2026-06-30,2026-12-31,6,62.88443009413646,Regresión lineal
75358,2026-06-30,2026-12-31,6,162.68821767086453,Regresión lineal
75359,2026-06-30,2026-12-31,6,40.085952786714635,Regresión lineal
75362,2026-06-30,2026-12-31,6,141.20647904260682,Regresión lineal
75365,2026-06-30,2026-12-31,6,31.31156434119856,Regresión lineal
75367,2026-06-30,2026-12-31,6,423.13512496735746,Regresión lineal
75370,2026-06-30,2026-12-31,6,195.00765615802652,Regresión lineal
75371,2026-06-30,2026-12-31,6,97.0439508705013,Regresión lineal
75374,2026-06-30,2026-12-31,6,285.9233781770655,Regresión lineal
75380,2026-06-30,2026-12-31,6,321.41418350426943,Regresión lineal
75382,2026-06-30,2026-12-31,6,99.72221892326426,Regresión lineal
75392,2026-06-30,2026-12-31,6,109.53175844510264,Regresión lineal
75394,2026-06-30,2026-12-31,6,50.655787399256724,Regresión lineal
75396,2026-06-30,2026-12-31,6,36.21054961955457,Regresión lineal
75398,2026-06-30,2026-12-31,6,42.45957210310904,Regresión lineal
75403,2026-06-30,2026-12-31,6,13.75612479915577,Regresión lineal
75407,2026-06-30,2026-12-31,6,46.508011772869665,Regresión lineal
75409,2026-06-30,2026-12-31,6,32.09904162492782,Regresión lineal
75410,2026-06-30,2026-12-31,6,24.080006976124196,Regresión lineal
75414,2026-06-30,2026-12-31,6,24.789312297765377,Regresión lineal
75424,2026-06-30,2026-12-31,6,90.59702961562164,Regresión lineal
75616,2026-06-30,2026-12-31,6,160.5751412031697,Regresión lineal
75617,2026-06-30,2026-12-31,6,90.6705304135619,Regresión lineal
75619,2026-06-30,2026-12-31,6,57.55297860964958,Regresión lineal
119939,2026-06-30,2026-12-31,6,86.64176450628707,Regresión lineal
122237,2026-06-30,2026-12-31,6,67.69357742576146,Regresión lineal
122241,2026-06-30,2026-12-31,6,111.93019733266031,Regresión lineal
122247,2026-06-30,2026-12-31,6,14.245180353146537,Regresión lineal
122248,2026-06-30,2026-12-31,6,147.42406477586988,Regresión lineal
122251,2026-06-30,2026-12-31,6,89.63508011298889,Regresión lineal
122257,2026-06-30,2026-12-31,6,120.21719763789824,Regresión lineal
122262,2026-06-30,2026-12-31,6,128.71998008159258,Regresión lineal
122264,2026-06-30,2026-12-31,6,218.1288661013861,Regresión lineal
122271,2026-06-30,2026-12-31,6,125.9734109377612,Regresión lineal
122292,2026-06-30,2026-12-31,6,215.19622712856759,Regresión lineal
122293,2026-06-30,2026-12-31,6,92.93195593457155,Regresión lineal
122294,2026-06-30,2026-12-31,6,67.52239996859333,Regresión lineal
122295,2026-06-30,2026-12-31,6,67.52239996859339,Regresión lineal
122298,2026-06-30,2026-12-31,6,150.62451362944284,Regresión lineal
122302,2026-06-30,2026-12-31,6,152.95717728382567,Regresión lineal
122310,2026-06-30,2026-12-31,6,46.037575058712406,Regresión lineal
122315,2026-06-30,2026-12-31,6,62.263188660156615,Regresión lineal
122323,2026-06-30,2026-12-31,6,84.61922295848814,Regresión lineal
122347,2026-06-30,2026-12-31,6,81.25977942057492,Regresión lineal
122355,2026-06-30,2026-12-31,6,243.38785607993816,Regresión lineal
122360,2026-06-30,2026-12-31,6,125.15062328892076,Regresión lineal
122361,2026-06-30,2026-12-31,6,93.35475274088822,Regresión lineal
122366,2026-06-30,2026-12-31,6,144.91598478427846,Regresión lineal
122367,2026-06-30,2026-12-31,6,37.17006406978749,Regresión lineal
122368,2026-06-30,2026-12-31,6,118.4151883641723,Regresión lineal
122382,2026-06-30,2026-12-31,6,81.42915663248684,Regresión lineal
122398,2026-06-30,2026-12-31,6,27.596414146988764,Regresión lineal
122410,2026-06-30,2026-12-31,6,68.3490559292971,Regresión lineal
122423,2026-06-30,2026-12-31,6,150.33007285862033,Regresión lineal
122432,2026-06-30,2026-12-31,6,133.9558124969368,Regresión lineal
122433,2026-06-30,2026-12-31,6,68.20841163124652,Regresión lineal
122434,2026-06-30,2026-12-31,6,79.01006565424133,Regresión lineal
122435,2026-06-30,2026-12-31,6,43.498305721165224,Regresión lineal
122436,2026-06-30,2026-12-31,6,138.44603619195297,Regresión lineal
122440,2026-06-30,2026-12-31,6,134.84652252155357,Regresión lineal
122470,2026-06-30,2026-12-31,6,83.08694667213592,Regresión lineal
122489,2026-06-30,2026-12-31,6,54.32293708340093,Regresión lineal
122567,2026-06-30,2026-12-31,6,131.17900942096188,Regresión lineal
122593,2026-06-30,2026-12-31,6,162.8222924339077,Regresión lineal
122594,2026-06-30,2026-12-31,6,69.78612691412049,Regresión lineal
122602,2026-06-30,2026-12-31,6,90.93741623866958,Regresión lineal
122603,2026-06-30,2026-12-31,6,137.88958605293328,Regresión lineal
122604,2026-06-30,2026-12-31,6,68.15473088158939,Regresión lineal
122621,2026-06-30,2026-12-31,6,49.54705294304057,Regresión lineal
122627,2026-06-30,2026-12-31,6,129.0894524334795,Regresión lineal
122628,2026-06-30,2026-12-31,6,27.596788393997784,Regresión lineal
122629,2026-06-30,2026-12-31,6,28.632207977098716,Regresión lineal
122630,2026-06-30,2026-12-31,6,75.61643894104559,Regresión lineal
122654,2026-06-30,2026-12-31,6,33.15295590911805,Regresión lineal
122655,2026-06-30,2026-12-31,6,30.33011972207413,Regresión lineal
122657,2026-06-30,2026-12-31,6,62.80949490510186,Regresión lineal
122660,2026-06-30,2026-12-31,6,62.23824705856849,Regresión lineal
122666,2026-06-30,2026-12-31,6,61.69009957934025,Regresión lineal
122676,2026-06-30,2026-12-31,6,90.26261852637252,Regresión lineal
122680,2026-06-30,2026-12-31,6,34.287660209421205,Regresión lineal
122684,2026-06-30,2026-12-31,6,61.20824691678258,Regresión lineal
122685,2026-06-30,2026-12-31,6,36.21776685438196,Regresión lineal
122700,2026-06-30,2026-12-31,6,37.079330235157876,Regresión lineal
122707,2026-06-30,2026-12-31,6,74.76654714516755,Regresión lineal
122717,2026-06-30,2026-12-31,6,92.21208898665247,Regresión lineal
122724,2026-06-30,2026-12-31,6,85.73765463135706,Regresión lineal
122726,2026-06-30,2026-12-31,6,41.498586920746796,Regresión lineal
122727,2026-06-30,2026-12-31,6,92.58336435924426,Regresión lineal
122732,2026-06-30,2026-12-31,6,42.29260385244623,Regresión lineal
122734,2026-06-30,2026-12-31,6,37.31759501157839,Regresión lineal
122736,2026-06-30,2026-12-31,6,55.080286465058556,Regresión lineal
122744,2026-06-30,2026-12-31,6,36.395590883444775,Regresión lineal
122746,2026-06-30,2026-12-31,6,92.47185360002571,Regresión lineal
122761,2026-06-30,2026-12-31,6,159.32360774429,Regresión lineal
122764,2026-06-30,2026-12-31,6,78.02188905657655,Regresión lineal
122766,2026-06-30,2026-12-31,6,67.12712959477726,Regresión lineal
122771,2026-06-30,2026-12-31,6,177.75177230074894,Regresión lineal
122772,2026-06-30,2026-12-31,6,135.46312240351517,Regresión lineal
122773,2026-06-30,2026-12-31,6,121.95449603382336,Regresión lineal
122776,2026-06-30,2026-12-31,6,102.1278775729766,Regresión lineal
122777,2026-06-30,2026-12-31,6,179.6766689721862,Regresión lineal
122778,2026-06-30,2026-12-31,6,98.82828322829953,Regresión lineal
122781,2026-06-30,2026-12-31,6,71.19581267581702,Regresión lineal
122782,2026-06-30,2026-12-31,6,148.4845107693463,Regresión lineal
122783,2026-06-30,2026-12-31,6,103.83616796309343,Regresión lineal
122784,2026-06-30,2026-12-31,6,93.90469980894133,Regresión lineal
122788,2026-06-30,2026-12-31,6,123.88686415037076,Regresión lineal
122792,2026-06-30,2026-12-31,6,121.79315460401277,Regresión lineal
122799,2026-06-30,2026-12-31,6,20.06429525440369,Regresión lineal
122802,2026-06-30,2026-12-31,6,68.75035297012303,Regresión lineal
122806,2026-06-30,2026-12-31,6,81.93601130512232,Regresión lineal
122808,2026-06-30,2026-12-31,6,130.56394143627332,Regresión lineal
122815,2026-06-30,2026-12-31,6,62.369317863670666,Regresión lineal
122818,2026-06-30,2026-12-31,6,52.27148113493702,Regresión lineal
122822,2026-06-30,2026-12-31,6,88.54227157940812,Regresión lineal
122825,2026-06-30,2026-12-31,6,84.67598647617218,Regresión lineal
122826,2026-06-30,2026-12-31,6,20.68345734555072,Regresión lineal
122830,2026-06-30,2026-12-31,6,82.23714577488619,Regresión lineal
122837,2026-06-30,2026-12-31,6,36.88729455932389,Regresión lineal
122848,2026-06-30,2026-12-31,6,27.822022134031982,Regresión lineal
122854,2026-06-30,2026-12-31,6,43.83149119107295,Regresión lineal
122869,2026-06-30,2026-12-31,6,42.80642513263101,Regresión lineal
122891,2026-06-30,2026-12-31,6,20.972861919649205,Regresión lineal
122904,2026-06-30,2026-12-31,6,42.610679502655046,Regresión lineal
122905,2026-06-30,2026-12-31,6,52.31052664105233,Regresión lineal
122908,2026-06-30,2026-12-31,6,58.38911291135797,Regresión lineal
122918,2026-06-30,2026-12-31,6,111.27961421430625,Regresión lineal
122922,2026-06-30,2026-12-31,6,109.1231371430717,Regresión lineal
122923,2026-06-30,2026-12-31,6,5.902411370686053,Regresión lineal
122931,2026-06-30,2026-12-31,6,40.505464581346665,Regresión lineal
122937,2026-06-30,2026-12-31,6,80.0636521516822,Regresión lineal
122940,2026-06-30,2026-12-31,6,63.715317047147295,Regresión lineal
122941,2026-06-30,2026-12-31,6,13.474185933803014,Regresión lineal
122942,2026-06-30,2026-12-31,6,50.81120778925357,Regresión lineal
122943,2026-06-30,2026-12-31,6,25.41968415368018,Regresión lineal
122988,2026-06-30,2026-12-31,6,46.879945467528586,Regresión lineal
122990,2026-06-30,2026-12-31,6,123.97428499706467,Regresión lineal
123008,2026-06-30,2026-12-31,6,201.51111382328787,Regresión lineal
123019,2026-06-30,2026-12-31,6,64.92632102821236,Regresión lineal
123034,2026-06-30,2026-12-31,6,170.8226304668303,Regresión lineal
123036,2026-06-30,2026-12-31,6,60.111472839560975,Regresión lineal
123044,2026-06-30,2026-12-31,6,113.09735052534558,Regresión lineal
123049,2026-06-30,2026-12-31,6,86.38558391738368,Regresión lineal
123056,2026-06-30,2026-12-31,6,74.66261883614683,Regresión lineal
123061,2026-06-30,2026-12-31,6,197.8300221433093,Regresión lineal
123080,2026-06-30,2026-12-31,6,67.93566919516034,Regresión lineal
123100,2026-06-30,2026-12-31,6,101.84302082101661,Regresión lineal
123101,2026-06-30,2026-12-31,6,128.59804907183462,Regresión lineal
123105,2026-06-30,2026-12-31,6,185.56376432840574,Regresión lineal
123106,2026-06-30,2026-12-31,6,128.0183436426724,Regresión lineal
123107,2026-06-30,2026-12-31,6,113.01010485727019,Regresión lineal
123111,2026-06-30,2026-12-31,6,182.0949544268715,Regresión lineal
123113,2026-06-30,2026-12-31,6,111.07540846066311,Regresión lineal
123114,2026-06-30,2026-12-31,6,190.26677713525697,Regresión lineal
123115,2026-06-30,2026-12-31,6,116.33781353172748,Regresión lineal
123117,2026-06-30,2026-12-31,6,467.0778036564734,Regresión lineal
123122,2026-06-30,2026-12-31,6,73.04758713876097,Regresión lineal
123131,2026-06-30,2026-12-31,6,56.490257036418434,Regresión lineal
123132,2026-06-30,2026-12-31,6,17.6941947168377,Regresión lineal
123196,2026-06-30,2026-12-31,6,100.01383358330168,Regresión lineal
123218,2026-06-30,2026-12-31,6,49.741168718931576,Regresión lineal
123220,2026-06-30,2026-12-31,6,31.77308433368944,Regresión lineal
123225,2026-06-30,2026-12-31,6,47.287448032945065,Regresión lineal
123226,2026-06-30,2026-12-31,6,44.88077976645628,Regresión lineal
123231,2026-06-30,2026-12-31,6,68.31964632728733,Regresión lineal
123285,2026-06-30,2026-12-31,6,49.36615076127242,Regresión lineal
123293,2026-06-30,2026-12-31,6,35.200720004709154,Regresión lineal
123295,2026-06-30,2026-12-31,6,95.84023627241224,Regresión lineal
123309,2026-06-30,2026-12-31,6,32.730286711851406,Regresión lineal
123310,2026-06-30,2026-12-31,6,56.0823224857424,Regresión lineal
123315,2026-06-30,2026-12-31,6,52.59094106454027,Regresión lineal
123317,2026-06-30,2026-12-31,6,36.44851263889552,Regresión lineal
123320,2026-06-30,2026-12-31,6,152.67726925563784,Regresión lineal
123321,2026-06-30,2026-12-31,6,105.90124069908441,Regresión lineal
123324,2026-06-30,2026-12-31,6,76.60156102498846,Regresión lineal
123325,2026-06-30,2026-12-31,6,82.00653044076435,Regresión lineal
123333,2026-06-30,2026-12-31,6,94.73458442720965,Regresión lineal
123337,2026-06-30,2026-12-31,6,82.17446963388133,Regresión lineal
123339,2026-06-30,2026-12-31,6,141.36805570971376,Regresión lineal
123340,2026-06-30,2026-12-31,6,58.77447321330359,Regresión lineal
123341,2026-06-30,2026-12-31,6,140.41534669211018,Regresión lineal
123342,2026-06-30,2026-12-31,6,77.24548693937426,Regresión lineal
123343,2026-06-30,2026-12-31,6,55.559830955526984,Regresión lineal
123344,2026-06-30,2026-12-31,6,39.35876499251122,Regresión lineal
123346,2026-06-30,2026-12-31,6,89.07734886750372,Regresión lineal
123347,2026-06-30,2026-12-31,6,147.25576480527715,Regresión lineal
123373,2026-06-30,2026-12-31,6,46.79493063848611,Regresión lineal
123374,2026-06-30,2026-12-31,6,33.90176661340203,Regresión lineal
123377,2026-06-30,2026-12-31,6,66.83266149112197,Regresión lineal
123378,2026-06-30,2026-12-31,6,47.471968269730766,Regresión lineal
123384,2026-06-30,2026-12-31,6,111.69420920009341,Regresión lineal
123405,2026-06-30,2026-12-31,6,80.71512819655575,Regresión lineal
123411,2026-06-30,2026-12-31,6,92.02283461536722,Regresión lineal
123421,2026-06-30,2026-12-31,6,125.41086813984103,Regresión lineal
123425,2026-06-30,2026-12-31,6,69.38482031876785,Regresión lineal
123426,2026-06-30,2026-12-31,6,144.42936223432224,Regresión lineal
123427,2026-06-30,2026-12-31,6,42.616962951821904,Regresión lineal
123428,2026-06-30,2026-12-31,6,142.87184129421877,Regresión lineal
123433,2026-06-30,2026-12-31,6,76.73450744197338,Regresión lineal
123440,2026-06-30,2026-12-31,6,170.09391000549846,Regresión lineal
123458,2026-06-30,2026-12-31,6,56.84524457187131,Regresión lineal
123463,2026-06-30,2026-12-31,6,105.65987310883713,Regresión lineal
123467,2026-06-30,2026-12-31,6,84.49218408473143,Regresión lineal
123470,2026-06-30,2026-12-31,6,61.82103598285475,Regresión lineal
123471,2026-06-30,2026-12-31,6,80.82427095002086,Regresión lineal
123477,2026-06-30,2026-12-31,6,93.45183123272615,Regresión lineal
123478,2026-06-30,2026-12-31,6,82.54318688114088,Regresión lineal
123479,2026-06-30,2026-12-31,6,57.66192437775259,Regresión lineal
123480,2026-06-30,2026-12-31,6,82.15173613291711,Regresión lineal
123483,2026-06-30,2026-12-31,6,47.872206117513585,Regresión lineal
123484,2026-06-30,2026-12-31,6,135.1256954638533,Regresión lineal
123495,2026-06-30,2026-12-31,6,193.0392620591826,Regresión lineal
123498,2026-06-30,2026-12-31,6,53.32264506161967,Regresión lineal
123504,2026-06-30,2026-12-31,6,94.26305055596366,Regresión lineal
123505,2026-06-30,2026-12-31,6,153.78515909468294,Regresión lineal
123511,2026-06-30,2026-12-31,6,161.45078202635975,Regresión lineal
123512,2026-06-30,2026-12-31,6,300.03358852724375,Regresión lineal
123519,2026-06-30,2026-12-31,6,195.1924628000359,Regresión lineal
123528,2026-06-30,2026-12-31,6,80.06763596212951,Regresión lineal
123538,2026-06-30,2026-12-31,6,241.15436225307562,Regresión lineal
123563,2026-06-30,2026-12-31,6,79.3046930400911,Regresión lineal
123574,2026-06-30,2026-12-31,6,311.8731757855137,Regresión lineal
123587,2026-06-30,2026-12-31,6,206.84323022062222,Regresión lineal
123612,2026-06-30,2026-12-31,6,298.2765653289735,Regresión lineal
123621,2026-06-30,2026-12-31,6,117.93539261333223,Regresión lineal
123714,2026-06-30,2026-12-31,6,84.30750049433198,Regresión lineal
123741,2026-06-30,2026-12-31,6,120.45824904809024,Regresión lineal
123776,2026-06-30,2026-12-31,6,129.58697659916547,Regresión lineal
123778,2026-06-30,2026-12-31,6,168.3936348898407,Regresión lineal
123805,2026-06-30,2026-12-31,6,166.49271913358268,Regresión lineal
123841,2026-06-30,2026-12-31,6,56.009587233785886,Regresión lineal
123842,2026-06-30,2026-12-31,6,31.847285893040464,Regresión lineal
123847,2026-06-30,2026-12-31,6,45.52549126127848,Regresión lineal
123848,2026-06-30,2026-12-31,6,38.33994764294329,Regresión lineal
123854,2026-06-30,2026-12-31,6,191.82186871797438,Regresión lineal
123872,2026-06-30,2026-12-31,6,15.621938927922486,Regresión lineal
123873,2026-06-30,2026-12-31,6,91.73110988709512,Regresión lineal
123875,2026-06-30,2026-12-31,6,25.641381573033172,Regresión lineal
123876,2026-06-30,2026-12-31,6,17.937462269131856,Regresión lineal
123877,2026-06-30,2026-12-31,6,110.098805446947,Regresión lineal
123878,2026-06-30,2026-12-31,6,133.2409511348309,Regresión lineal
123879,2026-06-30,2026-12-31,6,46.5421755680651,Regresión lineal
123880,2026-06-30,2026-12-31,6,24.60980558792066,Regresión lineal
123881,2026-06-30,2026-12-31,6,33.70764068583718,Regresión lineal
123884,2026-06-30,2026-12-31,6,153.71678957324812,Regresión lineal
123895,2026-06-30,2026-12-31,6,62.30332210095886,Regresión lineal
123896,2026-06-30,2026-12-31,6,62.30332210095885,Regresión lineal
123902,2026-06-30,2026-12-31,6,137.56582735665415,Regresión lineal
123909,2026-06-30,2026-12-31,6,51.72672126026754,Regresión lineal
123917,2026-06-30,2026-12-31,6,113.99784886697327,Regresión lineal
123927,2026-06-30,2026-12-31,6,197.83201766107442,Regresión lineal
123935,2026-06-30,2026-12-31,6,50.52528342822014,Regresión lineal
123948,2026-06-30,2026-12-31,6,33.07092965197985,Regresión lineal
123953,2026-06-30,2026-12-31,6,83.04035820578522,Regresión lineal
123954,2026-06-30,2026-12-31,6,99.99668324900523,Regresión lineal
123955,2026-06-30,2026-12-31,6,28.379029186546603,Regresión lineal
123967,2026-06-30,2026-12-31,6,121.9543004531617,Regresión lineal
123968,2026-06-30,2026-12-31,6,62.765776884858745,Regresión lineal
123985,2026-06-30,2026-12-31,6,27.632895957709934,Regresión lineal
123986,2026-06-30,2026-12-31,6,34.66291320791548,Regresión lineal
123991,2026-06-30,2026-12-31,6,144.0655943916006,Regresión lineal
123996,2026-06-30,2026-12-31,6,69.57543843589465,Regresión lineal
123997,2026-06-30,2026-12-31,6,55.960232018582936,Regresión lineal
123999,2026-06-30,2026-12-31,6,128.66799515401308,Regresión lineal
124006,2026-06-30,2026-12-31,6,138.0224164577621,Regresión lineal
124009,2026-06-30,2026-12-31,6,156.2346173691409,Regresión lineal
124018,2026-06-30,2026-12-31,6,163.40054207317814,Regresión lineal
124031,2026-06-30,2026-12-31,6,53.08679684278626,Regresión lineal
124058,2026-06-30,2026-12-31,6,113.04117267361889,Regresión lineal
124060,2026-06-30,2026-12-31,6,91.95025554441695,Regresión lineal
124067,2026-06-30,2026-12-31,6,49.46776537723373,Regresión lineal
124071,2026-06-30,2026-12-31,6,157.305584831526,Regresión lineal
124072,2026-06-30,2026-12-31,6,42.53356629999071,Regresión lineal
124074,2026-06-30,2026-12-31,6,98.77468030916638,Regresión lineal
124090,2026-06-30,2026-12-31,6,57.36138762505153,Regresión lineal
124091,2026-06-30,2026-12-31,6,28.144742668235992,Regresión lineal
124094,2026-06-30,2026-12-31,6,49.49156401064156,Regresión lineal
124106,2026-06-30,2026-12-31,6,178.57029757484395,Regresión lineal
124107,2026-06-30,2026-12-31,6,80.20397245825312,Regresión lineal
124115,2026-06-30,2026-12-31,6,51.71039864537276,Regresión lineal
124116,2026-06-30,2026-12-31,6,36.601271907001355,Regresión lineal
124130,2026-06-30,2026-12-31,6,77.80249793150548,Regresión lineal
124131,2026-06-30,2026-12-31,6,44.70756599437249,Regresión lineal
124162,2026-06-30,2026-12-31,6,92.00892958891411,Regresión lineal
124207,2026-06-30,2026-12-31,6,42.04303551928144,Regresión lineal
124211,2026-06-30,2026-12-31,6,27.077879256178676,Regresión lineal
124212,2026-06-30,2026-12-31,6,77.00660022767339,Regresión lineal
124230,2026-06-30,2026-12-31,6,72.58912470308945,Regresión lineal
124236,2026-06-30,2026-12-31,6,213.620392176231,Regresión lineal
124237,2026-06-30,2026-12-31,6,76.72441929435917,Regresión lineal
124238,2026-06-30,2026-12-31,6,13.675425864733569,Regresión lineal
124240,2026-06-30,2026-12-31,6,80.85648196355658,Regresión lineal
124286,2026-06-30,2026-12-31,6,52.500508845224246,Regresión lineal
124300,2026-06-30,2026-12-31,6,80.34093716241742,Regresión lineal
124303,2026-06-30,2026-12-31,6,83.12840577229547,Regresión lineal
124330,2026-06-30,2026-12-31,6,38.955050346001286,Regresión lineal
124338,2026-06-30,2026-12-31,6,60.94185017904739,Regresión lineal
124339,2026-06-30,2026-12-31,6,10.344487489723775,Regresión lineal
124346,2026-06-30,2026-12-31,6,29.03773869552488,Regresión lineal
124347,2026-06-30,2026-12-31,6,42.28438335467326,Regresión lineal
124353,2026-06-30,2026-12-31,6,10.017117683936021,Regresión lineal
124354,2026-06-30,2026-12-31,6,57.846351679763295,Regresión lineal
124367,2026-06-30,2026-12-31,6,72.69452553197738,Regresión lineal
124371,2026-06-30,2026-12-31,6,68.2762934804409,Regresión lineal
124380,2026-06-30,2026-12-31,6,176.36659560711752,Regresión lineal
124402,2026-06-30,2026-12-31,6,65.96364608483624,Regresión lineal
124420,2026-06-30,2026-12-31,6,125.32292667459856,Regresión lineal
124424,2026-06-30,2026-12-31,6,80.64795764393547,Regresión lineal
124459,2026-06-30,2026-12-31,6,41.31096228744762,Regresión lineal
124473,2026-06-30,2026-12-31,6,81.57752952847628,Regresión lineal
124474,2026-06-30,2026-12-31,6,146.7550239323092,Regresión lineal
124480,2026-06-30,2026-12-31,6,41.55199938216419,Regresión lineal
124499,2026-06-30,2026-12-31,6,20.142760976379023,Regresión lineal
124500,2026-06-30,2026-12-31,6,29.42210921371803,Regresión lineal
124524,2026-06-30,2026-12-31,6,165.23967799226494,Regresión lineal
124537,2026-06-30,2026-12-31,6,107.22247171206335,Regresión lineal
124545,2026-06-30,2026-12-31,6,61.436862100513416,Regresión lineal
124551,2026-06-30,2026-12-31,6,126.65984120000402,Regresión lineal
124553,2026-06-30,2026-12-31,6,116.7753143321939,Regresión lineal
124556,2026-06-30,2026-12-31,6,52.46634518707522,Regresión lineal
124573,2026-06-30,2026-12-31,6,111.90216735879089,Regresión lineal
124665,2026-06-30,2026-12-31,6,67.12744148293613,Regresión lineal
125168,2026-06-30,2026-12-31,6,22.0091427590051,Regresión lineal
125241,2026-06-30,2026-12-31,6,127.36258496157562,Regresión lineal
125252,2026-06-30,2026-12-31,6,158.06602125754057,Regresión lineal
125888,2026-06-30,2026-12-31,6,179.87196472467406,Regresión lineal
125889,2026-06-30,2026-12-31,6,87.54215970934824,Regresión lineal
126143,2026-06-30,2026-12-31,6,89.57110755574344,Regresión lineal
126170,2026-06-30,2026-12-31,6,78.3064066574899,Regresión lineal
126362,2026-06-30,2026-12-31,6,47.14942744746489,Regresión lineal
126500,2026-06-30,2026-12-31,6,176.27051093948882,Regresión lineal
128068,2026-06-30,2026-12-31,6,129.0236169106545,Regresión lineal
129877,2026-06-30,2026-12-31,6,118.59215349968201,Regresión lineal
130176,2026-06-30,2026-12-31,6,93.55122005615979,Regresión lineal
130875,2026-06-30,2026-12-31,6,181.19491351849615,Regresión lineal
131100,2026-06-30,2026-12-31,6,264.7610911506439,Regresión lineal
132723,2026-06-30,2026-12-31,6,57.39514599537489,Regresión lineal
132993,2026-06-30,2026-12-31,6,117.05840251728065,Regresión lineal
133378,2026-06-30,2026-12-31,6,72.25266029792404,Regresión lineal
133529,2026-06-30,2026-12-31,6,53.7793630809105,Regresión lineal
133930,2026-06-30,2026-12-31,6,32.81284282594325,Regresión lineal
134139,2026-06-30,2026-12-31,6,78.75134072065521,Regresión lineal
134291,2026-06-30,2026-12-31,6,172.18875929710873,Regresión lineal
134292,2026-06-30,2026-12-31,6,84.57281684407869,Regresión lineal
134390,2026-06-30,2026-12-31,6,161.731383983583,Regresión lineal
134689,2026-06-30,2026-12-31,6,106.45495733840434,Regresión lineal
134690,2026-06-30,2026-12-31,6,193.82095884208078,Regresión lineal
134691,2026-06-30,2026-12-31,6,75.30357975821441,Regresión lineal
134694,2026-06-30,2026-12-31,6,25.803632876288646,Regresión lineal
134862,2026-06-30,2026-12-31,6,79.59265388633256,Regresión lineal
134863,2026-06-30,2026-12-31,6,39.91476829743143,Regresión lineal
134977,2026-06-30,2026-12-31,6,109.1764872068387,Regresión lineal
135237,2026-06-30,2026-12-31,6,170.2512042979962,Regresión lineal
135487,2026-06-30,2026-12-31,6,80.4760633491233,Regresión lineal
135797,2026-06-30,2026-12-31,6,49.260704240794176,Regresión lineal
136208,2026-06-30,2026-12-31,6,29.626988625586762,Regresión lineal
136209,2026-06-30,2026-12-31,6,17.63913648911415,Regresión lineal
136210,2026-06-30,2026-12-31,6,163.36439992816486,Regresión lineal
136384,2026-06-30,2026-12-31,6,143.48757156451856,Regresión lineal
136816,2026-06-30,2026-12-31,6,69.72544555084065,Regresión lineal
137230,2026-06-30,2026-12-31,6,67.8091330807147,Regresión lineal
137725,2026-06-30,2026-12-31,6,44.224391326163726,Regresión lineal
143863,2026-06-30,2026-12-31,6,118.97488745876208,Regresión lineal
144120,2026-06-30,2026-12-31,6,64.42367267578155,Regresión lineal
144121,2026-06-30,2026-12-31,6,45.874277195766894,Regresión lineal
144248,2026-06-30,2026-12-31,6,122.64822198915822,Regresión lineal
144251,2026-06-30,2026-12-31,6,33.75527965475209,Regresión lineal
144366,2026-06-30,2026-12-31,6,55.80318651213469,Regresión lineal
145246,2026-06-30,2026-12-31,6,37.03911987161069,Regresión lineal
145247,2026-06-30,2026-12-31,6,22.979725539809237,Regresión lineal
145371,2026-06-30,2026-12-31,6,240.06419928755096,Regresión lineal
145373,2026-06-30,2026-12-31,6,52.72005736274105,Regresión lineal
145528,2026-06-30,2026-12-31,6,47.432103049678176,Regresión lineal
145695,2026-06-30,2026-12-31,6,264.2324510871328,Regresión lineal
145699,2026-06-30,2026-12-31,6,74.67341929875444,Regresión lineal
145700,2026-06-30,2026-12-31,6,52.606782864390105,Regresión lineal
145847,2026-06-30,2026-12-31,6,97.46354409978903,Regresión lineal
146241,2026-06-30,2026-12-31,6,65.44717501353881,Regresión lineal
146362,2026-06-30,2026-12-31,6,26.656090256933894,Regresión lineal
146433,2026-06-30,2026-12-31,6,111.69420920009341,Regresión lineal
147132,2026-06-30,2026-12-31,6,99.01931434624245,Regresión lineal
147265,2026-06-30,2026-12-31,6,84.63145176217402,Regresión lineal
147266,2026-06-30,2026-12-31,6,113.37939914958119,Regresión lineal
147268,2026-06-30,2026-12-31,6,139.38398393811266,Regresión lineal
147454,2026-06-30,2026-12-31,6,90.34976837591356,Regresión lineal
153297,2026-06-30,2026-12-31,6,66.24882106692131,Regresión lineal
153440,2026-06-30,2026-12-31,6,20.769160408451484,Regresión lineal
153576,2026-06-30,2026-12-31,6,125.26938187964991,Regresión lineal
153578,2026-06-30,2026-12-31,6,65.17660062600902,Regresión lineal
153727,2026-06-30,2026-12-31,6,150.2934787152355,Regresión lineal
153846,2026-06-30,2026-12-31,6,54.09257193323403,Regresión lineal
153955,2026-06-30,2026-12-31,6,22.351280372555962,Regresión lineal
154166,2026-06-30,2026-12-31,6,52.41479986124454,Regresión lineal
154167,2026-06-30,2026-12-31,6,17.020028400245067,Regresión lineal
154169,2026-06-30,2026-12-31,6,37.92304757154761,Regresión lineal
154530,2026-06-30,2026-12-31,6,26.91458469219222,Regresión lineal
154531,2026-06-30,2026-12-31,6,63.860993234002045,Regresión lineal
154888,2026-06-30,2026-12-31,6,51.57358216018508,Regresión lineal
154889,2026-06-30,2026-12-31,6,61.86745918385912,Regresión lineal
154890,2026-06-30,2026-12-31,6,145.18881628980589,Regresión lineal
155005,2026-06-30,2026-12-31,6,90.3696684885464,Regresión lineal
155006,2026-06-30,2026-12-31,6,60.038204314946825,Regresión lineal
155009,2026-06-30,2026-12-31,6,36.917985531990844,Regresión lineal
155188,2026-06-30,2026-12-31,6,13.698198873735606,Regresión lineal
155189,2026-06-30,2026-12-31,6,231.39572518982325,Regresión lineal
155190,2026-06-30,2026-12-31,6,93.51244261284243,Regresión lineal
155194,2026-06-30,2026-12-31,6,281.5547027189716,Regresión lineal
155504,2026-06-30,2026-12-31,6,19.938606542656316,Regresión lineal
155505,2026-06-30,2026-12-31,6,52.57239325978406,Regresión lineal
155604,2026-06-30,2026-12-31,6,65.38102347279411,Regresión lineal
155605,2026-06-30,2026-12-31,6,7.560782901916994,Regresión lineal
155790,2026-06-30,2026-12-31,6,61.298481923141125,Regresión lineal
156456,2026-06-30,2026-12-31,6,67.13292285975223,Regresión lineal
156526,2026-06-30,2026-12-31,6,264.3157282887221,Regresión lineal
156527,2026-06-30,2026-12-31,6,124.36294970458432,Regresión lineal
156680,2026-06-30,2026-12-31,6,40.26246998153659,Regresión lineal
156681,2026-06-30,2026-12-31,6,9.815879684764369,Regresión lineal
156847,2026-06-30,2026-12-31,6,21.307449953613144,Regresión lineal
156850,2026-06-30,2026-12-31,6,150.1791009578874,Regresión lineal
156947,2026-06-30,2026-12-31,6,133.24488685873956,Regresión lineal
156952,2026-06-30,2026-12-31,6,49.77101542558566,Regresión lineal
157093,2026-06-30,2026-12-31,6,128.24405052248335,Regresión lineal
157095,2026-06-30,2026-12-31,6,192.10700844547054,Regresión lineal
157178,2026-06-30,2026-12-31,6,87.31863168878677,Regresión lineal
157293,2026-06-30,2026-12-31,6,46.867003864199816,Regresión lineal
157390,2026-06-30,2026-12-31,6,53.265465709684776,Regresión lineal
157391,2026-06-30,2026-12-31,6,42.294449090305754,Regresión lineal
157392,2026-06-30,2026-12-31,6,10.165043847793697,Regresión lineal
157489,2026-06-30,2026-12-31,6,68.69593196463066,Regresión lineal
157771,2026-06-30,2026-12-31,6,146.9186813728933,Regresión lineal
157772,2026-06-30,2026-12-31,6,103.0585400532419,Regresión lineal
157778,2026-06-30,2026-12-31,6,62.04909384856174,Regresión lineal
157831,2026-06-30,2026-12-31,6,99.50034667683295,Regresión lineal
157832,2026-06-30,2026-12-31,6,58.41913207585876,Regresión lineal
157950,2026-06-30,2026-12-31,6,118.76252297975323,Regresión lineal
158026,2026-06-30,2026-12-31,6,42.379199953502884,Regresión lineal
158027,2026-06-30,2026-12-31,6,30.41030835854842,Regresión lineal
158123,2026-06-30,2026-12-31,6,109.25850476670955,Regresión lineal
158124,2026-06-30,2026-12-31,6,26.301060840404205,Regresión lineal
158346,2026-06-30,2026-12-31,6,32.05187987768667,Regresión lineal
158399,2026-06-30,2026-12-31,6,40.181800167556915,Regresión lineal
158400,2026-06-30,2026-12-31,6,97.90230732865403,Regresión lineal
158872,2026-06-30,2026-12-31,6,337.2321096300377,Regresión lineal
159118,2026-06-30,2026-12-31,6,219.52265467165813,Regresión lineal
159120,2026-06-30,2026-12-31,6,307.68252748680607,Regresión lineal
159121,2026-06-30,2026-12-31,6,23.025546427887164,Regresión lineal
159122,2026-06-30,2026-12-31,6,64.25282998504193,Regresión lineal
159209,2026-06-30,2026-12-31,6,155.17829089901971,Regresión lineal
159256,2026-06-30,2026-12-31,6,11.367078848423603,Regresión lineal
159268,2026-06-30,2026-12-31,6,65.17699342084487,Regresión lineal
159697,2026-06-30,2026-12-31,6,41.320218243056466,Regresión lineal
159698,2026-06-30,2026-12-31,6,497.60425287962266,Regresión lineal
159700,2026-06-30,2026-12-31,6,48.595199621385945,Regresión lineal
159701,2026-06-30,2026-12-31,6,32.27659271513852,Regresión lineal
159825,2026-06-30,2026-12-31,6,84.62718254139781,Regresión lineal
159827,2026-06-30,2026-12-31,6,31.950852558270185,Regresión lineal
159828,2026-06-30,2026-12-31,6,48.08491364137123,Regresión lineal
160013,2026-06-30,2026-12-31,6,217.9928191822671,Regresión lineal
160137,2026-06-30,2026-12-31,6,82.85631687517287,Regresión lineal
160138,2026-06-30,2026-12-31,6,199.1875202904924,Regresión lineal
160139,2026-06-30,2026-12-31,6,32.220333227029556,Regresión lineal
160140,2026-06-30,2026-12-31,6,78.24608571645993,Regresión lineal
160141,2026-06-30,2026-12-31,6,48.246688319559816,Regresión lineal
160142,2026-06-30,2026-12-31,6,15.142362337150018,Regresión lineal
160265,2026-06-30,2026-12-31,6,377.8925344713971,Regresión lineal
160419,2026-06-30,2026-12-31,6,38.348716665795074,Regresión lineal
160420,2026-06-30,2026-12-31,6,47.046437656747344,Regresión lineal
160503,2026-06-30,2026-12-31,6,57.90162219890047,Regresión lineal
160504,2026-06-30,2026-12-31,6,24.319654971319665,Regresión lineal
160685,2026-06-30,2026-12-31,6,73.2753762464754,Regresión lineal
160837,2026-06-30,2026-12-31,6,416.2381032276586,Regresión lineal
160838,2026-06-30,2026-12-31,6,37.85490180829084,Regresión lineal
160839,2026-06-30,2026-12-31,6,61.87650460694802,Regresión lineal
161246,2026-06-30,2026-12-31,6,98.66721530071776,Regresión lineal
161247,2026-06-30,2026-12-31,6,36.309965575551296,Regresión lineal
161248,2026-06-30,2026-12-31,6,11.966426109773806,Regresión lineal
161350,2026-06-30,2026-12-31,6,76.44301894444024,Regresión lineal
161505,2026-06-30,2026-12-31,6,8.159880700006028,Regresión lineal
161506,2026-06-30,2026-12-31,6,118.88932667517702,Regresión lineal
161593,2026-06-30,2026-12-31,6,104.41989661562842,Regresión lineal
162191,2026-06-30,2026-12-31,6,115.95533532471215,Regresión lineal
162192,2026-06-30,2026-12-31,6,20.06429525440359,Regresión lineal
